:1000000000040020810A000015070000610A0000BA
:100010001F07000029070000330700000000000050
:10002000000000000000000000000000A50A000021
:100030003D070000000000004707000051070000D6
:100040005B070000650700006F07000079070000EC
:10005000830700008D07000097070000A10700003C
:10006000AB070000B5070000BF070000C90700008C
:10007000D3070000DD070000E7070000F1070000DC
:10008000FB070000050800000F0800001908000029
:10009000230800002D080000370800004108000078
:1000A0004B080000550800005F08000069080000C8
:1000B000730800007D080000870800009108000018
:1000C0009B080000A5080000AF080000B908000068
:1000D000C3080000CD080000D7080000E1080000B8
:1000E000EB080000F5080000FF0800000909000007
:1000F000130900001D090000270900003109000054
:100100003B0900001FB500F003F88DE80F001FBD8C
:1001100000F0ACBC40F6FC7108684FF01022401CA7
:1001200008D00868401C09D00868401C04D0086842
:1001300000F037BA9069F5E79069F9E7704770B554
:100140000B46010B184400F6FF70040B4FF0805073
:100150000022090303692403406943431D1B104621
:1001600000F048FA29462046BDE8704000F042BA47
:10017000F0B54FF6FF734FF4B4751A466E1E11E0DA
:10018000A94201D3344600E00C46091B30F8027B3B
:10019000641E3B441A44F9D19CB204EB134394B25D
:1001A00004EB12420029EBD198B200EB134002EBB2
:1001B000124140EA0140F0BDF34992B00446D1E952
:1001C0000001CDE91001FF224021684600F0F4FB58
:1001D00094E80F008DE80F00684610A902E004C8FB
:1001E00041F8042D8842FAD110216846FFF7C0FF7C
:1001F0001090AA208DF8440000F099F9FFF78AFFCB
:1002000040F6FC7420684FF01025401C0FD0206889
:1002100010226946803000F078F92068401C08D030
:100220002068082210A900F070F900F061F9A869AF
:10023000EEE7A869F5E74FF080500369406940F6A2
:10024000FC71434308684FF01022401C06D0086838
:1002500000F58050834203D2092070479069F7E788
:100260000868401C04D00868401C03D00020704778
:100270009069F9E70420704770B504460068C34DE3
:10028000072876D2DFE800F033041929631E250021
:10029000D4E9026564682946304600F062F92A46CE
:1002A0002146304600F031F9AA002146304600F0E0
:1002B00057FB002800D0032070BD00F009FC4FF46C
:1002C000805007E0201D00F040F90028F4D100F034
:1002D000FFFB60682860002070BD241D94E80700C3
:1002E000920000F03DFB0028F6D00E2070BDFFF715
:1002F000A2FF0028FAD1D4E901034FF0805100EBAE
:10030000830208694D69684382420ED840F6F8704E
:1003100005684FF010226D1C09D0056805EB8305B8
:100320000B6949694B439D4203D9092070BD55694A
:10033000F4E70168491C03D00068401C02D003E0C8
:100340005069FAE70F2070BD2046FFF735FFFFF731
:1003500072FF0028F7D1201D00F0F7F80028F2D135
:1003600060680028F0D100F0E2F8FFF7D3FE00F05B
:10037000BFF8072070BD10B50C46182802D0012028
:10038000086010BD2068FFF777FF206010BD41684E
:10039000054609B1012700E0002740F6F8742068FF
:1003A0004FF01026401C2BD02068AA68920000F065
:1003B000D7FA38B3A86881002068401C27D020688D
:1003C000FFF7BDFED7B12068401C22D026684FF051
:1003D0008050AC686D68016942695143A9420DD9EA
:1003E000016940694143A14208D92146304600F0E5
:1003F000B8F822462946304600F087F800F078F831
:100400007069D2E700F093F8FFF784FEF6E77069B1
:10041000D6E77669DBE740F6FC7420684FF01026DB
:10042000401C23D02068401C0CD02068401C1FD0EA
:100430002568206805F18005401C1BD027683879A5
:10044000AA2819D040F6F8700168491C42D001680A
:10045000491C45D00168491C3ED001680968491C07
:100460003ED00168491C39D000683EE0B069DAE747
:10047000B569DEE7B769E2E710212846FFF778FEA5
:100480003968814222D12068401C05D0D4F8001080
:1004900001F18002C03107E0B169F9E730B108CA63
:1004A00051F8040D984201D1012000E000208A4259
:1004B000F4D158B1286810B1042803D0FEE72846CB
:1004C000FFF765FF3149686808600EE0FFF722FE1C
:1004D00000F00EF87169BBE77169BFE7706904E06D
:1004E0004FF480500168491C01D000F0CBFAFEE7C0
:1004F000BFF34F8F26480168264A01F4E06111439B
:100500000160BFF34F8F00BFFDE72DE9F0411746B3
:100510000D460646002406E03046296800F054F8EF
:10052000641C2D1D361DBC42F6D3BDE8F08140F69B
:10053000FC700168491C04D0D0F800004FF48051D1
:10054000FDE54FF010208069F8E74FF080510A690F
:10055000496900684A43824201D810207047002050
:10056000704770B50C4605464FF4806608E0284693
:1005700000F017F8B44205D3A4F5806405F5805562
:10058000002CF4D170BD0000F40A0000000000202F
:100590000CED00E00400FA05144801680029FCD0C5
:1005A0007047134A0221116010490B68002BFCD0E0
:1005B0000F4B1B1D186008680028FCD0002010603D
:1005C00008680028FCD07047094B10B501221A605A
:1005D000064A1468002CFCD0016010680028FCD08A
:1005E0000020186010680028FCD010BD00E4014015
:1005F00004E5014070B50C46054600F073F810B9EB
:1006000000F07EF828B121462846BDE8704000F091
:1006100007B821462846BDE8704000F037B8000012
:100620007FB5002200920192029203920A0B000B06
:100630006946012302440AE0440900F01F0651F80C
:10064000245003FA06F6354341F82450401C8242F8
:10065000F2D80D490868009A10430860081D016827
:10066000019A1143016000F03DF800280AD00649C4
:1006700010310868029A10430860091D0868039A3F
:10068000104308607FBD00000006004030B50F4CED
:10069000002200BF04EB0213D3F800582DB9D3F8A1
:1006A000045815B9D3F808581DB1521C082AF1D3C3
:1006B00030BD082AFCD204EB0212C2F80008C3F8CD
:1006C00004180220C3F8080830BD000000E0014013
:1006D0004FF08050D0F83001082801D0002070473A
:1006E000012070474FF08050D0F83011062905D016
:1006F000D0F83001401C01D0002070470120704725
:100700004FF08050D0F830010A2801D00020704707
:100710000120704708208F490968095808471020B0
:100720008C4909680958084714208A4909680958FA
:100730000847182087490968095808473020854923
:100740000968095808473820824909680958084744
:100750003C20804909680958084740207D490968BC
:100760000958084744207B49096809580847482028
:1007700078490968095808474C207649096809589A
:10078000084750207349096809580847542071499F
:1007900009680958084758206E49096809580847E8
:1007A0005C206C4909680958084760206949096854
:1007B00009580847642067490968095808476820AC
:1007C00064490968095808476C2062490968095852
:1007D000084770205F4909680958084774205D4937
:1007E00009680958084778205A490968095808478C
:1007F0007C205849096809580847802055490968EC
:10080000095808478420534909680958084788202F
:1008100050490968095808478C204E490968095809
:10082000084790204B4909680958084794204949CE
:10083000096809580847982046490968095808472F
:100840009C204449096809580847A0204149096883
:1008500009580847A4203F49096809580847A820B3
:100860003C49096809580847AC203A4909680958C1
:100870000847B0203749096809580847B420354966
:10088000096809580847B8203249096809580847D3
:10089000BC203049096809580847C0202D4909681B
:1008A00009580847C4202B49096809580847C82037
:1008B0002849096809580847CC2026490968095879
:1008C0000847D0202349096809580847D4202149FE
:1008D000096809580847D8201E4909680958084777
:1008E000DC201C49096809580847E02019490968B3
:1008F00009580847E4201749096809580847E820BB
:100900001449096809580847EC2012490968095830
:100910000847F0200F49096809580847F4200D4995
:10092000096809580847F8200A490968095808471A
:10093000FC2008490968095808475FF48070054998
:10094000096809580847000003480449024A034B54
:100950007047000000000020000B0000000B0000AA
:1009600040EA010310B59B070FD1042A0DD310C82C
:1009700008C9121F9C42F8D020BA19BA884201D97E
:10098000012010BD4FF0FF3010BD1AB1D30703D0C6
:10099000521C07E0002010BD10F8013B11F8014B7C
:1009A0001B1B07D110F8013B11F8014B1B1B01D198
:1009B000921EF1D1184610BD02F0FF0343EA032254
:1009C00042EA024200F005B87047704770474FF0A6
:1009D00000020429C0F0128010F0030C00F01B800C
:1009E000CCF1040CBCF1020F18BF00F8012BA8BF1A
:1009F00020F8022BA1EB0C0100F00DB85FEAC17CDE
:100A000024BF00F8012B00F8012B48BF00F8012B90
:100A100070474FF0000200B51346944696462039C1
:100A200022BFA0E80C50A0E80C50B1F12001BFF4A7
:100A3000F7AF090728BFA0E80C5048BF0CC05DF80D
:100A400004EB890028BF40F8042B08BF704748BF5B
:100A500020F8022B11F0804F18BF00F8012B7047CF
:100A6000014B1B68DB6818470000002009480A4951
:100A70007047FFF7FBFFFFF745FB00BD20BFFDE719
:100A8000064B1847064A1060016881F308884068E1
:100A900000470000000B0000000B000017040000DE
:100AA000000000201EF0040F0CBFEFF30881EFF3ED
:100AB0000981886902380078182803D100E0000015
:100AC000074A1047074A12682C3212681047000084
:100AD00000B5054B1B68054A9B58984700BD0000B0
:100AE0007703000000000020F00A0000040000006E
:100AF000001000000000000000FFFFFF0090D00386
:100B0000FFFFFFFFFFFFFFFFFFFFFFFFFFFFFFFFF5
:100B1000FFFFFFFFFFFFFFFFFFFFFFFFFFFFFFFFE5
:100B2000FFFFFFFFFFFFFFFFFFFFFFFFFFFFFFFFD5
:100B3000FFFFFFFFFFFFFFFFFFFFFFFFFFFFFFFFC5
:100B4000FFFFFFFFFFFFFFFFFFFFFFFFFFFFFFFFB5
:100B5000FFFFFFFFFFFFFFFFFFFFFFFFFFFFFFFFA5
:100B6000FFFFFFFFFFFFFFFFFFFFFFFFFFFFFFFF95
:100B7000FFFFFFFFFFFFFFFFFFFFFFFFFFFFFFFF85
:100B8000FFFFFFFFFFFFFFFFFFFFFFFFFFFFFFFF75
:100B9000FFFFFFFFFFFFFFFFFFFFFFFFFFFFFFFF65
:100BA000FFFFFFFFFFFFFFFFFFFFFFFFFFFFFFFF55
:100BB000FFFFFFFFFFFFFFFFFFFFFFFFFFFFFFFF45
:100BC000FFFFFFFFFFFFFFFFFFFFFFFFFFFFFFFF35
:100BD000FFFFFFFFFFFFFFFFFFFFFFFFFFFFFFFF25
:100BE000FFFFFFFFFFFFFFFFFFFFFFFFFFFFFFFF15
:100BF000FFFFFFFFFFFFFFFFFFFFFFFFFFFFFFFF05
:100C0000FFFFFFFFFFFFFFFFFFFFFFFFFFFFFFFFF4
:100C1000FFFFFFFFFFFFFFFFFFFFFFFFFFFFFFFFE4
:100C2000FFFFFFFFFFFFFFFFFFFFFFFFFFFFFFFFD4
:100C3000FFFFFFFFFFFFFFFFFFFFFFFFFFFFFFFFC4
:100C4000FFFFFFFFFFFFFFFFFFFFFFFFFFFFFFFFB4
:100C5000FFFFFFFFFFFFFFFFFFFFFFFFFFFFFFFFA4
:100C6000FFFFFFFFFFFFFFFFFFFFFFFFFFFFFFFF94
:100C7000FFFFFFFFFFFFFFFFFFFFFFFFFFFFFFFF84
:100C8000FFFFFFFFFFFFFFFFFFFFFFFFFFFFFFFF74
:100C9000FFFFFFFFFFFFFFFFFFFFFFFFFFFFFFFF64
:100CA000FFFFFFFFFFFFFFFFFFFFFFFFFFFFFFFF54
:100CB000FFFFFFFFFFFFFFFFFFFFFFFFFFFFFFFF44
:100CC000FFFFFFFFFFFFFFFFFFFFFFFFFFFFFFFF34
:100CD000FFFFFFFFFFFFFFFFFFFFFFFFFFFFFFFF24
:100CE000FFFFFFFFFFFFFFFFFFFFFFFFFFFFFFFF14
:100CF000FFFFFFFFFFFFFFFFFFFFFFFFFFFFFFFF04
:100D0000FFFFFFFFFFFFFFFFFFFFFFFFFFFFFFFFF3
:100D1000FFFFFFFFFFFFFFFFFFFFFFFFFFFFFFFFE3
:100D2000FFFFFFFFFFFFFFFFFFFFFFFFFFFFFFFFD3
:100D3000FFFFFFFFFFFFFFFFFFFFFFFFFFFFFFFFC3
:100D4000FFFFFFFFFFFFFFFFFFFFFFFFFFFFFFFFB3
:100D5000FFFFFFFFFFFFFFFFFFFFFFFFFFFFFFFFA3
:100D6000FFFFFFFFFFFFFFFFFFFFFFFFFFFFFFFF93
:100D7000FFFFFFFFFFFFFFFFFFFFFFFFFFFFFFFF83
:100D8000FFFFFFFFFFFFFFFFFFFFFFFFFFFFFFFF73
:100D9000FFFFFFFFFFFFFFFFFFFFFFFFFFFFFFFF63
:100DA000FFFFFFFFFFFFFFFFFFFFFFFFFFFFFFFF53
:100DB000FFFFFFFFFFFFFFFFFFFFFFFFFFFFFFFF43
:100DC000FFFFFFFFFFFFFFFFFFFFFFFFFFFFFFFF33
:100DD000FFFFFFFFFFFFFFFFFFFFFFFFFFFFFFFF23
:100DE000FFFFFFFFFFFFFFFFFFFFFFFFFFFFFFFF13
:100DF000FFFFFFFFFFFFFFFFFFFFFFFFFFFFFFFF03
:100E0000FFFFFFFFFFFFFFFFFFFFFFFFFFFFFFFFF2
:100E1000FFFFFFFFFFFFFFFFFFFFFFFFFFFFFFFFE2
:100E2000FFFFFFFFFFFFFFFFFFFFFFFFFFFFFFFFD2
:100E3000FFFFFFFFFFFFFFFFFFFFFFFFFFFFFFFFC2
:100E4000FFFFFFFFFFFFFFFFFFFFFFFFFFFFFFFFB2
:100E5000FFFFFFFFFFFFFFFFFFFFFFFFFFFFFFFFA2
:100E6000FFFFFFFFFFFFFFFFFFFFFFFFFFFFFFFF92
:100E7000FFFFFFFFFFFFFFFFFFFFFFFFFFFFFFFF82
:100E8000FFFFFFFFFFFFFFFFFFFFFFFFFFFFFFFF72
:100E9000FFFFFFFFFFFFFFFFFFFFFFFFFFFFFFFF62
:100EA000FFFFFFFFFFFFFFFFFFFFFFFFFFFFFFFF52
:100EB000FFFFFFFFFFFFFFFFFFFFFFFFFFFFFFFF42
:100EC000FFFFFFFFFFFFFFFFFFFFFFFFFFFFFFFF32
:100ED000FFFFFFFFFFFFFFFFFFFFFFFFFFFFFFFF22
:100EE000FFFFFFFFFFFFFFFFFFFFFFFFFFFFFFFF12
:100EF000FFFFFFFFFFFFFFFFFFFFFFFFFFFFFFFF02
:100F0000FFFFFFFFFFFFFFFFFFFFFFFFFFFFFFFFF1
:100F1000FFFFFFFFFFFFFFFFFFFFFFFFFFFFFFFFE1
:100F2000FFFFFFFFFFFFFFFFFFFFFFFFFFFFFFFFD1
:100F3000FFFFFFFFFFFFFFFFFFFFFFFFFFFFFFFFC1
:100F4000FFFFFFFFFFFFFFFFFFFFFFFFFFFFFFFFB1
:100F5000FFFFFFFFFFFFFFFFFFFFFFFFFFFFFFFFA1
:100F6000FFFFFFFFFFFFFFFFFFFFFFFFFFFFFFFF91
:100F7000FFFFFFFFFFFFFFFFFFFFFFFFFFFFFFFF81
:100F8000FFFFFFFFFFFFFFFFFFFFFFFFFFFFFFFF71
:100F9000FFFFFFFFFFFFFFFFFFFFFFFFFFFFFFFF61
:100FA000FFFFFFFFFFFFFFFFFFFFFFFFFFFFFFFF51
:100FB000FFFFFFFFFFFFFFFFFFFFFFFFFFFFFFFF41
:100FC000FFFFFFFFFFFFFFFFFFFFFFFFFFFFFFFF31
:100FD000FFFFFFFFFFFFFFFFFFFFFFFFFFFFFFFF21
:100FE000FFFFFFFFFFFFFFFFFFFFFFFFFFFFFFFF11
:100FF000FFFFFFFFFFFFFFFFFFFFFFFFFFFFFFFF01
:10100000B00F0020D1AE0100C1B0000037AE01002A
:10101000C1B00000C1B00000C1B00000000000007D
:101020000000000000000000000000005DAF0100B3
:10103000C1B0000000000000C1B00000C1B000005D
:10104000C5AF0100CBAF0100C1B00000C1B00000CE
:10105000C1B00000C1B00000C1B00000C1B00000CC
:10106000D1AF0100C1B00000C1B00000D7AF010096
:10107000C1B00000DDAF0100E3AF0100E9AF010046
:10108000C1B00000C1B00000C1B00000C1B000009C
:10109000C1B00000C1B00000C1B00000C1B000008C
:1010A000C1B00000EFAF0100C1B00000C1B000004E
:1010B000C1B00000C1B00000C1B00000C1B000006C
:1010C000F5AF0100C1B00000C1B00000C1B0000028
:1010D000C1B00000C1B00000C1B00000C1B000004C
:1010E000C1B00000C1B00000C1B00000C1B000003C
:1010F000C1B00000C1B00000C1B00000C1B000002C
:10110000C1B00000C1B0000000F002F819F0CFFE3D
:101110000AA090E8000C82448344AAF10107DA4552
:1011200001D119F0C4FEAFF2090EBAE80F0013F0B6
:10113000010F18BFFB1A43F00103184730A3010049
:1011400050A301000A4410F8014B14F00F0508BF2A
:1011500010F8015B240908BF10F8014B6D1E05D083
:1011600010F8013B6D1E01F8013BF9D1641E03D05C
:10117000641E01F8015BFBD19142E4D3704700008B
:101180000023002400250026103A28BF78C1FBD890
:10119000520728BF30C148BF0B6070471FB500F031
:1011A00003F88DE80F001FBD19F07EBE70B51B4C13
:1011B00005460A202070A01C00F0D7F85920A08016
:1011C00029462046BDE8704006F012BF06F020BF59
:1011D00070B50C461249097829B1A0F160015E2969
:1011E00008D3012013E0602804D0692802D043F21C
:1011F00001000CE020CC0B4E94E80E0006EB8000C2
:10120000A0F58050241FD0F8806E2846B04720609B
:1012100070BD0120704706207047000008000020C4
:101220001C00002024B001003249884201D2012074
:1012300070470020704770B50446A0F500002E4EA0
:10124000B0F1786F02D23444A4F5000429488442F6
:1012500001D2012500E0002500F043F848B125B98E
:10126000B44204D32548006808E0012070BD002086
:1012700070BD002DF9D1B442F9D321488442F6D291
:10128000F3E710B50446A0F50000B0F1786F03D283
:1012900019480444A4F5000400F023F84FF08041FD
:1012A00030B11648006804E08C4204D2012003E00B
:1012B00013488442F8D2002080F0010010BD10B520
:1012C00020B1FFF7DEFF08B1012010BD002010BDE6
:1012D00010B520B1FFF7AFFF08B1012010BD00200D
:1012E00010BD084808490068884201D101207047B4
:1012F0000020704700C001000000002020000020F6
:10130000080000205C000020BEBAFECA10B50446EA
:101310000021012000F042F800210B2000F03EF8EF
:101320000021082000F03AF80421192000F036F8D6
:1013300004210D2000F032F804210E2000F02EF8D8
:1013400004210F2000F02AF80421C84300F026F8F9
:101350000621162000F022F80621152000F01EF8C4
:101360002046FFF723FF002010BD4FF4817101805C
:101370007047FFF72BBF1148704710487047104A5D
:1013800010B514680E4B0F4A08331A60FFF720FFA0
:101390000B48001D046010BD704770474907090ED7
:1013A000002804DB00F1E02080F80014704700F012
:1013B0000F0000F1E02080F8141D704703F900428F
:1013C000100502400100000130B5FF4D0446062C17
:1013D000A9780ED2DFE804F0030E0E0E0509FFDF38
:1013E00008E0022906D0FFDF04E0032902D0FFDF76
:1013F00000E0FFDFAC7030BDF34810B5407E41081F
:10140000F14800F11A0005D00DF068FBBDE810406E
:1014100006F08EBC0DF049FBF8E730B50446A1F1AB
:1014200020000D460A2847D2DFE800F005070C1916
:10143000202532373C41FFDF3FE0207820283CD197
:10144000FFDF3AE0E0488078052836D0207824286D
:1014500033D0252831D023282FD0FFDF2DE020786E
:1014600022282AD0232828D8FFDF26E02078222827
:1014700023D0FFDF21E0207822281ED024281CD092
:1014800026281AD0272818D0292816D0FFDF14E0E4
:101490002078252811D0FFDF0FE0207825280CD0F8
:1014A000FFDF0AE02078252807D0FFDF05E020785D
:1014B000282802D0FFDF00E0FFDF257030BD1FB518
:1014C0000022ADF800200C88ADF802404B88ADF842
:1014D0000430CA88ADF808208988ADF806100021CC
:1014E000ADF80A10ADF80C1080B14FF6FF70062170
:1014F000844201D1ADF80210834201D1ADF804104D
:10150000824203D14FF44860ADF8080068460DF000
:10151000E2FB06F00DFC04B010BD70B514460D469C
:101520000646FFF788FE60B90DB1A54201D90C202F
:1015300070BD002409E000BF56F82400FFF77BFED1
:1015400008B1102070BD641CE4B2AC42F4D300209A
:1015500070BD2DE9F04105461F4690460E46002419
:101560000068FFF7B5FE30B9A98828680844401E16
:10157000FFF7AEFE10B11020BDE8F081286800280A
:10158000A88802D0B84202D850E00028F4D0092040
:10159000F2E72968085DB8B1671CCA5D152A2ED02C
:1015A0003CDC152A3AD2DFE802F039122222282840
:1015B0002A2A313139393939393939393939220019
:1015C000085D30BB641CA4B2A242F9D833E0022803
:1015D000DDD1A01C085C88F80000072801D2400774
:1015E00001D40A20C8E7307840F0010015E0C1437B
:1015F000C90707E0012807D010E00620BCE7010773
:10160000A1F180510029F5D01846B5E7307881075F
:1016100001D50B20B0E740F0020030702868005D73
:10162000384484B2A888A04202D2B0E74FF44853AD
:1016300082B2A242ADD800209EE710B502785408CD
:1016400009D0012243F20223012C07D0022C0DD035
:10165000032C13D10FE00020087005E080790324EB
:10166000B4EB901F0AD10A70002010BD8079B2EB54
:10167000901F03D1F7E780798009F4D0184610BD98
:1016800008B500208DF800004F4890F8221051B1A5
:1016900090F8230002280FD003280FD0FFDF00BFEF
:1016A0009DF8000008BD48486946193001F0CCF9A2
:1016B0000028F5D0FFDFF3E7032000E001208DF8DC
:1016C0000000EDE738B50C460546694601F0BCF967
:1016D00000280DD19DF80010207861F3470020709C
:1016E00055F8010FC4F80100A888A4F805000020EF
:1016F00038BD38B51378C0B1022816D033A46D4672
:10170000246800944C7905EB9414247864F347031F
:10171000137003280ED003F0FE0010700868C2F8A2
:1017200001008888A2F8050038BD23F0FE0313707D
:101730000228EED1D8B240F00100EEE702210EF00F
:10174000E7BC38B50C460978222901D2082038BDFB
:10175000ADF800008DF8022068460DF0FEF906F0A5
:10176000E7FA050003D121212046FFF756FE28465F
:1017700038BD1CB500208DF80000CDF80100ADF893
:101780000500114890F82200022801D0012000E055
:1017900000208DF8070068460DF048FA002800D0B8
:1017A000FFDF1CBD2DE9FF478CB00025BDF834607C
:1017B00082461C4690468DF81C50700703D5606821
:1017C000FFF739FD90B903E09C0100200302FF01FF
:1017D000FE4F4FF0010997F8220058B197F8230007
:1017E000022807D16068FFF773FD18B1102010B010
:1017F000BDE8F087300702D5A089802815D870078A
:1018000004D4B8F1000F01D0387E70B1E07DC0F390
:1018100000108DF81B00617D072041B1012906D021
:101820000229E4D00429E2D117E00720DFE78DF890
:1018300017908DF819908DF81580606878B107A918
:10184000FFF7FBFE0028D2D1606850F8011FCDF8E9
:101850000F108088ADF8130005E00620C7E7CDF82B
:101860000F50ADF81350E07B0028F6D1207C002803
:10187000F3D1607C0028F0D1A07C0028EDD1E07C81
:10188000C006EAD18DF800A0BDF83400ADF8020022
:10189000A0680190A0680290CDA0D0E90010CDE929
:1018A0000A10E07C0AA901EB501000788DF80C00BA
:1018B000FFF7E6FE8DF80D009DF81C008DF80E0078
:1018C0008DF818508DF816508DF81A5009A96846F1
:1018D0000DF050FA06F02CFA89E7F0B58FB000242D
:1018E0008DF830408DF814408DF8344006468DF860
:1018F0002840019402940394049419B10FC901ADD6
:1019000085E80F00B14DA878052801D004280CD136
:1019100001986968884200D120B90398E968884233
:1019200003D110B108200FB0F0BD1F273B460DAA10
:1019300005A903A8FFF70DFE0028F4D13B460AAA2B
:101940000CA901A8FFF705FE0028ECD19DF81400B2
:10195000C00701D00A20E6E7A88A410708D4A97D7C
:1019600031B19DF82810890702D043F20120DAE74F
:101970009DF82810C90709D0400707D4288818B156
:1019800044F25061884201D90720CCE78DF8184015
:101990008DF81960BDF80800ADF81A00019807909D
:1019A00006A80DF0F2F906F0C3F90028BBD18DF8B6
:1019B00020408DF82160BDF81000ADF8220003989A
:1019C000099008A80DF003FA06F0B2F90028AAD190
:1019D00001AC2D1D94E80F0085E80F000020A2E760
:1019E00070B50646FFF7AAFE054606F083FB040025
:1019F00000D1FFDF6680207820F00F00801C20F0EF
:101A0000F000203020700320207295F83E006072B4
:101A1000BDE8704006F072BB2DE9F04385B00400CC
:101A200000D1FFDF2078694E20F00F00801C20F0ED
:101A3000F0007030207060680178C91F14292AD224
:101A4000DFE801F04DF3290AF3F33AF2292966F2AF
:101A5000F2F129F2F2F0EFF286883046FFF76EFEDF
:101A60000546304608F0D9F8C0B16068807985F83D
:101A70003E0021212846FFF7D0FC304603F002FA51
:101A8000304604F0C1FB3146012012F073F9A87F03
:101A900020F01000A87705B0BDE8F083207820F092
:101AA000F00020302070032020726680606880790A
:101AB000607206F023FBDCE785882846FFF73EFED0
:101AC00000B9FFDF60688078012800D0FFDF606820
:101AD000817905B02846BDE8F04308F066BA8688EB
:101AE0003046FFF72BFE050000D1FFDF06F006FBB6
:101AF00060683146C08828816068008968816068B4
:101B00004089A881012012F035F90020A875C2E7AC
:101B1000807828B10228BED03C28BCD0FFDFBAE7CD
:101B200006F0ECFA6568A879AD1C00B9FFDFF7781C
:101B3000B5F80290B046384606F073F8060000D1BA
:101B4000FFDF0022022148460EF0D9FA040000D13E
:101B5000FFDF22212046FFF760FCA17F012060F318
:101B60000101A177298B2181698B6181A98BA181D9
:101B700084F822708DF80800B0680090F068019039
:101B80006A46032148460EF0BAFA00B9FFDFB08872
:101B9000ADF81000B0788DF8120004AA052148466F
:101BA0000EF0ADFA00B9FFDFB088ADF80C00F078A8
:101BB0008DF80E0003AA042148460EF0A0FA00B9E1
:101BC000FFDF062105F1120006E000009C01002065
:101BD000070605040302010000F053FF30B36879E3
:101BE000800700D5FFDF6979E07D61F34700E0758C
:101BF000D5F80600A0616889A083062105F10C00D4
:101C000000F03FFFE0B198F819104A08617862F3DC
:101C100047016170D8F81A10C4F80210B8F81E0015
:101C200017E028E020E033E02DE017E0E07D20F031
:101C3000FE00801CE075D5F81200A061E88ADBE7A1
:101C4000607820F0FE00801C6070E868C4F8020034
:101C5000288AE0800320FFF7B7FB1CE705B0204689
:101C6000BDE8F04301F092BC06F048FA16F8240FE4
:101C700040F0020005E006F041FA16F8240F40F0AB
:101C80000400307007E705B0BDE8F04306F036BA4F
:101C9000B178052909D00429DFD106F02FFA0220F6
:101CA00005B0BDE8F043FFF78FBB80780028D4D0A3
:101CB000F07800F0B0FE06F021FA0320F0E72DE9FD
:101CC000F047054600780027000991460C463E463D
:101CD000012871D0022870D007280AD00A286DD0B8
:101CE000FFDF00BFA9F800600CB1278066800020EC
:101CF0007EE5D5F804C0DFF8508804F108009CF8B0
:101D000000204FF0010AD21F4FF6FF71142A76D23D
:101D1000DFE802F00AF9F9F9F9F9F91DF9F926C035
:101D2000889DF91061D476EE12271026BCF80400C5
:101D30002146F3E01C270A26ECB3BCF80200A08081
:101D4000686800792072686840796072CAE71B276A
:101D5000092684B30320207268684088A080C1E708
:101D60009CF802103C29BDD010272C260CF1020C47
:101D70000CB3BCF80210A180BCF818106182BCF84A
:101D800018102182BCF81A10A182BCF81C10E18244
:101D90009CF8053002460CF106011846FFF7A9FC35
:101DA0009CF8040001289DD184F80FA00020207623
:101DB00008F1040003E00BE0A8E0B2E0EAE090E8FC
:101DC0000E00D8F81000C4E90930C4E9071289E709
:101DD000A9F800608BE720271126002CF8D0A180FD
:101DE000686804F10A02807820726868807A6072FC
:101DF00069680B1DC8781946FFF77BFC72E782E023
:101E000021270A26002CE3D0BCF80200A0806868D5
:101E10000079207268684079607298F8241021F087
:101E2000040162E022270B26002CD1D0BCF804006C
:101E3000A0806868807820726868807900F030FE41
:101E400060726868C07900F02BFEA0724AE726270E
:101E50001C26002CBCD0A1806868C07860726868BD
:101E60008079A07208F1040090E80E00D8F8100004
:101E7000C4E90530C4E90312686880783C2803D0BF
:101E8000432804D0FFDF2DE784F808A02AE70220CA
:101E9000207227E724271026002C99D0BCF80200D6
:101EA000A0806868007920816868007A608168682D
:101EB000C088A08168684089E08113E72327102645
:101EC000002C85D0BCF80200A08068688088208142
:101ED0006868C088608168680089A08168684089F6
:101EE000E08198F8241021F0020188F82410F9E626
:101EF0002F272A26002C86D0A18069682222891CDF
:101F00000BF039FAEEE64A46214644E0287A0228E8
:101F100001D0FFDFE6E612271026688800F09EFD5C
:101F2000E0E6287AB0B3012835D0022833D0032860
:101F300001D0FFDFD6E611270926002C8AD0B5F89C
:101F400002804046FFF7FAFB90F822A0A4F8048034
:101F5000687A2072042140460EF0ECF805214046D4
:101F60000EF0E8F8002140460EF0E4F8012140466A
:101F70000EF0E0F8032140460EF0DCF80221404666
:101F80000EF0D8F8062140460EF0D4F8504600F086
:101F900042FDA7E6FFE72846BDE8F04701F02CBC6C
:101FA00070B5012801D0FFDF70BD8DB22846FFF764
:101FB000C5FB040000D1FFDF20782128F4D006F013
:101FC00099F880B1017821F00F01891C21F0F0010E
:101FD000103101700221017245800020A075BDE81A
:101FE000704006F08BB821462846BDE870401322A9
:101FF000FFF7A7BB2DE9F04116460C00804600D143
:10200000FFDF307820F00F00801C20F0F00010304F
:1020100030702078022802D0FFDFBDE8F081404612
:10202000FFF78CFB050000D1FFDFA1884FF6FF70A2
:102030000027814202D1E288824203D0814201D14D
:10204000E08840B106F05AF894E80F00083686E8B8
:102050000F00AF75E1E7A87D0128DED178230022CB
:10206000414611F0DDFD0220A875D6E738B50C46D3
:1020700024283CD006DC20280CD021280CD0222893
:1020800006D12FE0252826D0262819D03F2836D083
:10209000072038BD062038BD6068FFF710F9A0B9E9
:1020A000618820886A460DF00AF805F041FE002894
:1020B000F1D161680029EED0BDF800200A8038BD5A
:1020C000206820B1FFF704F908B1102038BD204680
:1020D0000DF0B2F80FE0A07800F0010120880DF0BB
:1020E0001FF808E00868BDE8384001F0BABD618813
:1020F00020880CF07DFFBDE8384005F019BE087857
:1021000000F001008DF8000068460CF0DBFD05F0E2
:102110000FFE38BD70B505460C460846FFF7B1F80E
:1021200008B1102070BD202D07D0212D0DD0222DFB
:102130000BD0252D09D0072070BD2088A11C0CF0E4
:102140005BFDBDE8704005F0F3BD062070BDFE48A4
:102150001930704708B528220021FB480BF035F9EB
:102160000120FFF731F9F84968461A3105F058FFA8
:10217000F5489DF80020417E62F3470121F00101FE
:102180004176002180F822104FF461710184022110
:1021900080F82310FFF730F900B1FFDF00F0AEFC4C
:1021A00001F0C6F908BD10B50C46402200212046BA
:1021B0000BF00BF9A07F20F00300A0772020207007
:1021C0000020A07584F8230010BD70472DE9FC4164
:1021D0000746FFF730F810B11020BDE8FC81DA4E59
:1021E00006F11901D6F819000090B6F81D50ADF8A7
:1021F0000450F47F8DF806403846FFF763FA002854
:10220000EBD1FFF7F9F80028E7D0009946F8191F3D
:10221000B580B471E1E710B50446FFF732F808B1B4
:10222000102010BDC848C8492246407E1A314008D7
:10223000FFF75FFA002010BD3EB504460D46084684
:10224000FFF71FF808B110203EBD14B143F204009F
:102250003EBDBD488078052803D0042801D0082061
:102260003EBD694602A80BF036FB2A4669469DF83A
:102270000800FFF73EFA00203EBDFEB50D46040003
:102280004FF0000711D00822FFF747F9002811D1BD
:10229000002608E054F826006946FFF7CEF900282A
:1022A00008D1761CF6B2AE42F4D30CF053FB10B159
:1022B00043F20320FEBDA44E3776FCB100271AE09E
:1022C00054F8270002A9FFF7B8F900B1FFDF9DF825
:1022D00008008DF8000054F8270050F8011FCDF8D1
:1022E00001108088ADF8050068460CF058FB00B17D
:1022F000FFDF7F1CFFB2AF42E2D335760020FEBD88
:102300002DE9F0478AB01546894604001DD00F46D6
:1023100008222946FFF701F9002810D1002612E013
:1023200054F826006946103000F08EFB002806D1D4
:102330003FB157F82600FEF77EFF10B110200AB01B
:10234000D6E4761CF6B2AE42EAD30026A5F1010827
:102350001CE000BF06F1010A0AF0FF0712E000BF0F
:1023600054F82600017C4A0854F827100B7CB2EB85
:10237000530F05D10622113011310AF0CFFF58B1A9
:102380007F1CFFB2AF42EBD30AF0FF064645E1DB0C
:102390004E4624B1012003E043F20520CFE70020A0
:1023A0000CF01CFB10B90CF025FB10B143F204201B
:1023B000C5E75CB300270DF1170825E054F82700A6
:1023C0006946103000F040FB00B1FFDF54F82700F1
:1023D000102250F8111FCDF801108088ADF80500CB
:1023E00054F827100DF107000AF0C5FF96B156F812
:1023F0002710102240460AF0BEFF68460CF0B4FADF
:1024000000B1FFDF7F1CFFB2AF42D7D3FFF7B1F9B6
:10241000002094E7404601F018FCEEE730B585B0A7
:102420000446FEF708FF18B96068FEF751FF10B1C7
:10243000102005B030BD60884AF2B811884206D835
:102440002078414D28B1012806D0022804D0072069
:10245000EFE7FEF7D1FF18E06078022804D00328E8
:1024600002D043F20220E4E785F82300C1B2002045
:102470000090ADF8040002292CD0032927D0FFDFFB
:1024800068460CF02BFB05F053FC0028D1D16068A6
:1024900001F0CEFB207858B101208DF800000DF13D
:1024A000010001F0D2FB68460CF093FE00B1FFDFA3
:1024B000207885F82200FFF75CF9608860B12884F5
:1024C00080B20CF083FA00B1FFDF0020B1E78DF895
:1024D0000500D5E74020FAE74FF46170EFE710B54B
:1024E0000446FEF7CEFE20B9606838B1FEF7E7FE7D
:1024F00008B1102010BD606801F0A7FB124830F849
:10250000201F6180C178617080782070002010BD2C
:102510002DE9F843144689460646FEF7B2FEB8B9DF
:102520004846FEF7D5FE98B92046FEF7D1FE78B9A9
:10253000054DA878012800D154B13178FF2909D080
:1025400061B143F2040001E09C010020BDE8F88382
:102550001020F8E7012801D00420F4E7CCB30528C7
:1025600011D004280FD06946204600F0A4FA0028B4
:10257000E9D1217D49B1012909D0022909D00329D6
:1025800009D00720DFE70820DDE7024604E001224A
:1025900002E0022200E00322804623461746002084
:1025A0000099FFF7FFF80028CDD1A0892880A07BF3
:1025B000E875BDF80000A882AF75BDF800100907E6
:1025C00001D5A18931B1A1892980C00704D0032098
:1025D00003E006E08021F7E70220FEF7F5FE86F82B
:1025E00000804946BDE8F8430020FFF776B92DE9A1
:1025F000FC41FF4C06460D46A078022803D0032874
:1026000001D00820E9E516B143F20400E5E5062013
:102610000DF032FD10B9A078032849D00FF098FCD6
:10262000074610F0F7FE381A00F0FF0806200DF0FC
:102630001BFD074606200DF01FFD391AA07804285F
:1026400009D000221144A8EB010111F0FF0F04D0C2
:10265000032804D00DE00122F4E71320BDE528464D
:1026600005F0DFFA10B3407810B3284605F0E4FD1A
:10267000E570FFF705F80BF070F801208DF8000009
:102680008DF801008DF802602088ADF80400E07D2F
:102690008DF8060068460CF06EFC05F049FB00283A
:1026A000B0D1A078032805D0042010E0052094E5DF
:1026B000122092E5E07805F0B4FA040000D1FFDFC3
:1026C000607800B9FFDF6078401E60700520FEF77B
:1026D0007BFE002081E51CB510B143F204001CBD57
:1026E000C34CA078042803D0052801D008201CBDC5
:1026F00000208DF8000001218DF801108DF80200F6
:1027000068460CF038FC05F013FB0028EFD1A078E8
:10271000052805D05FF00200FEF756FE00201CBD24
:10272000E07800F078F90320F6E72DE9FC418046D7
:102730000D4603260846FEF7CBFD08B110204CE5F8
:102740004046FEF7FBFF040004D02078222804D284
:10275000082042E543F202003FE5A07F00F00307B6
:102760003DB1012F0AD000202946FEF7A8FE060041
:10277000E5D1012F04D0FFDF30462EE50120F3E73D
:10278000A07D2946022801D011B107E0112024E5DF
:10279000684600F0E7FA0028D1D16946404607F0C4
:1027A000E4FB0600E8D10120A075E5E770B50C4612
:1027B0000546FEF7C3FF010005D022462846BDE8C6
:1027C0007040FEF7BEBF43F2020070BD10B5012895
:1027D00007D1874B9B78012B00D011B143F2040045
:1027E00010BD0CF025F9BDE8104005F0A1BA012399
:1027F00000F01BB900231A46194600F016B970B54F
:10280000064615460C460846FEF73BFD18B9284615
:10281000FEF737FD08B1102070BD2A46214630462C
:102820000CF035FC05F084FA0028F5D121787F29D9
:10283000F2D1052070BD7CB505460C460846FEF772
:10284000FAFC08B110207CBD2846FEF777FF20B1C6
:102850000078222804D208207CBD43F202007CBD0F
:10286000634890F82400400701D511207CBD2178F1
:10287000C80802D16078C20801D007207CBD890851
:1028800001D1800801D006207CBDADF80050207831
:102890008DF8020060788DF803000220ADF8040086
:1028A00068460BF02BFF05F043FA7CBD70B586B08F
:1028B00014460D460646FEF741FF28B1007822284F
:1028C00005D2082006B070BD43F20200FAE72846A0
:1028D000FEF7FEFC20B944B12046FEF7F0FC08B13B
:1028E0001020EFE700202060A080414890F82400ED
:1028F000800701D51120E5E703A930460BF03BFF27
:1029000018B100BF05F014FADCE7ADF80060BDF8BF
:102910001400ADF80200BDF81600ADF80400BDF8D3
:102920001000BDF81210ADF80600ADF808107DB12A
:10293000298809B1ADF80610698809B1ADF802100F
:10294000A98809B1ADF80810E98809B1ADF80410FB
:10295000DCB1BDF80610814201D9081A2080BDF80B
:102960000210BDF81400814201D9081A6080BDF838
:102970000800BDF80410BDF816200144BDF812008F
:102980001044814201D9081AA08068460BF090FFDC
:10299000B8E770B505460C460846FEF772FC08B16C
:1029A000102070BD214628460CF068F9BDE8704043
:1029B00005F0BEB93EB505460C460846FEF761FC7B
:1029C00008B110203EBD0020009001900290ADF8AB
:1029D00000502089ADF8080020788DF8020060686A
:1029E00001902089ADF808006089ADF80A0001E087
:1029F0009C01002068460CF04FF905F099F93EBDA6
:102A00000EB5ADF800000020019068460CF044F9C6
:102A100005F08EF90EBD10B505F003F9040000D1E4
:102A2000FFDF6078401C607010BD1CB5ADF8000081
:102A30008DF802308DF803108DF8042068460CF0F4
:102A4000F5FA05F075F91CBD0278520804D0012A88
:102A500002D043F202207047FEF7EFBD70B50C00C4
:102A600006460DD0FEF76AFE050000D1FFDFA68006
:102A700028892081288960816889A081A889E081CE
:102A800070BD10B500231A4603E0845C2343521C3A
:102A9000D2B28A42F9D30BB1002010BD012010BD83
:102AA00000B530B1012803D0022801D0FFDF00209B
:102AB00000BDFF2000BD00220A8092B222F0600219
:102AC0000A800078062817D2DFE800F0160306090E
:102AD0000C1142F0110007E042F01D0009E042F045
:102AE000150006E042F0100040F0020001E042F064
:102AF000100008800020704707207047FD48002123
:102B000001604160018170472DE9FF4F93B09B4602
:102B1000209F160004460DD01046FEF78CFB18B11E
:102B2000102017B0BDE8F08F31460120FEF7C7FC3A
:102B30000028F6D101258DF842504FF4C050ADF871
:102B40004000002210A9284603F024FE0028E8D106
:102B50008DF84250A8464FF428500025ADF84000AB
:102B60001C222946684607950AF02FFC9DF81C0098
:102B70000DF11C0A20F00F00401C20F0F000103076
:102B80008DF81C0020788DF81D0061789DF81E00DE
:102B90000DF1400961F3420040F001008DF81E0084
:102BA0009DF8000008AA40F002008DF8000020897E
:102BB000ADF83000ADF832506089ADF83400CDF892
:102BC0002CA060680E900AA9CDF82890684603F002
:102BD000D6FB0028A5D16068FEF771FB40B16068A4
:102BE000FEF776FB20B9607800F00300022801D0E0
:102BF000012000E00020BF4C08AA0AA92072BDF8FD
:102C0000200020808DF8428042F60120ADF840007F
:102C10009DF81E0020F00600801C20F001008DF8B9
:102C20001E000220ADF83000ADF8340014A80E905C
:102C3000684603F0A4FB002889D1BDF8200060801D
:102C400036B1211D304600F059F90028C2D109E003
:102C5000BBF1000F05D00AF033F9E8BB0AF030F9F8
:102C6000D0BBA58017B1012F43D04AE08DF8428038
:102C700042F6A620ADF8400046461C2200216846D8
:102C800007950AF0A2FB9DF81C00ADF8346020F017
:102C90000F00401C20F0F00010308DF81C009DF853
:102CA0001D0020F0FF008DF81D009DF81E0020F093
:102CB000060040F00100801C8DF81E009DF8000009
:102CC0008DF8446040F002008DF80000CDE90A9ACA
:102CD000ADF8306011A800E011E00E9008AA0AA932
:102CE000684603F04CFB0028A6D1BDF82000E08028
:102CF00008E00AF0E5F810B90AF0E2F808B103209C
:102D00000FE7E58000200CE73EB50446794D08202A
:102D1000ADF80000A88828B12046FEF78CFA18B15B
:102D200010203EBD06203EBD21460120FEF7C7FB18
:102D30000028F8D12088ADF804006088ADF80600BE
:102D4000A088ADF80800E088ADF80A00A88801ABBB
:102D50006A46002103F01AFFBDF800100829E2D0EE
:102D600003203EBD7FB5634D0446A88868B10020AE
:102D700002900820ADF80800CDF80CD02046FEF7F0
:102D80005AFA20B1102004B070BD0620FBE7A988D4
:102D900002AA4FF6FF7004F03BF90028F3D1BDF80A
:102DA0000810082901D00320EDE7BDF800102180AC
:102DB000BDF802106180BDF80410A180BDF80610B6
:102DC000E180E0E701B582B00220ADF8000049489B
:102DD00002AB6A464088002103F0D8FEBDF800101F
:102DE000022900D003200EBD1CB500210091022154
:102DF000ADF800100190FEF744FA08B110201CBD98
:102E00003C486A4641884FF6FF7004F001F9BDF86E
:102E100000100229F3D003201CBDFEB5354C064638
:102E20001546207A0F46C00705D00846FEF703FA7C
:102E300018B11020FEBD0F20FEBDF82D01D90C20C9
:102E4000FEBD3046FEF7F7F918BB208801A902F055
:102E500098FF0028F4D130788DF80500208801A96A
:102E600003F072FE0028EBD100909DF800009DF861
:102E7000051040F002008DF80000090703D040F073
:102E800008008DF800002088694603F0FAFD00284C
:102E9000D6D1ADF8085020883B4602AA002103F0A5
:102EA00075FEBDF80810A942CAD00320FEBD7CB54E
:102EB00005460020009001900888ADF800000C46FF
:102EC00028460195FEF7FBF918B92046FEF7D9F917
:102ED00008B110207CBD15B1BDF8000060B10548F7
:102EE0006A4601884FF6FF7004F092F8BDF80010B2
:102EF00021807CBDC40100200C20FAE730B50446D7
:102F000093B000200D4601460090142201A80AF05B
:102F10005CFA1C22002108A80AF057FA9DF800006C
:102F2000CDF808D020F00F00401C20F0F000103049
:102F30008DF800009DF8010006AA20F0FF008DF832
:102F400001009DF8200001A940F002008DF820004A
:102F500001208DF8460042F60420ADF8440011A887
:102F600001902088ADF83C006088ADF83E00A08854
:102F7000ADF84000E088ADF842009DF8020020F076
:102F80000600801C20F001008DF802000820ADF83A
:102F90000C00ADF810000FA8059008A803F0EFF999
:102FA000002803D1BDF818002880002013B030BDE0
:102FB0000A4810B5046809490948083108600FF04B
:102FC000DAFE0648001D046010BD064900200860B6
:102FD0004FF0E0210220C1F8800270471005024046
:102FE00001000001FC1F004070B50C46054608F0CA
:102FF000C7FB21462846BDE8704009F0A8BC000088
:103000002CFFFFFFDBE5B15100C001000201FFFF13
:103010007100000090D76A00773D4B16B620AFF9DB
:10302000F4D1D1B6F33F7AC76170DB6D10B50446B9
:10303000FEF701F908B1102010BD2078C0F302108E
:10304000042807D86078072804D3A178102901D86C
:10305000814201D2072010BDE078410706D42179D2
:103060004A0703D4000701D4080701D5062010BD84
:10307000002010BD70B514460D46064605F03AF81E
:1030800080B10178182221F00F01891C21F0F00194
:10309000A03100F8081B21460AF06DF9BDE8704028
:1030A00005F02CB829463046BDE870401322FEF7E3
:1030B00048BB2DE9F047064608A8904690E8300442
:1030C00089461F461422002128460AF07EF9002175
:1030D000CAF80010B8F1000F03D0B9F1000F03D106
:1030E00014E03878C00711D02068FEF7CAF8C0BBDA
:1030F000B8F1000F07D12068123028602068143022
:1031000068602068A8602168CAF8001038788007D5
:1031100024D56068FEF7D3F818BBB9F1000F21D0B1
:10312000FFF715F80168C6F868118188A6F86C11D8
:10313000807986F86E0101F034FAF84FEF6062682A
:1031400062B196F8680106F2691140081032FEF784
:10315000D0FA1022394660680AF00DF90020BDE867
:10316000F08706E0606820B1E8606068C6F8640136
:10317000F4E71020F3E730B5054608780C4620F058
:103180000F00401C20F0F001103121700020607011
:1031900095F8230030B104280FD0052811D0062857
:1031A00014D0FFDF20780121B1EB101F04D295F875
:1031B000200000F01F00607030BD21F0F0002030D2
:1031C00002E021F0F00030302070EBE721F0F00059
:1031D0004030F9E7F0B591B0022715460C46064697
:1031E0003A46ADF80870092103AB05F08CFD049058
:1031F000002810D004208DF804008DF80170E03410
:10320000099605948DF818500AA968460EF07BFCC3
:1032100000B1FFDF012011B0F0BD2DE9F84F0646E7
:10322000808A0C4680B28246FEF788FA0546BB4F7C
:103230003078203F4FF002094FF000080F287CD271
:10324000DFE800F07BA39D082C5B6A7CBADAFD976F
:1032500048979700012150460CF05AFF040000D116
:10326000FFDF97F85C00C00701D0386E0BE0032148
:1032700004F11D0010F097FAD4F81D00A849B0FB26
:10328000F1F201FB1200C4F81D0070686067B068BD
:10329000A0672878252872D0FFDF70E00121504612
:1032A0000CF036FF060000D1FFDF3078810702D531
:1032B0002978252904D040F001003070BDE8F88F4E
:1032C00084F80090307F207106F11D002D36C4E98E
:1032D0000206F3E7012150460CF01AFF050000D169
:1032E000FFDF2878C10604D5072020703D356560D2
:1032F000E4E740F008002870E0E7E87F000700D529
:10330000FFDF307CB28800F0010301B05046BDE819
:10331000F04F092106F08BBD05B9FFDF716821B1BF
:10332000102205F124000AF026F828212846FEF78D
:1033300074F8307A85F82000C0E7F7E001215046A4
:103340000CF0E6FE050000D1FFDF022105F185004B
:1033500010F029FA0420207005F5B4706060B5F80B
:10336000850020826D4810387C356561C4E90270A3
:10337000A4E7012150460CF0CBFE00B9FFDF324636
:1033800029465046BDE8F84F74E605B9FFDF2878B6
:10339000212893D93079012803D1E87F40F0080033
:1033A000E877324629465046FFF764FE2846BDE8D6
:1033B000F84F2321FEF731B83279A28004F10803D7
:1033C0000921504605F09FFCE06010B105202070F7
:1033D00074E74546012150460CF09AFE040000D1E6
:1033E000FFDF04F1620102231022081F0CF029FD07
:1033F00005703179417061E7012150460CF088FE7B
:10340000040000D1FFDF94F8840000F003000128DD
:1034100059D1E87F10F0010003D194F8A010C9073A
:103420002AD0D4F8602132B394F88330117C63F34E
:1034300087011174AA7FD30963F3410100E071E0B1
:10344000D4F860211174D4F8602160F30001117484
:1034500090B1D4F86001102205F12401883409F0FC
:103460008AFF207E40F001002076207820F00100C5
:1034700004F8880919E0C0B994F88810C90714D075
:10348000D4F85C218AB194F88330117C63F387010E
:103490001174AA7FD309D4F85C2163F3410111743C
:1034A000D4F85C2160F30001117494F8880080075F
:1034B00009D594F87C00D4F86421400804F17D011A
:1034C0001032FEF716F98DF8009094F884006A46E1
:1034D00000F003008DF8010094F888108DF80210B8
:1034E00094F8A0008DF803002946504601F042F8F8
:1034F0002878252805D0212807D0FFDF2878222822
:1035000003D922212846FDF788FF012150460CF0FF
:1035100011FE00283FF4DDAEFFDFCFE6F001002012
:1035200040420F00716881F80180C7E6FFDFC5E601
:1035300070B5FE4C002584F85C5025660EF0AFFA9D
:1035400004F11001204604F091FD84F8305070BD64
:1035500070B50D46FEF7F2F8040000D1FFDF4FF41E
:10356000B8720021284609F030FF2434012105F10A
:10357000E0002C610EF094FA002800D0FFDF70BD4F
:103580000A46014602F1E0000EF0ABBA70B50546FE
:10359000406886B00178082906D00B2933D00C2961
:1035A0002FD0FFDF06B070BD46883046FEF7C6F864
:1035B000040000D1FFDF20782128F3D028281BD178
:1035C000686802210C3000F0A0FFA8B168680821EB
:1035D000001D00F09AFF78B104F1240130460BF091
:1035E000CCFC04F0A5FB00B1FFDF06B02046BDE82F
:1035F00070402921FDF711BF06B0BDE8704004F00E
:103600007DBD01218171686886883046FEF796F895
:10361000040000D1FFDF20782128C3D068688179B9
:1036200009B1807808B1FFDFBCE704F067FDA07F37
:10363000000622D5E07FC00705D094F8200000F0F6
:103640001F00102817D0052084F82300207829288F
:1036500015D02428A6D13146042010F08BFB22215E
:103660002046FDF7DAFE012130460CF063FD00280C
:1036700098D0FFDF96E70620E6E70420E4E7012183
:1036800030460CF045FD050000D1FFDF2521204626
:10369000FDF7C3FE03208DF80000694605F1E00048
:1036A0000EF016FA0228BFD00028BDD0FFDF79E760
:1036B0002DE9F04788B09A46164688468146FEF7BF
:1036C0003DF805003AD02878222837D3232835D072
:1036D000E87F000732D40027012148460CF018FD8E
:1036E000040005D10121002248460CF008FD0446E3
:1036F000694600F066FF009800B9FFDF00983CB112
:10370000E03404612878222804D0242802D005E07F
:10371000076103E025212846FDF77FFE009801217F
:103720004170C0F824908680C0E9028A01A90EF099
:10373000EAF9022802D0002800D0FFDF08B00EE529
:1037400070B586B00546FDF7F9FF0078222814D938
:10375000012128460CF0DCFC04002CD1FFDF2AE01C
:10376000B4F85E0004F1620630440178427829B171
:1037700021462846FFF72EFDB0B913E7ADF8042027
:103780000921284602AB05F0BEFA03900028F4D0C8
:1037900005208DF80000694604F1E0000EF098F96C
:1037A000022801D000B1FFDF02231022314604F1CC
:1037B0005E000CF07CFBB4F860000028D0D1F1E68C
:1037C00010B586B00446FDF7B9FF0078222811D95C
:1037D000012120460CF09CFC040000D1FFDF0620F4
:1037E0008DF80000694604F1E0000EF071F9002840
:1037F00000D0FFDF06B010BD2DE9F84F0546007878
:103800000C460027010904F1080090463E46BA46DE
:10381000009002297ED0072902D00A2909D142E06E
:1038200068680178082905D00B292CD00C292AD0EA
:10383000FFDF72E114271C26002C6CD04088A0808A
:10384000FDF77CFF5FEA000900D1FFDF99F8170060
:1038500009F118014008009AFDF74BFF686880895C
:10386000208268684168C4F812108068C4F81600A5
:10387000A07E20F0060040F00100A07699F81E001E
:1038800040F020014FE01A270A26002CD5D080886E
:10389000A080FDF753FF050000D1FFDF2846009907
:1038A000FFF769FC39E10CB1A88BA080287A4FF0B2
:1038B000010B0B287ED006DC01287CD0022808D022
:1038C000032804D137E00D2876D00E2875D0FFDF0D
:1038D00023E11E270926002CAFD0A088FDF72EFF7C
:1038E0005FEA000900D1FFDF287B00F00300012818
:1038F000207A1DD020F001002072297B890861F315
:1039000041002072297BC90861F382002072297B63
:10391000090901E0F7E0AEE061F3C300207299F815
:103920001E0040F0400189F81E10F6E0D001002092
:1039300040F00100E0E713270D26002CA6D0A08858
:10394000FDF7FCFE81460121A0880CF0E1FB05009B
:1039500000D1FFDF686F817801F003010129217A2E
:1039600050D021F00101217283789B0863F341015B
:1039700021728378DB0863F38201217283781B094B
:1039800063F3C3012172037863F306112172437854
:1039900063F3C711217284F809A0C178A17202797A
:1039A000E17A62F30001E1720279520862F34101A7
:1039B000E17203E029E067E04EE05FE002799208FF
:1039C00062F38201E1720279D20862F3C301E1720B
:1039D0004279217B62F3000121734279520862F33C
:1039E000410121734279920862F382012173407987
:1039F000C00860F3C301217399F8000023282AD975
:103A0000262139E041F00101ADE71827102694B3D3
:103A1000A088FDF793FE00900121A0880CF078FBB0
:103A20005FEA000900D1FFDFE868A06099F80000B4
:103A300040F0040189F8001099F80100800708D5CA
:103A400084F80CB000980078232866D927210098C4
:103A500052E084F80CA060E015270F265CB1A08826
:103A6000FDF76CFE81460622E868009909F00BFD1F
:103A700084F80EB085E042E048463DE0162709266E
:103A8000ECB3287B207248E0287B19270E26B4B3BC
:103A9000C4F808A0A4F80CA0012807D0022808D078
:103AA00003280CD004280AD0FFDF15E084F808B002
:103AB00001E002202072607A20F003000BE0697BB5
:103AC000042801F00F0141F080012172F3D1607AE6
:103AD00020F00300401C6072A088FDF72FFE054611
:103AE0000078212819D0232800D0FFDF0121A088E9
:103AF0000CF020FB22212846FDF78FFC0DE0FFE7AC
:103B0000A8F800600EE00CB16888A080287A10B395
:103B1000012809D002283AD0FFDFA8F800600CB1D4
:103B200027806680002007E415270F26002CE7D0A9
:103B3000A088FDF703FE0121A0880CF0E9FA05003A
:103B400000D1FFDFD5F81D000622009909F09BFC8B
:103B500084F80EA0E1E717270926002CD0D0A08812
:103B6000FDF7ECFD81460121A0880CF0D1FA05009B
:103B700000D1FFDF6878800701D5022000E0012036
:103B8000207299F800002328C7D9272174E7192744
:103B90000E26002CB4D0A088FDF7D0FD5FEA000906
:103BA00000D1FFDFC4F808A0A4F80CA084F808A096
:103BB000A07A40F00300A07299F81E10C90961F3C1
:103BC0008200A07299F81F2099F81E1012EAD11FE6
:103BD00005D099F8201001F01F01102925D020F000
:103BE0000800A07299F81F10607A61F3C300607238
:103BF000697A01F0030101298FD140F0040060725D
:103C0000E87A217B60F300012173AA7A607B62F37A
:103C100000006073EA7A520862F341012173A97AC5
:103C2000490861F34100607377E740F00800D8E786
:103C300010B5F84C30B10146102204F1200009F013
:103C40009AFB012084F8300010BD10B5044600F046
:103C5000A8FCF04920461022BDE81040203109F0B0
:103C60008ABB70B5EB4D06004FF0000412D0FDF793
:103C7000E2FA08B110240BE00621304609F0EAFB15
:103C8000411C04D02866012085F85C0000E0072470
:103C9000204670BD0020F7E7007810F00F0204D036
:103CA000012A05D0022A0CD110E0000909D10AE04E
:103CB0000009012807D0022805D0032803D00428D2
:103CC00001D0072070470870002070470620704719
:103CD00005282AD2DFE800F003070F171F00087835
:103CE00020F0FF001EE0087820F00F00401C20F0BC
:103CF000F000103016E0087820F00F00401C20F093
:103D0000F00020300EE0087820F00F00401C20F07A
:103D1000F000303006E0087820F00F00401C20F062
:103D2000F0004030087000207047072070472DE9F0
:103D3000F043804687B00D464FF000090846FDF776
:103D4000C7FAA8B94046FDF7F9FC060003D0307861
:103D500022280BD104E043F2020007B0BDE8F08353
:103D600035B1B07FC10601D4000703D50820F4E7C0
:103D70001020F2E7F07F000701D50D20EDE70027C6
:103D8000012140460CF0C4F9040006D101210022B3
:103D900040460CF0B4F9040005D0694600F011FC6F
:103DA000009818B901E00420D7E7FFDF009802214E
:103DB000E0344170C0F82480446107810121017121
:103DC000297801F00102017E62F3010101762A786F
:103DD000520862F3820101762A78920862F3C301E5
:103DE00001762A78D20862F3041101762421304644
:103DF000FDF713FB01A900980DF085FE022801D004
:103E000000B1FFDF4846A8E72DE9FF4F0E46824983
:103E1000904697B09A4607C914AB4FF0000983E863
:103E200007001798FDF78AFC050006D02878262899
:103E300006D008201BB0BDE8F08F43F20200F9E77E
:103E400026B94046FFF7F2F80028F3D10121179870
:103E50000CF05EF9040000D1FFDF852E27D007DCCF
:103E6000EEB1812E1DD0822E1DD0832E08D11CE0F4
:103E7000862E1ED0882E1ED0892E1ED08A2E1ED0B1
:103E80000F2020710F281CD004F034F9D8B1012084
:103E90008DF83400201D0E902079B0B126E100206D
:103EA000EFE70120EDE70220EBE70320E9E705203B
:103EB000E7E70620E5E70820E3E70920E1E70A2035
:103EC000DFE70720B6E71120B4E798F80000D4E94F
:103ED0001D764208A87F002162F3C710A87798F8E2
:103EE00000008208E87F62F30000E87798F800009D
:103EF000C209607862F34100607098F8000002091E
:103F0000207862F34710207098F80000C2086078AB
:103F100062F30000607098F80100607198F800008A
:103F200000F00102B07862F30100B070AA7FD209FC
:103F300062F38200B070EA7F62F3C300B07062780F
:103F400062F30410B0702278C0F3C00052093270DE
:103F50006278C2F34002727098F80220F2707171B8
:103F60003171B978C1F3C00108405FEA000B2ED06F
:103F70005046FDF760F978BBDAF80C00FDF75BF905
:103F800050BBDAF81C00FDF756F928BBDAF80C0034
:103F9000A060DAF81C00E06060787A7842EA5001AC
:103FA00061F341006070B978C0B200EA111161F3A9
:103FB000000060700020207705F117006061681C28
:103FC000A061B07800F00300012806D046E06078D8
:103FD0007A7802EA5001E3E719E0B87800F00300CC
:103FE00001283BD1321D711D404600F099FA31790C
:103FF000387901408DF8281070797A7910408DF861
:10400000300001432AD05046FDF715F930B1102099
:1040100010E70000D001002098B101000AF1100063
:1040200004F5AE7304F18C028DE80D0000210AAB9B
:104030005A462046FFF73DF80028E9D104F5B07252
:1040400004F1A403CDF800A0CDE9013201210CABAD
:104050005A462046FFF72DF80028D9D1607880070E
:1040600022D4B078B978C0F38000C1F3800108434E
:104070001AD0307814AA397832F810204B00DA4080
:1040800002F00309B9F1030F01D14FF00209BBF1AE
:10409000000F09D0012801D0042805D1012901D041
:1040A000042901D14FF00409A87F40F08000A877CF
:1040B000E97F6BF30001E9776078800706D503207C
:1040C000A071BBF1000F11D100202CE00220B9F14A
:1040D000020F1AD0B9F1010F19D0B9F1040F2AD08B
:1040E0000020A071A87F20F08000A8772521284615
:1040F000FDF793F90DA904F1E0000DF0E9FC10B112
:10410000022800D0FFDF002094E6A071DCE7A07158
:104110000D22002104F1200009F057F9207840F029
:104120000200207001208DF84C0013AA2946179830
:1041300000F020FADAE70120A071D7E72DE9F0437B
:1041400087B09046894604460025FDF7F7FA070038
:1041500004D03878272804D00820FEE543F2020076
:10416000FBE5012120460BF0D3FF040000D1FFDF67
:10417000A6795FEA090005D0012821D0B9F1020F24
:1041800026D110E0B8F1000F22D1012E05D0022E69
:1041900005D0032E05D0FFDF2EE00C252CE00125F5
:1041A0002AE0022528E04046FDF745F8B0B9032E85
:1041B0000ED11022414604F11D0009F0DCF81BE08D
:1041C000012E02D0022E03D104E0B8F1000F13D06B
:1041D0000720C2E54046FDF72EF808B11020BCE5E7
:1041E0001022002104F11D0009F0EFF806214046DD
:1041F00009F030F9C4F81D002078252140F00200B4
:1042000020703846FDF709F92078C10713D020F057
:104210000100207002208DF8000004F11D000290C2
:104220008DF804506946C3300DF052FC022803D0CB
:1042300010B1FFDF00E0257700208EE530B587B0B4
:104240000D460446FDF77AFA60B1012120460BF0D5
:104250005FFF04000CD02846FCF7EDFF28B11020CA
:1042600007B030BD43F20200FAE72078400701D4DE
:104270000820F5E7294604F13D002022054609F013
:104280007AF8207840F01000207001070FD520F058
:104290000800207007208DF80000694604F1E00056
:1042A00001950DF015FC022801D000B1FFDF0020C0
:1042B000D6E770B50D460646FDF740FA18B100780E
:1042C000272817D102E043F2020070BD01213046D9
:1042D0000BF01EFF040000D1FFDFA079022809D1F6
:1042E0006078C00706D02A4621463046FEF772FFA6
:1042F00010B10FE0082070BDB4F860000E280BD29A
:1043000004F1620102231022081F0BF09AFD012123
:1043100001704570002070BD112070BD70B506465B
:1043200014460D460846FCF786FF18B92046FCF7F0
:10433000A8FF08B1102070BDA6F57F40FF380ED051
:104340003046FDF7FBF938B1417822464B08811C15
:104350001846FDF7CEF907E043F2020070BD204693
:10436000FDF759FF0028F9D11021E01D0FF01BFACD
:10437000E21D294604F1170000F033F9002070BD5A
:104380002DE9F04104468AB015460E46002708463E
:10439000FCF79EFF18B92846FCF79AFF18B11020C9
:1043A0000AB0BDE8F0812046FDF7C8F95FEA0008D1
:1043B00004D098F80000272810D102E043F2020050
:1043C000EEE7012120460BF0A3FE040000D1FFDF41
:1043D0002078400702D56078800701D40820DFE705
:1043E000D4E91D01497801B18DB1407800B176B1B1
:1043F000ADB1EA1D06A8E16800F0F3F8102206A9A5
:1044000005F1170008F08AFF18B1042707E007201C
:10441000C6E71022E91D04F12D0008F0ACFF2EB113
:104420001022F11D04F11D0008F0A5FF20782521C0
:1044300040F0020020704046FCF7EFFF2078C107F3
:1044400015D020F00100207002208DF8000004F14A
:104450001D000290103003908DF804706946B3304F
:104460000DF036FB022803D010B1FFDF00E0277704
:10447000002095E770B50D4606460BB1072070BDCC
:10448000FDF75CF9040007D02078222802D3A07F32
:10449000800604D4082070BD43F2020070BDADB1A7
:1044A000294630460AF069FD03F042FC297C4A089F
:1044B000A17F62F3C711A177297CE27F61F300023B
:1044C000E277297C890884F8201004E030460AF05D
:1044D00077FD03F02DFCA17F21F02001A17770BDB5
:1044E00070B50D46FDF72AF9040005D02846FCF703
:1044F000C8FE20B1102070BD43F2020070BD2946F5
:104500002046FEF738FE002070BD04E010F8012BB5
:104510000AB100207047491E89B2F7D201207047C6
:1045200010B5C4780B7864F300030B70C47864088A
:1045300064F341030B70C478A40864F382030B7026
:10454000C478E40864F3C3030B700379117863F350
:104550000001117003795B0863F341011170037965
:104560009B0863F3820111700079C00860F3C301F6
:10457000117010BD70B51546064603F0BBFD040072
:1045800000D1FFDF207820F00F00801C20F0F00029
:104590002030207066802868A060BDE8704003F07D
:1045A000ADBD10B5134C94F83000002808D104F1CB
:1045B0002001A1F110000DF0CDFA012084F83000A7
:1045C00010BD10B190F8B9202AB10A4890F8350012
:1045D00018B1002003E0B83001E00648343008602C
:1045E000704708B50023009313460A460BF08FFF6F
:1045F00008BD0000D0010020F0B5007B059F1E46DD
:1046000014460D46012800D0FFDF0C2030803A20F0
:104610003880002C08D0287A032806D0287B01286F
:1046200000D0FFDF17206081F0BDA889FBE72DE9EE
:10463000F0470D4686B095F80C900E991446B9F1E6
:10464000010F0BD01022007B2E8A9046052807D040
:10465000062839D0FFDF06B0BDE8F0870222F2E776
:10466000E8890C2200EB400002EB40001880332068
:104670000880002CEFD0E8896081002720E00096B8
:10468000688808F1020301AA696900F097FF06EB48
:104690000800801C07EB470186B204EB4102BDF81D
:1046A00004009081F848007808B1012300E000235D
:1046B0000DF1060140460E320DF0B5FA7F1CBFB277
:1046C0006089B842DBD8C6E734200880E889B9F1B0
:1046D000010F11D0122148430E301880002CBAD09F
:1046E000E88960814846B9F1010F00D002202073AB
:1046F00000270DF1040A1FE00621ECE70096688808
:1047000008F1020301AA696900F058FF06EB0800EE
:10471000801C86B2B9F1010F12D007EBC70004EB81
:104720004000BDF80410C18110220AF102011030CE
:1047300008F021FE7F1CBFB26089B842DED88AE74C
:1047400007EB470104EB4102BDF80400D0810AF1F8
:104750000201404610320DF088FAEBE72DE9F047F0
:104760000E4688B090F80CC096F80C80378AF58910
:104770000C20DFF81493109902F10C04BCF1030F24
:1047800008D0BCF1040F3DD0BCF1070F75D0FFDF9E
:1047900008B061E705EB850C00EB4C001880312078
:1047A0000880002AF4D0A8F1060000F0FF0A558125
:1047B00024E01622002101A808F007FE0097708867
:1047C000434601AA716900F0F9FEBDF8040020809B
:1047D000BDF80600E080BDF80800208199F80000CF
:1047E00008B1012300E00023A21C0DF10A0150468C
:1047F0000DF019FA07EB080087B20A346D1EADB24E
:10480000D7D2C5E705EB850C00EB4C0018803220B1
:104810000880002ABCD0A8F1050000F0FF0A5581ED
:1048200037E000977088434601AA716900F0C6FE20
:104830009DF80600BDF80410E1802179420860F37C
:10484000000162F34101820862F38201C20862F34F
:10485000C301020962F30411420962F3451182099E
:1048600062F386112171C0096071BDF807002081D3
:1048700099F8000010B1012301E00EE00023224668
:104880000DF1090150460DF0CEF907EB080087B293
:104890000A346D1EADB2C4D27AE7A8F1020084B228
:1048A00005FB08FC0CF10E00188035200880002A5A
:1048B000A7D05581948100971FFA8CF370880E322F
:1048C000716900F07BFE63E72DE9F84F1E460A9DF3
:1048D0000C4681462AB1607A00F58070D080E0896C
:1048E000108199F80C000C274FF000084FF00E0AC9
:1048F0000D2872D2DFE800F09D070E1B272F3745E9
:10490000546972727200214648460095FFF774FEA2
:10491000BDE8F88F207B9146082802D0032800D0FC
:10492000FFDF3780302009E0A9F80A80F0E7207B1C
:104930009146042800D0FFDF378031202880B9F16C
:10494000000FF1D1E4E7207B9146042800D0FFDF7F
:1049500037803220F2E7207B9146022800D0FFDF2B
:1049600037803320EAE7207B1746022800D0FFDF9C
:104970003420A6F800A02880002FC9D0A7F80A800C
:10498000C6E7207B1746042800D0FFDF3520A6F8B5
:1049900000A02880002FBBD04046A7F80A8012E074
:1049A000207B1746052802D0062800D0FFDF102004
:1049B000308036202880002FAAD0E0897881A7F89F
:1049C0000E80B9F80E00B881A2E7207B9146072837
:1049D00000D0FFDF37803720B0E72AE04FF0120029
:1049E00018804FF038001700288091D0E089788136
:1049F000A7F80E80A7F8108099F80C000A2805D0B7
:104A00000B2809D00C280DD0FFDF81E7207B0A2876
:104A100000D0FFDF01200AE0207B0B2800D0FFDF61
:104A2000042004E0207B0C2800D0FFDF0520387331
:104A30006EE7FFDF6CE770B50C460546FCF77EFEBF
:104A400020B10078222804D2082070BD43F2020071
:104A500070BD052128460BF05BFB206008B10020EB
:104A600070BD032070BD30B44880087820F00F007E
:104A7000C01C20F0F000903001F8080B1DCA81E83E
:104A80001D0030BC03F03ABB100000202DE9FF47A9
:104A900084B00027824602970798904689461230D4
:104AA00006F05FFB401D20F00306079828B907A910
:104AB0005046FFF7C0FF002854D1B9F1000F05D0D0
:104AC0000798017B19BB052504681BE098F80000D6
:104AD000092803D00D2812D0FFDF46E007990325EF
:104AE0004868B0B3497B42887143914239D98AB250
:104AF000B3B2011D0BF091F90446078002E0079C58
:104B0000042508340CB1208810B1032D29D02CE0E5
:104B100007980121123006F056FBADF80C00024652
:104B200002AB2946504604F0EEF8070001D1A01C64
:104B3000029007983A461230C8F80400A8F802A07C
:104B400003A94046029B06F04BFBD8B10A2817D2B6
:104B500000E006E0DFE800F007091414100B0D1464
:104B60001412132014E6002012E6112010E608208B
:104B70000EE643F203000BE6072009E60D2007E6E8
:104B8000032005E6BDF80C002346CDE900702A4657
:104B90005046079900F022FD57B9032D08D1079818
:104BA000B3B2417B406871438AB2011D0BF049F9F1
:104BB000B9F1000FD7D0079981F80C90D3E72DE910
:104BC000FE4F91461A881C468A468046FAB102ABCF
:104BD000494604F098F8050019D04046A61C2788DD
:104BE0000BF0DBFB3246072629463B4600960AF0CF
:104BF000FAFF20882346CDE900504A4651464046F8
:104C000000F0ECFC002020800120BDE8FE8F002099
:104C1000FBE710B586B01C46AAB104238DF800301E
:104C20001388ADF808305288ADF80A208A788DF8DC
:104C30000E200988ADF80C1000236A462146FFF7C4
:104C400025FF06B010BD1020FBE770B50D4605210D
:104C50000BF05EFA040000D1FFDF294604F11200D8
:104C6000BDE8704006F098BA2DE9F8430D4680463D
:104C7000002603F03FFA04462878102878D2DFE8AF
:104C800000F0773B34533131123131310831313159
:104C900031312879001FC0B2022801D0102810D16C
:104CA00014BBFFDF35E004B9FFDF052140460BF000
:104CB0002FFA007B032806D004280BD0072828D021
:104CC000FFDF072655E02879801FC0B2022820D0D8
:104CD00050B1F6E72879401FC0B2022819D0102839
:104CE00017D0EEE704B9FFDF13E004B9FFDF28793E
:104CF00001280ED1172137E0052140460BF008FAB4
:104D0000070000D1FFDF07F11201404606F021FA4B
:104D10002CB12A4621464046FFF7A5FE29E0132183
:104D20004046FDF743FD24E004B9FFDF052140467E
:104D30000BF0EEF9060000D1FFDF694606F1120024
:104D400006F011FA060000D0FFDFA988172901D26A
:104D5000172200E00A46BDF80000824202D901464F
:104D600002E005E01729C5D3404600F047FCD0E734
:104D7000FFDF3046BDE8F883401D20F0030219B183
:104D800002FB01F0001D00E000201044704713B545
:104D9000009858B1002468460AF0E9FF002C04D1BD
:104DA000F749009A4A6000220A701CBD01240020C5
:104DB000F2E72DE9F0470C46154624220021204653
:104DC00008F003FB05B9FFDFA87860732888DFF8D7
:104DD000B0A3401D20F00301AF788946DAF8040043
:104DE0000AF0E3FF060000D1FFDF4FF00008266065
:104DF000A6F8008077B109FB07F1091D0AD0DAF89F
:104E000004000AF0D2FF060000D1FFDF6660C6F89A
:104E1000008001E0C4F80480298804F11200BDE894
:104E2000F04706F087B92DE9F047804601F11200FE
:104E30000D46814606F095F9401DD14F20F0030242
:104E40006E7B1446296878680AF0DAFF3EB104FBED
:104E500006F2121D03D0696878680AF0D1FF0520B8
:104E60000BF002F9044605200BF006F9201A012880
:104E700002D178680AF08EFF49464046BDE8F04707
:104E800006F06EB970B5054605210BF041F9040036
:104E900000D1FFDF04F112012846BDE8704006F0A2
:104EA00058B92DE9F04F91B04FF0000BADF828B094
:104EB000ADF804B047880C460546924605213846B1
:104EC0000BF026F9060000D1FFDF24B1A780A4F87B
:104ED00006B0A4F808B0297809220B20B2EB111F04
:104EE00073D12A7A04F1100138274FF00C084FF0E3
:104EF00012090291102A69D2DFE802F068F2F1F09B
:104F00008008D3898EA03DDCF3EEB7B7307B022852
:104F100000D0FFDFA88908EBC001ADF804103021F4
:104F2000ADF82810002C25D06081B5F80E80002740
:104F30001DE004EBC709317C89F80E10F189A9F84E
:104F40000C10CDF800806888042305AA296900F0B8
:104F500035FBBDF81410A9F8101008F10400BDF8D5
:104F600016107F1C1FFA80F8A9F81210BFB26089D2
:104F7000B842DED80CE1307B022800D0FFDFE9899F
:104F800008EBC100ADF804003020ADF8280095F81A
:104F90000C90002CA9F10400C0B20F90EAD06181FE
:104FA000B5F81080002725E0CDF8008068884B46D2
:104FB00003AA696900F002FB08EB09001FFA80F8F8
:104FC0006F48007818B1012302E0DDE0DAE0002349
:104FD00004EBC702009204A90C320F980CF023FED8
:104FE000009ABDF80C007F1C1082009ABDF80E00DC
:104FF000BFB250826089B842D6D8C9E00AA80090F2
:1050000001AB224629463046FFF711FBC0E0307B5A
:10501000082805D0FFDF03E0307B082800D0FFDF41
:10502000E8891030ADF804003620ADF82800002CD7
:105030003FD0A9896181F189A18127E0307B0928CE
:1050400000D0FFDFA88901460C30ADF804003720FE
:10505000ADF82800002C2CD06181E8890090AB8944
:10506000688804F10C02296955E0E889392110307B
:1050700080B2ADF80400ADF82810002C72D0A989D8
:105080006181287A0E280AD002212173E989E18101
:10509000288A0090EB8968886969029A3BE00121BF
:1050A000F3E70AA8009001AB224629463046FFF7F5
:1050B00055FB6DE0307B0A2800D0FFDFADF804908F
:1050C000ADF828704CB3A9896181A4F810B0A4F898
:1050D0000EB0012020735BE020E002E030E038E019
:1050E00041E0307B0B2800D0FFDF288AADF8287024
:1050F0001230ADF8040084B104212173A9896181C3
:10510000E989E181298A2182688A00902B8A68884E
:1051100004F11202696900F051FA39E0307B0C2881
:1051200000D0FFDFADF80490ADF828703CB3052146
:105130002173A4F80AB0A4F80EB0A4F810B027E0C8
:105140000AA8009001AB224629463046FFF754FAE0
:105150001EE00AA8009001AB224629463046FFF720
:10516000B3FB15E034E03B21ADF80400ADF82810A6
:1051700074B30120E080A4F808B084F80AB007E016
:1051800010000020FFDF03E0297A012917D0FFDF9C
:10519000BDF80400AAF800006CB1BDF8280020801A
:1051A000BDF804006080BDF82800392803D03C28F1
:1051B00001D086F80CB011B00020BDE8F08F3C2182
:1051C000ADF80400ADF8281014B1697AA172DFE7D8
:1051D000AAF80000EFE72DE9F84356880F4680460D
:1051E0001546052130460AF093FF040000D1FFDF89
:1051F000123400943B46414630466A6806F024F972
:10520000B8E570B50D4605210AF082FF040000D113
:10521000FFDF294604F11200BDE8704005F0AEBF83
:1052200070B50D4605210AF073FF040000D1FFDFC1
:10523000294604F11200BDE8704005F0CCBF70B5FE
:10524000054605210AF064FF040000D1FFDF04F1E8
:10525000080321462846BDE870400422AFE470B53B
:10526000054605210AF054FF040000D1FFDF214666
:1052700028462368BDE870400522A0E470B50646C4
:1052800005210AF045FF040000D1FFDF04F1120000
:1052900005F067FF401D20F0030511E0011D0088A7
:1052A0000322431821463046FFF789FC00280BD023
:1052B000607BABB2684382B26068011D0AF0F7FD03
:1052C000606841880029E9D170BD70B50E46054679
:1052D00002F010FF040000D1FFDF0120207266728F
:1052E0006580207820F00F00C01C20F0F0003030E6
:1052F0002070BDE8704002F001BF602801D0072097
:1053000070470878C54900F0010008700020704718
:105310002DE9F0438BB00D461446814606A9FFF7F0
:105320008AFB002814D14FF6FF7601274FF420584E
:105330008CB103208DF800001020ADF8100007A8F4
:10534000059007AA204604A90CF091FC78B107202B
:105350000BB0BDE8F0830820ADF808508DF80E7052
:105360008DF80000ADF80A60ADF80C800CE00698EE
:10537000A17801742188C1818DF80E70ADF80850B4
:10538000ADF80C80ADF80A606A4602214846069BDB
:10539000FFF77CFBDCE708B501228DF8022042F61E
:1053A0000202ADF800200A4603236946FFF731FCEC
:1053B00008BD08B501228DF8022042F60302ADF8BF
:1053C00000200A4604236946FFF723FC08BD00B508
:1053D00087B079B102228DF800200A88ADF8082044
:1053E0004988ADF80A1000236A460521FFF74EFBF5
:1053F00007B000BD1020FBE709B1072309E407202F
:10540000704770B588B00D461446064606A9FFF7EA
:1054100012FB00280ED17CB10620ADF808508DF8A3
:105420000000ADF80A40069B6A460821DC81304640
:10543000FFF72CFB08B070BD05208DF80000ADF81B
:105440000850F0E700B587B059B107238DF8003058
:10545000ADF80820039100236A460921FFF716FBE7
:10546000C6E71020C4E770B588B00C460646002594
:1054700006A9FFF7E0FA0028DCD1069801211230D6
:1054800005F0A1FE9CB12178062921D2DFE801F0C8
:10549000200505160318801E80B2C01EE28880B267
:1054A0000AB1A3681BB1824203D90C20C2E71020C5
:1054B000C0E7042904D0A08850B901E00620B9E76C
:1054C000012913D0022905D004291CD005292AD08E
:1054D0000720AFE709208DF800006088ADF80800CC
:1054E000E088ADF80A00A068039023E00A208DF858
:1054F00000006088ADF80800E088ADF80A00A068F8
:105500000A25039016E00B208DF800006088ADF8A6
:105510000800A088ADF80A00E088ADF80C00A0688B
:105520000B25049006E00C208DF8000060788DF8C3
:1055300008000C256A4629463046069BFFF7A6FA66
:1055400078E700B587B00D228DF80020ADF808107F
:1055500000236A461946FFF799FA49E700B587B074
:1055600071B102228DF800200A88ADF80820498820
:10557000ADF80A1000236A460621FFF787FA37E7DD
:10558000102035E770B586B0064601200D46ADF80F
:1055900008108DF80000014600236A463046FFF7E8
:1055A00075FA040008D12946304601F009FB0021B4
:1055B000304601F023FB204606B070BDF8B51C460E
:1055C00015460E46069F0AF0D6FE2346FF1DBCB2C6
:1055D00031462A4600940AF0D2FAF8BD30B411469A
:1055E000DDE902423CB1032903D0002330BC04F0C2
:1055F0001EBC0123FAE71A8030BC704770B50C4618
:105600000546FFF722FB2146284601F0E8FA284626
:10561000BDE87040012101F0F1BA00001000002047
:1056200018B18178012938D101E010207047018834
:1056300042F60112881A914231D018DC42F601027A
:10564000A1EB020091422AD00CDC41B3B1F5C05F5E
:1056500025D06FF4C050081821D0A0F57060FF3835
:105660001BD11CE001281AD002280AD117E0B0F59E
:10567000807F14D008DC012811D002280FD0032825
:105680000DD0FF2809D10AE0B0F5817F07D0A0F541
:105690008070033803D0012801D0002070470F200C
:1056A00070470A281FD008DC0A2818D2DFE800F06B
:1056B000191B1F1F171F231D1F21102815D008DCC1
:1056C0000B2812D00C2810D00D2816D00F2806D188
:1056D0000DE011280BD084280BD087280FD0032091
:1056E00070470020704705207047072070470F2043
:1056F000704704207047062070470C20704743F223
:105700000200704738B50C46050041D06946FEF7E7
:10571000C3FA002819D19DF80010607861F30200E7
:1057200060706946681CFEF7B7FA00280DD19DF835
:105730000010607861F3C5006070A978C1F3410181
:10574000012903D0022905D0072038BD217821F096
:10575000200102E0217841F020012170410704D0AE
:10576000A978C90861F386106070607810F0380F6E
:1057700007D0A978090961F3C710607010F0380FDD
:1057800002D16078400603D5207840F040002070B8
:10579000002038BD70B504460020088015466068BA
:1057A000FFF7B0FF002816D12089A189884211D8BF
:1057B00060688078C0070AD0B1F5007F0AD840F24F
:1057C0000120B1FBF0F200FB1210288007E0B1F5D8
:1057D000FF7F01D90C2070BD01F20121298000203A
:1057E00070BD10B50478137864F300031370047867
:1057F000640864F3410313700478A40864F382031B
:1058000013700478E40864F3C30313700478240964
:1058100064F3041313700478640964F3451313707C
:105820000078800960F38613137031B10878C107DE
:1058300001D1800701D5012000E0002060F3C713EB
:10584000137010BD4278530702D002F0070306E040
:1058500012F0380F02D0C2F3C20300E001234A78ED
:1058600063F302024A70407810F0380F02D0C0F3A0
:10587000C20005E0430702D000F0070000E001206D
:1058800060F3C5024A7070472DE9F04F95B00D00E6
:10589000824613D012220021284607F096FD4FF6CB
:1058A000FF7B05AA0121584607F057FB0024264636
:1058B00037464FF420586FF4205972E0102015B08D
:1058C000BDE8F08F9DF81E0001280AD1BDF81C101C
:1058D00041450BD011EB09000AD001280CD0022859
:1058E0000CD0042C0ED0052C0FD10DE0012400E0CB
:1058F0000224BDF81A6008E0032406E00424BDF881
:105900001A7002E0052400E00624BDF81A10514583
:1059100047D12C74BEB34FF0000810AA4FF0070A0D
:10592000CDE90282CDE900A80DF13C091023CDF8A4
:10593000109042463146584607F0DFFB08BBBDF8E1
:105940003C002A46C0B210A90CF08FF9C8B9AE814C
:10595000CFB1CDE900A80DF1080C0AAE40468CE8A5
:105960004102132300223946584607F0C6FB40B9CE
:10597000BDF83C00F11CC01EC0B22A1D0CF075F928
:1059800010B103209BE70AE0BDF82900E881062C4E
:1059900005D19DF81E00A872BDF81C0028810020CA
:1059A0008DE705A807F0E5FA00288BD0FFF779FE10
:1059B00085E72DE9F0471C46DDE90978DDF8209000
:1059C00015460E00824600D1FFDF0CB1208818B1C9
:1059D000D5B11120BDE8F087022D01D0012100E0F2
:1059E000002106F1140006F081F9A8F80000024633
:1059F0003B462946504603F086F9C9F8000008B92D
:105A0000A41C3C600020E5E71320E3E7F0B4144653
:105A1000DDE904528DB1002314B1022C09D101E05B
:105A2000012306E00D7CEE0703D025F001050123DC
:105A30000D742146F0BC04F0FAB91A80F0BC70472E
:105A40002DE9FE4F91461A881C468A468046FAB1D7
:105A500002AB494603F057F9050019D04046A61C91
:105A600027880AF09AFC3246072629463B460096CC
:105A70000AF0B9F820882346CDE900504A4651463D
:105A80004046FFF7C3FF002020800120BDE8FE8FC5
:105A90000020FBE72DE9F04786B082460EA890462D
:105AA00090E8B000894604AA05A903A88DE807007C
:105AB0001E462A4621465046FFF77BFF039901B157
:105AC00001213970002818D1FA4904F1140204ABFD
:105AD0000860039805998DE80700424649465046FC
:105AE00006F0B7FCA8B1092811D2DFE800F00508DC
:105AF0000510100A0C0C0E00002006B06AE71120F9
:105B0000FBE70720F9E70820F7E70D20F5E703207A
:105B1000F3E7BDF810100398CDE9000133462A469B
:105B200021465046FFF772FFE6E72DE9F04389B0C2
:105B30001646DDE910870D4681461C4614220021D9
:105B400003A807F042FC012002218DF810108DF807
:105B50000C008DF81170ADF8146064B1A278D20712
:105B600009D08DF81600E088ADF81A00A088ADF8CD
:105B70001800A068079008A80095CDE901104246DA
:105B800003A948466B68FFF785FF09B0BDE8F083BD
:105B9000F0B58BB0002406460694079407270894B6
:105BA00005A80994019400970294CDE903400D469D
:105BB00010232246304607F0A0FA78B90AA806A9B1
:105BC000019400970294CDE90310BDF8143000222F
:105BD0002946304607F02FF8002801D0FFF761FD75
:105BE0000BB0F0BD06F0C0BE2DE9FC410C4680466E
:105BF000002602F07FFA054620780D287ED2DFE8E5
:105C000000F0BC0713B325BD49496383AF959B00E2
:105C1000A848006820B1417841F010014170ADE022
:105C2000404602F099FAA9E0042140460AF070FAD1
:105C3000070000D1FFDF07F11401404605F0EBFF3C
:105C4000A5BB13214046FCF7B1FD97E00421404677
:105C50000AF05EFA070000D1FFDFE088ADF800002F
:105C60000020B8819DF80000010704D5C00602D5C8
:105C7000A088B88105E09DF8010040067ED5A08887
:105C8000F88105B9FFDF22462946404601F0C0FCF5
:105C9000022673E0E188ADF800109DF801100906B6
:105CA0000FD5072803D006280AD00AE024E00421F3
:105CB00040460AF02DFA060000D1FFDFA088F081EF
:105CC0000226CDB9FFDF17E0042140460AF020FA92
:105CD000070000D1FFDF07F1140006F07CFE90F012
:105CE000010F02D1E079000648D5387C022640F049
:105CF0000200387405B9FFDF224600E03DE0294686
:105D0000404601F085FC39E0042140460AF000FAE3
:105D1000017C002D01F00206C1F340016171017C9C
:105D200021F002010174E7D1FFDFE5E7022601213E
:105D3000404602F043FA21E0042140460AF0E8F927
:105D40000546606800902089ADF80400012269468C
:105D5000404602F054FA287C20F0020028740DE03E
:105D6000002DC9D1FFDFC7E7022600214046FFF71B
:105D700057FA002DC0D1FFDFBEE7FFDF3046BDE898
:105D8000FC813EB50C0009D001466B4601AA0020FB
:105D900007F038FA20B1FFF784FC3EBD10203EBD6D
:105DA00000202080A0709DF8050002A900F00700E7
:105DB000FDF78EFF50B99DF8080020709DF8050092
:105DC00002A9C0F3C200FDF783FF08B103203EBD66
:105DD0009DF8080060709DF80500C109A07861F386
:105DE0000410A0709DF80510890961F3C300A0702C
:105DF0009DF80410890601D5022100E0012161F31C
:105E000042009DF8001061F30000A07000203EBD2C
:105E100070B5144606460D4651EA040005D075B12A
:105E20000846FBF74CFA78B901E0072070BD294617
:105E3000304607F04EFA10B1BDE8704031E454B17D
:105E40002046FBF73CFA08B1102070BD21463046D1
:105E5000BDE8704095E7002070BD2DE9FC5F0C4661
:105E600090460546002701780822007A3E46B2EBAC
:105E7000111F7DD104F10A0100910A31821E4FF0F9
:105E8000020A04F1080B0191092A72D2DFE802F03C
:105E9000EDE005F528287BAACE00688804210AF0E9
:105EA00037F9060000D1FFDFB08928B15227072655
:105EB000C3E000003402002051271026002C7DD0C2
:105EC0006888A0800120A071A88900220099FFF7AE
:105ED0009FFF002873D1A8892081288AE081D1E022
:105EE000B5F81290072824D1E87B000621D5512768
:105EF00009F1140086B2002CE1D0A8890022009993
:105F0000FFF786FF00285AD16888A08084F806A091
:105F1000A88920810120A073288A2082A4F81290E9
:105F2000A88A009068884B46A969019A01F04CFB49
:105F3000A8E0502709F1120086B2002C3ED0A889B3
:105F400000225946FFF764FF002838D16888A080F6
:105F5000A889E080287A072813D002202073288A95
:105F6000E081E87BC0096073A4F81090A88A01E082
:105F700085E082E0009068884B4604F11202A9692E
:105F8000D4E70120EAE7B5F81290512709F114008F
:105F900086B2002C66D0688804210AF0B9F88346DE
:105FA0006888A080A88900220099FFF731FF0028A7
:105FB0006ED184F806A0A889208101E052E067E054
:105FC0000420A073288A2082A4F81290A88A009046
:105FD00068884B46A969019A01F0F6FAA989ABF8DD
:105FE0000E104FE06888FBF7A9FB0746688804217C
:105FF0000AF08EF8064607B9FFDF06B9FFDF687BB7
:10600000C00702D05127142601E0502712264CB3B6
:106010006888A080502F06D084F806A0287B5946B7
:1060200001F0E2FA2EE0287BA11DF9E7FE49A889DC
:106030004989814205D1542706269CB16888A080F1
:1060400020E053270BE06888A080A889E08019E051
:10605000688804210AF05CF800B9FFDF552708269C
:10606000002CF0D1A8F8006011E056270726002C7C
:10607000F8D06888A080002013E0FFDF02E001284C
:1060800008D0FFDFA8F800600CB1278066800020F0
:10609000BDE8FC9F57270726002CE3D06888A08026
:1060A000687AA071EEE7401D20F0030009B141437A
:1060B000091D01EB4000704713B5DB4A0020107149
:1060C000009848B10024684609F051FE002C02D126
:1060D000D64A009911601CBD01240020F4E770B578
:1060E0000D461446064686B05C220021284607F07D
:1060F0006CF904B9FFDFA0786874A278218828467B
:1061000001F09DFA0020A881E881228805F11401A0
:10611000304605F064FD6A460121304606F01DFF59
:106120001AE000BF9DF80300000715D5BDF8061062
:106130003046FFF72DFD9DF80300BDF8061040F036
:1061400010008DF80300BDF80300ADF81400FF2324
:106150003046059A07F085F8684606F00AFF0028E1
:10616000E0D006B070BD10B50C4601F1140005F08A
:106170006EFD0146627C2046BDE8104001F094BAF5
:1061800030B50446A84891B04FF6FF75C18905AAFD
:10619000284606F0E2FE30E09DF81E00A0422AD01C
:1061A00001282AD1BDF81C00B0F5205F03D042F6CB
:1061B0000101884221D1002002AB0AAA0CA901905A
:1061C00083E8070007200090BDF81A101023002272
:1061D000284606F092FF38B9BDF828000BAAC0B2D5
:1061E0000CA90BF042FD10B1032011B030BD9DF899
:1061F0002E00A04201D10020F7E705A806F0B9FE65
:106200000028C9D00520F0E770B50546042109F043
:106210007FFF040000D1FFDF04F114010C46284683
:1062200005F0F9FC21462846BDE8704005F0FABCAF
:1062300070B58AB00C460646FBF780FA050014D00C
:106240002878222827D30CB1A08890B101208DF89E
:106250000C0003208DF8100000208DF8110054B1BF
:10626000A088ADF81800206807E043F202000AB0E9
:1062700070BD0920FBE7ADF81800059004213046F9
:1062800009F046FF040000D1FFDF04F1140005F01F
:10629000F4FC000701D40820E9E701F02BFF60B10E
:1062A00008A802210094CDE9011095F8232003A944
:1062B00030466368FFF7EEFBD9E71120D7E72DE9F9
:1062C000F04FB2F802A0834689B015468946504681
:1062D000FBF734FA07460421504609F019FF00265F
:1062E000044605964FF002080696ADF81C6007B903
:1062F000FFDF04B9FFDF4146504603F0E2FE50B92C
:1063000007AA06A905A88DE807004246214650467F
:106310006368FFF74EFB444807AB0660DDE90512F2
:1063200004F11400CDF80090CDE90320CDE901314E
:1063300097F82320594650466B6805F0E7FC0600A5
:106340000AD0022E04D0032E14D0042E00D0FFDF7A
:1063500009B03046BDE8F08FBDF81C000028F7D02A
:106360000599CDE900104246214650466368FFF783
:106370004DFBEDE7687840F008006870E8E72DE92C
:10638000F04F99B004464FF000082748ADF81C8044
:10639000ADF82080ADF82480A0F80880ADF8148016
:1063A000ADF81880ADF82C80ADF82880007916463D
:1063B0000D464746012808D0022806D0032804D0FD
:1063C000042802D0082019B0C4E72046FAF733FFAA
:1063D00070BB2846FAF72FFF50BB6068FAF778FFCA
:1063E00030BB606848B160892189884202D8B1F524
:1063F000007F01D90C20E6E780460EAA06A92846B0
:10640000FFF7C8F90028DED168688078C0F3410042
:10641000022808D19DF8190010F0380F03D0286920
:10642000FAF74DFF20B904E03402002018000020E4
:1064300022E005A92069FFF765F90028C3D120698A
:1064400048B1607880079DF8150000F0380001D54C
:10645000F0B300E0E0BB9DF8140080060ED59DF877
:10646000150010F0380F03D06068FAF728FF18B94C
:106470006068FAF72DFF08B11020A4E70AA9606947
:10648000FFF740F900289ED1606940B19DF82900CE
:1064900000F0070101293CD110F0380F39D00BA9C9
:1064A000A069FFF72FF900288DD19DF828008006FC
:1064B0002FD49DF82C0080062BD4A06950B19DF8F4
:1064C0002D0000F00701012923D110F0380F00E062
:1064D0001FE01ED0E06818B10078D0B11C2818D297
:1064E0000FAA611C2046FFF77CF90121384661F3B1
:1064F0000F2082468DF85210B94642F603000F462F
:10650000ADF850000DF13F0218A928680BF0AFFB61
:1065100008B1072057E79DF8600015A9CDF8009055
:10652000C01CCDE9019100F0FF0B00230BF201220A
:10653000514614A806F03CFCF0BBBDF854000C908A
:10654000FE482A8929690092CDE901106B89BDF8BE
:1065500038202868069906F02BFC01007ED12078AF
:106560004FF0020AC10601D480062BD5CDF80C905D
:10657000606950B90AA906A8FFF764F99DF82900D7
:1065800020F00700401C8DF829009DF8280008A97C
:1065900040F0C8008DF828008DF8527042F60210C5
:1065A000ADF8500003AACDF800A0CDE901210023E9
:1065B00040F2032214A800E01EE00A9906F0F8FB5E
:1065C00001004BD1DD484D4608385B460089ADF8E7
:1065D0003D000FA8CDE90290CDF80490CDF81090C1
:1065E0004FF007090022CDF80090BDF854104FF687
:1065F000FF7006F020FB10B1FFF753F8E3E69DF8BB
:106600003C00000624D52946012060F30F218DF8B7
:1066100052704FF424500395ADF8500062789DF805
:106620000C00002362F300008DF80C006278CDF8B6
:1066300000A0520862F341008DF80C0003AACDE9D6
:10664000012540F2032214A806F0B2FB010005D197
:10665000606888B32069A8B905A900E084E006A8AD
:10666000FFF7F0F86078800706D49DF8150020F059
:1066700038008DF8150005E09DF8140040F040004A
:106680008DF814008DF8527042F60110ADF85000EC
:10669000208940F20121B0FBF1F201FB1202606897
:1066A00009ABCDF80080CDE90103002314A80599BA
:1066B00006F07EFB010057D12078C00728D0039553
:1066C000A06950B90BA906A8FFF7BCF89DF82D00EA
:1066D00020F00700401C8DF82D009DF82C008DF84F
:1066E000527040F040008DF82C0042F60310ADF8D7
:1066F000500007A903AACDF800A0CDE9012100238D
:1067000040F2032214A80B9906F052FB01002BD192
:10671000E06868B32946012060F30F218DF85270BC
:1067200042F60410ADF85000E068002302788DF8BE
:10673000582040788DF85900E06816AA4088ADF8D6
:106740005A00E06800798DF85C00E068C088ADF818
:106750005D00CDF80090CDE901254FF4027214A838
:1067600006F026FB010003D00C9800F0C9FF2AE6D2
:10677000724803210838017156B100893080BDF894
:1067800024007080BDF82000B080BDF81C00F080AF
:10679000002018E670B501258AB016460B46012880
:1067A00002D0022816D104E08DF80E504FF420508C
:1067B00003E08DF80E5042F60100ADF80C005BB11D
:1067C0000024601C60F30F2404AA08A918460BF0EB
:1067D0004EFA18B107204AE5102048E504A99DF8B3
:1067E00020205648CDE90021801E0290002321463A
:1067F00003A802F2012206F0DBFA10B1FEF751FF06
:1068000035E54E4808380EB1C18831800571002049
:106810002DE5F0B593B0074601268DF83E6041F6B0
:106820000100ADF83C0012AA0FA93046FFF7B2FFF5
:10683000002849D1414C0025083CEFB31C2200211F
:1068400002A806F0C2FD9DF808008DF83E6040F0F9
:1068500020008DF8080042F60520ADF83C000E95AA
:106860009DF83A00119520F00600801C8DF83A0042
:106870009DF838006A4620F0FF008DF838009DF83A
:10688000390009A920F0FF008DF839000420ADF887
:106890002C00ADF830000EA80A9011A80D900FA89A
:1068A0000990ADF82E5002A8FFF769FD00280BD122
:1068B000BDF80000608100E008E0BDF80400A081A0
:1068C000401CE0812571002013B0F0BD6581A581D9
:1068D000BDF84800F4E72DE9F74F1849A0B00024AF
:1068E000083917940A79A146012A04D0022A02D055
:1068F000082023B02EE5CA88824201D00620F8E79E
:1069000021988A46824201D10720F2E701202146E0
:1069100060F30F21ADF848004FF6FF780691ADF80F
:106920004A808DF86E0042F6020B8DF872401CA969
:10693000ADF86CB0ADF87040139101E03C0200205E
:10694000ADF8508012A806F043FB00252E462F46D6
:106950000DAB072212A9404606F03DFB78B10A288C
:106960005DD195B38EB3ADF86450ADF866609DF817
:106970005E008DF8144019AC012864D06BE09DF8DE
:106980003A001FB3012859D1BDF8381059451FD11D
:1069900018A809A901940294CDE9031007200090DA
:1069A000BDF8361010230022404606F0A6FBB0BB0F
:1069B000BDF86000042801D006284AD1BDF8241093
:1069C000219881423AD10F2093E73AE0012835D14E
:1069D000BDF83800B0F5205F03D042F601018842CF
:1069E0002CD1BAF80600BDF83610884201D1012733
:1069F00000E0002705B19EB1219881421ED118A860
:106A000009AA01940294CDE90320072000900D46C5
:106A100010230022404606F070FB00B902E02DE092
:106A20004E460BE0BDF86000022801D0102810D1BE
:106A3000C0B217AA09A90BF018F950B9BDF83690E1
:106A400086E7052055E705A917A8221D0BF00FF9C9
:106A500008B103204DE79DF814000023001DC2B2C9
:106A60008DF8142022980092CDE901401BA80699C8
:106A700006F09EF910B902228AF80420FEF711FEF2
:106A800037E710B50B46401E88B084B205AA002136
:106A90001846FEF7A6FE00200DF1080C06AA05A96F
:106AA00001908CE807000720009001230022214676
:106AB0004FF6FF7006F0BFF80446BDF81800012835
:106AC00000D0FFDF2046FEF7ECFD08B010BDF0B5AA
:106AD000F74F044687B038790E46032804D00428BF
:106AE00002D0082007B0F0BD04AA03A92046FEF793
:106AF00051FE0500F6D160688078C0F3410002289D
:106B00000AD19DF80D0010F0380F05D02069FAF772
:106B1000D6FB08B11020E5E7208905AA21698DE898
:106B200007006389BDF810202068039906F040F93A
:106B300010B1FEF7B6FDD5E716B1BDF814003080F0
:106B4000042038712846CDE7F8B50C0006460CD075
:106B500001464FF6FF7500236A46284606F052FBB1
:106B600028B100BFFEF79DFDF8BD1020F8BD6946B5
:106B70002046FEF7C7FD0028F8D1A078314600F086
:106B800001032846009A06F06CFBEBE730B587B0AE
:106B9000144600220DF1080C05AD01928CE82C0082
:106BA000072200920A46014623884FF6FF7006F03E
:106BB00042F8BDF814102180FEF773FD07B030BD18
:106BC00070B50D46042109F0A3FA040000D1FFDFDF
:106BD000294604F11400BDE8704005F047B870B5CF
:106BE0000D46042109F094FA040000D1FFDF294684
:106BF00004F11400BDE8704005F05BB870B50D46B7
:106C0000042109F085FA040000D1FFDF294604F1D0
:106C10001400BDE8704005F073B870B50546042156
:106C200009F076FA040000D1FFDF214628462368E8
:106C3000BDE870400122FEF703BF70B5064604218F
:106C400009F066FA040000D1FFDF04F1140004F03B
:106C5000FEFF401D20F0030511E0011D0088002209
:106C6000431821463046FEF7EBFE00280BD0607C2F
:106C7000ABB2684382B2A068011D09F018F9A068A0
:106C800041880029E9D170BD70B50546042109F09D
:106C90003FFA040000D1FFDF214628466368BDE8C3
:106CA00070400222FEF7CCBE70B50E46054601F0DC
:106CB00021FA040000D1FFDF012020726672658096
:106CC000207820F00F00001D20F0F00040302070F0
:106CD000BDE8704001F012BA10B50446012900D099
:106CE000FFDF2046BDE810400121FEF799BA2DE9EB
:106CF000F04F97B04FF0000A0C008346ADF814A097
:106D0000D04619D0E06830B1A068A8B10188ADF8CC
:106D10001410A0F800A05846FAF710FD070043F23F
:106D2000020961D0387822285CD30421584609F042
:106D3000EFF9050005D103E0102017B0BDE8F08F92
:106D4000FFDF05F1140004F082FF401D20F0030670
:106D5000A078012803D0022801D00720EDE7218880
:106D600007AA584606F0F9F830BB07A806F001F963
:106D700010BB07A806F0FDF848B99DF826000128C9
:106D800005D1BDF82400A0F52451023902D04FF4FA
:106D90005050D2E7E068B0B1CDE902A007200090E2
:106DA00005AACDF804A00492A2882188BDF8143069
:106DB000584605F040FF10B1FEF773FCBDE7A1682F
:106DC000BDF8140008809DF81F00C00602D543F2EC
:106DD0000140B2E70B9838B1A1780078012905D0BD
:106DE00080071AD40820A8E74846A6E7C007F9D0CC
:106DF00002208DF83C00A8684FF00009A0B1697C22
:106E00004288714391420FD98AB2B3B2011D09F091
:106E100004F88046A0F800A006E003208DF83C00AE
:106E2000D5F800804FF001099DF8200010F0380FD0
:106E300000D1FFDF9DF820001E49C0F3C2000844C6
:106E400097F8231010F8010C884201D90F2074E73D
:106E50002088ADF8400014A90095CDE90191434682
:106E600007220FA95846FEF715FE002891D19DF87C
:106E7000500050B9A078012807D1687CB3B27043A4
:106E800082B2A868011D08F0DCFF002055E770B54C
:106E9000064615460C460846FEF7C2FB002805D1FB
:106EA0002A4621463046BDE8704073E470BD12E5C5
:106EB00034020020A2B1010070B51E4614460D0038
:106EC00009D044B1616831B138B1FC49C988814207
:106ED00003D0072070BD102070BD2068FEF7A0FB16
:106EE0000028F9D1324621462846BDE87040FFF718
:106EF00046BA70B515460C0006D038B1EF4909897D
:106F0000814203D0072070BD102070BD2068FEF7BD
:106F100087FB0028F9D129462046BDE87040D6E518
:106F200070B5064686B00D4614461046FAF7A9F924
:106F3000D0BB6068FAF7CCF9B0BBA6F57F40FF384C
:106F400003D03046FAF7FAFB80B128466946FEF7CF
:106F50009BFC00280CD19DF810100F2008293DD271
:106F6000DFE801F008060606060A0A0843F20200F6
:106F700006B070BD0320FBE79DF80210012908D17F
:106F8000BDF80010B1F5C05FF2D06FF4C052D1422D
:106F9000EED09DF8061001290DD1BDF80410A1F521
:106FA0002851062907D200E029E0DFE801F00303B9
:106FB00004030303DCE79DF80A1001290FD1BDF893
:106FC0000810B1F5245FD3D0A1F60211B1F500513C
:106FD000CED00129CCD0022901D1C9E7FFDF6068FA
:106FE00078B9002305AA2946304606F00BF910B1FE
:106FF000FEF757FBBCE79DF81400800601D4102073
:10700000B6E76188224628466368FFF7BFFDAFE711
:107010002DE9F043814687B0884614461046FAF7BA
:1070200030F918B1102007B0BDE8F083002306AA9C
:107030004146484606F0E6F818B100BFFEF731FBBE
:10704000F1E79DF81800C00602D543F20140EAE7D7
:107050000025072705A8019500970295CDE9035063
:1070600062884FF6FF734146484606F046F8060030
:1070700013D16068FAF705F960B960680195CDE948
:10708000025000970495238862884146484606F0DE
:1070900034F80646BDF8140020803046CEE739B1FA
:1070A000864B0A889B899A4202D843F203007047B4
:1070B0001DE610B586B0814C0423ADF81430638909
:1070C00043B1A4898C4201D2914205D943F2030015
:1070D00006B010BD0620FBE7ADF8101000210091AE
:1070E0000191ADF8003002218DF8021005A902913E
:1070F00004A90391ADF812206946FFF7F8FDE7E710
:107100002DE9FC4781460D460846FAF794F888BBFE
:107110004846FAF713FB5FEA00080AD098F8000027
:10712000222829D30421484608F0F2FF070005D1A0
:1071300003E043F20200BDE8FC87FFDF07F1140023
:1071400004F09BFD06462878012803D0022804D0CD
:107150000720F0E7B0070FD502E016F01C0F0BD0A8
:10716000A8792C1DC00709D0E08838B1A068FAF7CB
:1071700062F818B11020DEE70820DCE721882A78C1
:107180000720B1F5847F35D01EDC40F20315A1F253
:107190000313A94226D00EDCB1F5807FCBD003DCEF
:1071A000F9B1012926D1C6E7A1F58073013BC2D010
:1071B000012B1FD113E0012BBDD0022B1AD0032BC2
:1071C000B9D0042B16D112E0A1F20912082A11D26B
:1071D000DFE802F00B04041010101004ABE7022AE1
:1071E000A9D007E0012AA6D004E0320700E0F206A9
:1071F000002AA0DACDB200F07DFF50B198F823004C
:10720000CDE90005FA89234639464846FEF78DFC4C
:1072100091E711208FE72DE9F04F8BB01F461546FF
:107220000C4683460026FAF789FA28B1007822280E
:1072300005D208200BB081E543F20200FAE7B80856
:1072400001D00720F6E7032F00D100274FF6FF7982
:10725000CCB1022D73D32046FAF73AF830B904EBDB
:107260000508A8F10100FAF733F808B11020E1E7AA
:10727000AD1E38F8028CAAB22146484606F015F930
:1072800040455CD1ADB20D49B80702D58889401C94
:1072900000E001201FFA80F8F80701D08F8900E094
:1072A0004F4605AA4146584605F057FE4FF0070ADB
:1072B0004FF00009DCB320460BE000003402002050
:1072C000408810283BD8361D304486B2AE4236D2B4
:1072D000A01902884245F3D351E000BF9DF8170082
:1072E00002074CD594B304EB0608361DB8F80230FB
:1072F000B6B2102B23D89A19AA4220D8B8F8002089
:1073000091421CD1C0061CD5CDE900A90DF1080C95
:107310000AAAA11948468CE80700B8F80010002214
:10732000584605F088FC20B1FEF7BBF982E726E05D
:1073300005E0B8F80200BDF82810884201D00B2003
:1073400078E7B8F80200304486B207E0FFE7C006ED
:1073500004D55846FEF71CFC002888D19DF817007C
:10736000BDF81A1020F010008DF81700BDF81700B6
:10737000ADF80000FF235846009A05F072FF05A8FB
:1073800005F0F7FD18B9BDF81A10B942A6D90421C5
:10739000584608F0BDFE040000D1FFDFA2895AB1B3
:1073A000CDE900A94D46002321465846FEF7BDFB16
:1073B0000028BBD1A5813DE700203BE72DE9FF4F29
:1073C0008BB01E4617000D464FF0000412D0B008D7
:1073D00002D007200FB0B1E4032E00D100265DB12A
:1073E0000846F9F76CFF28B93888691E0844F9F790
:1073F00066FF08B11020EDE7C74AB00701D5D18973
:1074000000E00121F0074FF6FF7802D0D089401E3E
:1074100000E0404686B206AA0B9805F09EFD4FF0AC
:1074200000094FF0070B0DF1140A38E09DF81B001E
:10743000000734D5CDF80490CDF800B0CDF8089011
:10744000CDE9039A434600220B9805F056FE60BB37
:1074500005B3BDF814103A8821442819091D8A4241
:1074600030D3BDF81E2020F8022BBDF8142020F8E0
:10747000022BCDE900B9CDE90290CDF810A0BDF8FE
:107480001E10BDF8143000220B9805F036FE08B12E
:1074900003209FE7BDF814002044001D84B206A815
:1074A00005F067FD20B10A2806D0FEF7FAF891E74B
:1074B000BDF81E10B142B9D934B17DB13888A11CD4
:1074C000884203D20C2085E7052083E7224629461F
:1074D000404605F0EAFF014628190180A41C3C80C3
:1074E000002077E710B50446F9F7CBFE08B110206D
:1074F00010BD8948C0892080002010BDF0B58BB038
:107500000D4606461422002103A805F05EFF012067
:107510008DF80C008DF8100000208DF81100ADF8EA
:1075200014503046FAF70AF948B10078222812D3ED
:107530000421304608F0ECFD040005D103E043F2DD
:1075400002000BB0F0BDFFDF04F11400074604F0A9
:1075500094FB800601D40820F3E7207C022140F050
:107560000100207409A80094CDE90110072203A9A5
:1075700030466368FEF78EFA20B1217C21F00101CC
:107580002174DEE729463046FDF73BFE08A9384660
:1075900004F062FB00B1FFDFBDF82040172C01D2E0
:1075A000172000E02046A84201D92C4602E0172C03
:1075B00000D2172421463046FFF711FB2146304602
:1075C000FDF743FB0020BCE7F8B51C4615460E4608
:1075D000069F08F0D0FE2346FF1DBCB231462A4666
:1075E000009408F0CCFAF8BD70B50C4605460E22A2
:1075F0000021204605F0E9FE002020802DB1012D5C
:1076000001D0FFDF70BD062000E00520A07170BD35
:1076100010B548800878134620F00F00001D20F0B8
:10762000F00080300C4608701422194604F108005E
:1076300005F0A1FE00F062FD3748046010BD2DE9A1
:10764000F047DFF8D890491D064621F003011746A0
:107650000C46D9F8000008F0A8FB050000D1FFDFB8
:107660004FF000083560A5F800802146D9F80000E9
:1076700008F09BFB050000D1FFDF7560A5F80080D6
:107680007FB104FB07F1091D0BD0D9F8000008F009
:107690008CFB040000D1FFDFB460C4F80080BDE8BB
:1076A000F087C6F80880FAE72DE9F0411746491D32
:1076B00021F00302194D064601681446286808F0B7
:1076C0009FFB22467168286808F09AFB3FB104FBD3
:1076D00007F2121D03D0B168286808F091FB04205E
:1076E00008F0C2FC0446042008F0C6FC201A012859
:1076F00004D12868BDE8F04108F04CBBBDE8F0813A
:1077000010B50C4605F0F8FB00B1FFDF2046BDE8E0
:107710001040FDF7C6BF0000340200201800002012
:107720004FF0E0214FF40040C1F88001BFF34F8FCC
:10773000BFF36F8F00F021B810B5044600F01DF8BC
:10774000002C09D0124A124812491432124B012C53
:1077500003D0022C07D0FFDF10BD022404601160AB
:107760004FF0407004E00324046011604FF4000007
:10777000186010BD00B5FFDF00BD054800210160A5
:10778000016005494FF06070091D086070470000F6
:1077900000F500404402002004F501402DE9F05FAF
:1077A000DFF850A44FF000088B4606469AF80940CF
:1077B000474645469AF8019008E0284601F017F838
:1077C000817B407811FB00776D1CEDB24D45F4D103
:1077D0009AF809002044204420440744FF2F01D98F
:1077E0004FF013083068C01C20F0030232605BEADF
:1077F000080021D1FF48FBB2062120300CF0E0F94F
:10780000002408E0062C0FD2DFE804F005030A0A82
:107810000C05F94800E0F9480CF0F2F9054604E0DF
:10782000F748F9E7F748F7E7FFDFA54200D0FFDFA9
:10783000641CE4B2062CE5D3306800EB071030601E
:107840004046BDE8F09F38B50C468288817B19B16F
:107850004189914200D90A462280C188121D90B206
:107860006A4607F091FCBDF80000032800D303200E
:10787000C1B2208800F0DAFF38BD38B50C468288E6
:10788000817B19B10189914200D90A462280C188C1
:10789000121D90B26A4607F077FCBDF8000002287E
:1078A00000D30220C1B2208800F0C0FF401CC0B24B
:1078B00038BD2DE9FF5F82468B46D34814460BF155
:1078C0000302D0E90110CDE9021022F0030201A861
:1078D0004421019208F04BFAC64E002C02D1CB494C
:1078E000019A8A60019901440191B57E05F1010573
:1078F00004D1E8B20AF03CF900B1FFDF019800EBD7
:107900000510C01C20F00301019144B9727A0020D7
:107910000870B08B80B205F04EF900B1FFDF01981E
:10792000F16908440190214601A8FFF737FF80461E
:107930000198C01C20F003000190717A04B100206E
:1079400008F00BFB019908440190214601A800F0C2
:107950007FFFA84800273D4690F801900CE028469C
:1079600000F045FF064681788088FDF705FA7178BA
:107970006D1C00FB0177EDB24D45F0D10198C01CA4
:1079800020F00300019004B100203946FDF7FFF913
:10799000019900270844019096483D4690F80190CF
:1079A0000CE0284600F023FF0646C1788088FEF7E9
:1079B0007AFB71786D1C00FB0177EDB24D45F0D17B
:1079C0000198C01C20F00300019004B1002039464A
:1079D000FEF772FB01994FF00009084401908548B9
:1079E0004D4647780EE0284600F001FF0646807BB2
:1079F00030B106F1080002F0A5F8727800FB029998
:107A00006D1CEDB2BD42EED10198C01C20F0030008
:107A1000019004B100207D494A78494602F096F869
:107A2000019908440190214601A800F0BCFE01988C
:107A3000C01D20F007000190DAF80010814204D345
:107A4000A0EB0B01B1F5803F04DB4FF00408CAF84E
:107A5000000004E0CAF80000B8F1000F02D0404670
:107A600004B0EEE674BB6A490020019A0CF016FAE5
:107A7000FAF770FB5F4C207E0090607E012823D0D7
:107A8000002318B300225B4800210C30FBF73CF8C0
:107A900000B1FFDFE07EFEF7BCFE00B1FFDF55481E
:107AA0004FF4F6720021383005F08FFC5148042164
:107AB000383080F8E91180F8EA11062180F8EB11DE
:107AC000032101710020CBE70123DAE702AADAE7FC
:107AD00070B5484C06463834207804EB4015E07801
:107AE000083598B9A01990F8E80100280FD0A078BF
:107AF0000F2800D3FFDF20220021284605F065FC77
:107B0000687866F3020068700120E070284670BD56
:107B10002DE9F04105460C460027007805219046E6
:107B20003E46B1EB101F00D0FFDF287A50B101288C
:107B30000ED0FFDFA8F800600CB12780668000201F
:107B4000BDE8F0810127092674B16888A08008E0AB
:107B50000227142644B16888A0802869E060A88ABA
:107B60002082287B2072E5E7A8F80060E7E730B5BF
:107B7000204C0120002120706170207260726176BB
:107B8000217621730521A1821F21E182607321A149
:107B900021610A21A176E0761C4D4FF4B060E061CE
:107BA0006868C11C21F00301814200D0FFDF6868D2
:107BB000606030BD30B5154C1568636810339D4268
:107BC00002D20420136030BD0A4B5D785A6802EB84
:107BD0000512107051700320D08017209080012072
:107BE000D0709070002090735878401C5870606876
:107BF000103013E050030020A11F00006D9C000016
:107C0000E92F000063190100A8B101001C00002049
:107C1000000000206E5246357800000060600020B1
:107C200030BD70B50646F8480024457807E0204688
:107C300000F0DDFD0178B14204D0641CE4B2AC4236
:107C4000F5D1002070BDF7B5074608780C4610B393
:107C5000FFF7E7FF0546A7F12006202F06D0052EE7
:107C600019D2DFE806F00F2B2B151A0000F0CBFD20
:107C70000DB1697800E00021401AA17880B2084473
:107C8000FF2808D8A07830B1A088022824D202E0CA
:107C90006088172820D20720FEBD207AE0B16188D5
:107CA0001729F8D3A1881729F5D3A1790029F2D093
:107CB000E1790029EFD0402804D9ECE7242F0BD13B
:107CC000207A48B161884FF6FB70814202D8A188C2
:107CD000814201D90420FEBD65B9207802AA0121A4
:107CE000FFF768FF0028F6D12078FFF79AFF05001C
:107CF00000D1FFDF052E18D2DFE806F0030B0E08D7
:107D00001100A0786870A088E8800FE06088A880E3
:107D10000CE0A078A87009E0A078E87006E054F8BC
:107D2000020FA8606068E86000E0FFDF0020FEBD91
:107D30001A2835D00DDC132832D2DFE800F01B31D1
:107D4000203131272723252D313129313131312F70
:107D50000F00302802D003DC1E2821D107207047F5
:107D60003A3809281CD2DFE800F0151B0F1B1B1B3B
:107D70001B1B07000020704743F20400704743F2CA
:107D800002007047042070470D2070470F20704795
:107D90000820704711207047132070470620704755
:107DA0000320704710B5007800F0010007F0E2F9F9
:107DB000BDE81040BCE710B5007800F0010007F006
:107DC000DEF9BDE81040B3E70EB5017801F001011E
:107DD0008DF80010417801F001018DF80110017853
:107DE000C1F340018DF802104178C1F340018DF8D4
:107DF0000310017889088DF80410417889088DF8FE
:107E0000051081788DF80610C1788DF8071000797B
:107E10008DF80800684606F06EFEFFF789FF0EBD7C
:107E20002DE9F84F784CDFF8E481383400261FE064
:107E3000012000F050FD0120FFF74AFE05464421D5
:107E40004746D8F8080007F0B0FF686000B9FFDFC8
:107E5000686806F049FDA8B12846F9F7DDFD284617
:107E600000F03FFD20B944226968B86807F0C8FFF8
:107E700094F9E9010428DBDA022008F0F5F8074656
:107E80000025A6E044226968D8F8080007F0B8FF8A
:107E9000F2E7B8F802104046491C89B2A8F802106F
:107EA000B94201D3002141800221B8F8020008F054
:107EB0002FF9002865D0B8F80200694607F0D8F815
:107EC000FFF736FF00B1FFDF9DF8000078B1B8F88A
:107ED000020008F062FA5FEA000900D1FFDF4846BD
:107EE00007F0E1FC18B1B8F8020002F0D8F8B8F8D1
:107EF000020008F040FA5FEA000900D1FFDF4846BF
:107F000007F0C9FCE8BB0321B8F8020008F000F94B
:107F10005FEA000B48D1FFDF46E000BFDBF810004E
:107F200010B10078FF2849D0022000F0D4FC0220D4
:107F3000FFF7CEFD8246484607F0B9FDCAF80400B7
:107F400000B9FFDFDAF8040007F081FE002100909D
:107F50000170B8F802105046AAF8021001F0C2FFF2
:107F6000484607F076FE00B9FFDF504600F0B9FC46
:107F700018B99AF80100000704D50099CBF8101041
:107F800012E024E0DBF8100038B10178491C11F050
:107F9000FF01017008D1FFDF06E0002211464846CC
:107FA00000F0FFFB00B9FFDF94F9EA01022805DBCE
:107FB000B8F8020001F05DFF0028AFD194F9E901A3
:107FC000042804DB484607F0A8FE00B101266D1C1A
:107FD000EDB2BD4204D294F9EA010228BFF659AFCE
:107FE000002E7FF423AFBDE8F84F032000F073BCF0
:107FF00010B5064CE06008682061AFF2DB1002F0BB
:10800000D0FF607010BD0000500300201C00002055
:10801000F74800210170F7480170F7494160704747
:1080200070B505464FF080500C46D0F8A410491C9E
:1080300005D1D0F8A810C9430904090C0BD050F899
:10804000A01F01F001012970416821608068A080B3
:10805000287830B970BD062120460BF0A4FB012022
:108060002870607940F0C000607170BD70B54FF04D
:1080700080540D46D4F88010491C0BD1D4F88410DC
:10808000491C07D1D4F88810491C03D1D4F88C10AE
:10809000491C0CD0D4F880100160D4F884104160E1
:1080A000D4F888108160D4F88C10C16002E01021EF
:1080B0000BF079FBD4F89000401C0BD1D4F894005D
:1080C000401C07D1D4F89800401C03D1D4F89C0080
:1080D000401C09D054F8900F286060686860A06860
:1080E000A860E068E86070BD2846BDE870401021D7
:1080F0000BF059BBBE4838300079E9E470B5BC4C90
:108100003834E07830B3207804EB4010407A00F047
:108110000700204490F9E801002800DCFFDF207808
:10812000002504EB4010407A00F00700011991F897
:10813000E801401E81F8E8012078401CC0B22070A0
:108140000F2800D12570A078401CA0700BF0AAF970
:10815000E57070BDFFDF70BD3EB50546032107F039
:10816000D7FF0446284608F006F9054604B9FFDFA4
:10817000206918B10078FF2800D1FFDF01AA694605
:10818000284600F00EFB60B9FFDF0AE0002202A9DA
:10819000284600F006FB00B9FFDF9DF8080000B19B
:1081A000FFDF9DF80000411E8DF80010EED220691F
:1081B0000199884201D1002020613EBD70B505467D
:1081C000A0F57F400C46FF3800D1FFDF012C01D025
:1081D000FFDF70BDFFF78EFF040000D1FFDF2078C6
:1081E00020F00F00401D20F0F0005030207065801E
:1081F0000020207201202073BDE870407EE72DE949
:10820000F04116460D460746FFF774FF040000D103
:10821000FFDF207820F00F00401D20F0F0005030EC
:10822000207067800120207228682061A888A082C1
:108230002673BDE8F04161E77FB5FFF7F2FC04006B
:1082400000D1FFDF02A92046FFF7FDFA054603A98A
:108250002046FFF712FB8DF800508DF80100BDF8A5
:108260000800001DADF80200BDF80C00001DADF8BF
:108270000400E088ADF80600684606F063FF0028B9
:1082800000D0FFDF7FBD2DE9F05F5A4E8146307888
:1082900010B10820BDE8F09F4846F8F7F2FF08B19A
:1082A0001020F7E7524C207808B9FFF760FC647A99
:1082B0004D4600F0A8FAA04207D2201AC1B22A46C1
:1082C0000020FFF777FC0028E4D171684848C91CFA
:1082D000002721F003017160B3463E463D46BA4691
:1082E0003C4690F801800AE0204600F080FA417890
:1082F000807B0E4410FB0155641CE4B27F1C444596
:10830000F2D10AEB870000EBC600DBF8041000EBAB
:10831000850045185C46012229464846FFF7C9FA00
:10832000060013D00020FFF77CFC05000CD005F1FF
:108330001300616820F00300884200D0FFDF2C4862
:108340004178491E417065603046A3E70022294606
:108350004846FFF7AEFA00B1FFDFD9F800006060D1
:108360004FF6FF70608001202070002092E72DE919
:10837000F04104461F4817460E46007810B1082009
:10838000BDE8F0810846F8F756FF08B11020F7E77E
:10839000174D287808B9FFF7EAFB601E1E2807D89A
:1083A000012C22D13078FE281FD8A8760020E7E7DC
:1083B000A4F120001F2805D8E0B23A463146BDE8B6
:1083C000F04140E4A4F140001F2805D83146204682
:1083D000BDE8F04100F0ACBAA4F1A0001F2804D819
:1083E0000020A02C0AD0A12C0DD00720C8E7000047
:1083F000500300201C00002048100020317801F0BC
:108400000101E976BCE731680922F82901D38B071D
:1084100001D01046B4E76B7B03F00303012B04D1BA
:10842000EB8AD7339CB28C42F3D8E961A8E72DE9F7
:10843000F04781460E460846F8F723FF48B94846FC
:10844000F8F73DFF28B909F1030020F00301494581
:1084500002D01020BDE8F087FA484FF0000A81787A
:1084600069B14178804600EB4114083437883246C0
:108470000021204600F043FA050004D027E0A6F8CA
:1084800000A00520E6E7B9F1000F24D03088B842FB
:1084900001D90C251FE0607800F00705284600F0A0
:1084A0001AFA08EB0507324697F8E8014946401CDE
:1084B00087F8E801204607F5F47700F020FA054632
:1084C0003878401E3870032000F005FA2DB10C2DCD
:1084D00001D0A6F800A02846BCE76078DA4E00F08C
:1084E0000701012923D002290CD0032933D0FFDF53
:1084F00098F801104046491CC9B288F801100F29AC
:1085000034D035E0616821B1000702D46088FFF7FC
:1085100023FE98F8EA014746012802D1707802F05C
:108520005FFD97F9EA010428E2DBFFDFE0E761681D
:1085300019B14422B06807F063FC98F8E901474696
:10854000032802D1707802F04BFD97F9E901042865
:10855000CEDBFFDFCCE7C00602D56088FFF7FCFD6D
:1085600098F9EB010628C3DBFFDFC1E780F801A023
:108570008178491E8170617801F0070101EB0800E4
:1085800090F8E811491C80F8E811A4E770B50C4692
:108590000546F8F750FE18B92046F8F772FE08B104
:1085A000102070BD284609F01AFB207008B1002089
:1085B00070BD042070BD70B5054609F029FBC4B23A
:1085C0002846F8F77CFE08B1102070BD35B1287838
:1085D0002C7018B1A04201D0072070BD2046FDF7D5
:1085E000CFFD052805D109F016FB012801D0002098
:1085F00070BD0F2070BD70B5044615460E46084686
:10860000F8F719FE18B92846F8F73BFE08B1102014
:1086100070BD022C03D0102C01D0092070BD2A4659
:108620003146204609F021FB0028F7D0052070BD17
:1086300070B514460D460646F8F7FDFD38B92846D4
:10864000F8F71FFE18B92046F8F739FE08B11020D8
:1086500070BD22462946304609F009FB0028F7D0B4
:10866000072070BD3EB50446F8F70BFE08B1102098
:108670003EBD684606F0CBF9FFF75AFB0028F7D15C
:108680009DF806002070BDF808006080BDF80A0063
:10869000A08000203EBD70B505460C460846F8F7A0
:1086A0000EFE20B93CB12068F8F7EBFD08B11020B0
:1086B00070BDA08828B121462846BDE87040FDF76E
:1086C000B7BD092070BD70B504460D460846F8F7E1
:1086D000B2FD90BB601E1E280ED8032C01D90720C6
:1086E00070BD04B9FFDF594800EB840050F8041C4A
:1086F0002846BDE870400847A4F120001F2805D88F
:1087000029462046BDE87040F9F7B0BCA4F16000EE
:108710001F2805D829462046BDE87040FCF7EDBD6E
:10872000F02C0BD0BF2CDAD1A878298800F00100FA
:1087300001F08EFA78B1002070BD03E0A868F8F768
:108740007AFD08B11020F7E7284606F053FDBDE892
:108750007040FFF7EDBA0820EEE770B504460D460D
:108760000846F8F78EFD30B9601E1E280FD828463F
:10877000F8F761FD08B11020DEE7012C03D0022CD0
:1087800001D0032C01D10620D6E70720D4E7A4F1BD
:1087900020001F28F9D829462046BDE87040F9F787
:1087A000B9BC07F047B81CB500291FD104F02FFE53
:1087B000254800224178C06805F022FF2248103089
:1087C000C0788DF8000010B1012802D004E001202B
:1087D00000E000208DF80000684606F073F91B48A1
:1087E00024380068019001A806F0C6FA1CBD30B517
:1087F000144D0446383D6878A04200D8FFDF686811
:1088000000EB041030BD70B50E48002538382C46FA
:10881000467807E02046FFF7EAFF4078641C2844CA
:10882000C5B2E4B2B442F5D1284685E7021D5143F2
:10883000452900D245210844C01CB0FBF2F0C0B26B
:1088400070470000880300201C000020CCB101000C
:108850002DE9FC5F064676484FF000088B464746F8
:10886000444690F8019022E02046FFF7C0FF050043
:1088700000D1FFDF687869463844C7B22846FEF762
:10888000E2FF824601A92846FEF7F7FF0346BDF83E
:1088900004005246001D81B2BDF80000001D80B2E8
:1088A00007F0B4FC6A78641C00FB0288E4B24C4513
:1088B000DAD13068C01C20F003003060BBF1000F3B
:1088C00000D000204246394607F0AEFC316808442B
:1088D0003060BDE8FC9F5649383108710020C870EF
:1088E000AEE753493831CA782AB10A7801EB421110
:1088F0000831814201D00120A2E70020A0E72DE944
:10890000F04106460078154600F00F040020108064
:10891000601E0F46052800D3FFDF46482A4600EBBD
:108920008400394650F8043C3046BDE8F041184711
:108930002DE9F0413E4E0C46402806D041281AD081
:10894000422822D0432826D11AE0207865780128D1
:1089500001D9132014E5FF2D08D809F0F9FA0746CC
:108960000AF058FD381A401EA84201DA122007E525
:10897000208830810DE0BDE8F041084600F00DB8D8
:108980000878022807D8307603E00878022802D851
:1089900070760020F4E40720F2E438B5044640780D
:1089A00000F00300012803D002280BD0072038BDB7
:1089B000606858B1F8F78CFCD0B96068F8F77FFCB4
:1089C00020B915E06068F8F736FC88B9694620469A
:1089D000FBF762F90028EAD1607800F00300022872
:1089E00008D19DF8000028B16068F8F768FC08B16C
:1089F000102038BD6189F8290DD8208988420AD80D
:108A0000607800F003020A48012A06D1D731C26912
:108A100089B28A4201D2092038BD94E80E0000F1E3
:108A20000C0585E80E000AB900218182002038BDBE
:108A300050030020B4B101002DE9F041074614466F
:108A40008846084601F024FD064608EB88001C22F3
:108A5000796802EBC0000D18688C58B14146384661
:108A600001F025FD014678680078C200082305F171
:108A700020000CE0E88CA8B14146384601F01EFD0C
:108A80000146786808234078C20005F1240007F009
:108A90000EFA38B1062121726681D0E90010C4E9CE
:108AA000031009E0287809280BD005202072668180
:108AB0006868E060002028702046BDE8F04101F0C1
:108AC000C8BC072020726681F4E72DE9F041164604
:108AD0000D460746406801EB85011C2202EBC101EF
:108AE0004418204601F00CFD40B10021708865F368
:108AF0000F2160F31F4105200BF03CF90920207085
:108B0000324629463846BDE8F04195E72DE9F04167
:108B10000E46074600241C21F07816E004EB84037F
:108B2000726801EBC303D25C6AB1FFF7E3FA050098
:108B300000D1FFDF6F802A4621463046FFF7C5FF90
:108B40000120BDE8F081641CE4B2A042E6D8002018
:108B5000F7E770B5064600241C21C0780AE000BF84
:108B600004EB8403726801EBC303D5182A782AB199
:108B7000641CE4B2A042F3D8402070BD282200213A
:108B8000284604F022FC706880892881204670BD48
:108B900070B5034600201C25DC780CE000EB800655
:108BA0005A6805EBC6063244167816B1128A8A4214
:108BB00004D0401CC0B28442F0D8402070BDF0B553
:108BC000044600201C26E5780EE000BF00EB80077D
:108BD000636806EBC7073B441F788F4202D15B787E
:108BE000934204D0401CC0B28542EFD84020F0BD73
:108BF0000078032801D000207047012070470078DA
:108C0000022801D000207047012070470078072813
:108C100001D000207047012070472DE9F041064641
:108C200088461078F1781546884200D3FFDF2C780B
:108C30001C27641CF078E4B2A04201D8201AC4B208
:108C400004EB8401706807EBC1010844017821B18D
:108C50004146884708B12C7073E72878A042E8D1D4
:108C6000402028706DE770B514460B880122A240A1
:108C7000134207D113430B8001230A22011D07F081
:108C8000E0F8047070BD2DE9FF4F81B00878DDE990
:108C90000E7B9A4691460E4640072CD4019807F069
:108CA0007CFB040000D1FFDF07F1040820461FFA17
:108CB00088F106F0CBFC050000D1FFDF20462946F5
:108CC0006A4606F016FF0098A0F80370A0F805A009
:108CD000284606F0BCFF017869F306016BF3C71163
:108CE000017020461FFA88F106F0F3FC00B9FFDF9F
:108CF000019805F02DFC06EB0900017F491C017766
:108D000005B0BDE8F08F2DE9F84F0E469A46914622
:108D10000746032107F0FCF90446008DDFF87C8547
:108D2000002518B198F80000B0421ED1384607F06F
:108D300034FB070000D1FFDF09F10401384689B296
:108D400006F084FC050010D0384629466A4606F035
:108D5000D0FE009800210A460180817005F06DFC6C
:108D60000098C01DCAF8000021E098F80000B04249
:108D700016D104F1260734F8341F012000FA06F951
:108D800011EA090F00D0FFDF2088012340EA090023
:108D900020800A22391D384607F06EF8067006E07A
:108DA000324604F1340104F12600FFF75CFF0A218A
:108DB00088F800102846BDE8F88FFEB515460C4629
:108DC000064602AB0C220621FFF79DFF002827D0A4
:108DD0000299607812220A70801C487008224A802A
:108DE000A07002982988052381806988C180A9889C
:108DF0000181E988418100250C20CDE9000506228A
:108E000021463046FFF73FFF2946002266F31F4107
:108E1000F02310460AF004FF6078801C6070012087
:108E2000FEBD2DE9FE430C46804644E002AB0E2217
:108E300007214046FFF767FF002841D060681C22E9
:108E400067788678BF1C06EB860102EBC1014518E6
:108E500002981421017047700A214180698A0181BA
:108E6000E98A4181A9888180A9898181304601F000
:108E70000FFB029905230722C8806F700420287019
:108E800000250E20CDE9000521464046FFF7FBFEF8
:108E9000294666F30F2168F31F41F02300220520C5
:108EA0000AF0BEFE6078FE49801C60706268204651
:108EB000921CFFF7B2FE606880784028B6D101208E
:108EC000BDE8FE83FEB50D46064638E002AB0E2235
:108ED00007213046FFF717FF002835D068681C23AC
:108EE000C17801EB810203EBC202841802981522BB
:108EF0000270627842700A224280A2894281A2886E
:108F00008281084601F0C4FA014602988180618A94
:108F1000C180E18A0181A088B8B1002020700021C1
:108F20000E20CDE900010523072229463046FFF730
:108F3000AAFE6A68DB492846D21CFFF76EFE686805
:108F4000C0784028C2D10120FEBD0620E6E72DE909
:108F5000FE430C46814644E0204601F0BBFAD0B304
:108F600002AB082207214846FFF7CDFE0028A7D014
:108F700060681C2265780679AD1C06EB860102EB61
:108F8000C10147180298B7F810800621017045709A
:108F900004214180304601F07BFA01460298052306
:108FA0000722C180A0F804807D7008203870002559
:108FB000CDE9000521464846FFF765FE294666F3E0
:108FC0000F2169F31F41F023002205200AF028FE3B
:108FD0006078801C60706268B3492046121DFFF7FC
:108FE0001CFE606801794029B6D1012068E72DE9AF
:108FF000F34F83B00D4691E0284601F06BFA00284C
:109000007ED068681C2290F806A00AEB8A0102EB69
:10901000C10144185146284601F050FAA178CB000E
:1090200069684978CA00014604F1240006F05BFF34
:1090300007468188E08B4FF00009091A8EB208B10B
:10904000C84607E04FF00108504601F00CFA08B995
:10905000B61CB6B2208BB04200D80646B34602AB6F
:10906000324607210398FFF74EFE060007D0B8F1FD
:10907000000F0BD0504601F0F6F910B106E00020C9
:109080003EE60299B8884FF0020908800196E28B0B
:109090003968ABEB09001FFA80F80A4403984E4682
:1090A000009207F07AF9DDE90021F61D43460096AB
:1090B00006F099FDE08B404480B2E083B988884295
:1090C00001D1012600E00026CDE900B6238A07225F
:1090D00029460398FFF7D7FD504601F0C4F910B9AF
:1090E000E089401EE0815EB1A078401CA0706868F5
:1090F000E978427811FB02F1CAB20123816900E0EC
:1091000006E00E3006F09DFE80F800A00020E0830F
:109110006A6866492846921DFFF77FFD6868817975
:1091200040297FF469AF0120EAE570B5064648683A
:109130000D4614468179402910D104EB84011C228C
:1091400002EBC101084401F0FCF9002806D0686870
:10915000294684713046BDE8704048E770BDFEB5D1
:109160000C460746002645E0204601F0B3F9D8B387
:1091700060681C22417901EB810102EBC1014518B5
:10918000688900B9FFDF02AB082207213846FFF7E4
:10919000BAFD002833D00299607816220A70801C2C
:1091A0004870042048806068407901F071F90146F8
:1091B00002980523072281806989C1800820CDE9B2
:1091C000000621463846FFF75EFD6078801C60701F
:1091D000A88969890844B0F5803F00D3FFDFA889DA
:1091E00069890844A8816E81626831492046521D10
:1091F000FFF713FD606841794029B5D10120FEBD1C
:1092000030B5438C458BC3F3C704002345B1838B32
:10921000641EED1AC38A6D1E1D4495FBF3F3E4B280
:109220002CB1008918B1A04200D8204603444FF663
:10923000FF70834200D3034613800C7030BD2DE9CC
:10924000FC41074616460D46486802EB86011C2283
:1092500002EBC10144186A4601A92046FFF7D0FF7E
:10926000A089618901448AB2BDF80010914212D0F0
:10927000081A00D5002060816868407940280AD12A
:10928000204601F054F9002805D068682946467147
:109290003846FFF764FFBDE8FC8100003000002085
:1092A000F18B0000FF8B00000D8C000043A5000037
:1092B0002FA500002DE9FE4F0F4681461546508828
:1092C000032106F025FF0190B9F8020001F0D3F860
:1092D00082460146019801F0FDF8002824D001984B
:1092E0001C2241680AEB8A0002EBC0000C182046E1
:1092F00001F006F9002817D1B9F80000E18A884288
:109300000ED8A18961B1B8420ED10026514601980C
:1093100001F0CDF8218C01EB0008608B30B114E036
:10932000504601F0A0F8A0B3BDE8FE8F504601F012
:109330009AF808B1678308E0022FF5D3B9F8040062
:109340006083618A884224D80226B81B87B2B8F8A5
:109350000400A28B801A002814DD874200DA384608
:109360001FFA80FB688869680291D8F800100A44E7
:10937000009207F000F8F61D009A5B4602990096ED
:1093800006F0FDFBA08B384480B2A083618B88423D
:1093900007D96888019903B05246BDE8F04F01F043
:1093A000EDB81FD14FF009002872B9F802006881AA
:1093B000D8E90010C5E90410608BA881284601F0A7
:1093C00048F85146019801F072F8014601980823C7
:1093D00040680078C20004F1200006F068FD00201B
:1093E000A0836083504601F03EF810B9A089401E6A
:1093F000A0816888019903B00AF0FF02BDE8F04F30
:109400001DE72DE9F041064615460F461C46184655
:10941000F7F711FF18B92068F7F733FF08B11020EC
:109420001AE47168688C0978B0EBC10F01D313207E
:1094300012E43946304601F03AF8014670680823D4
:109440000078C20005F1200006F0FBFCD4E9001210
:10945000C0E90012002005E410B50446032106F01F
:1094600057FE014600F114022046BDE81040A4E476
:1094700070B50446032106F04BFE05460146204622
:10948000FFF765FD002816D029462046FFF767FE46
:10949000002810D029462046FFF714FD00280AD0E6
:1094A00029462046FFF7BDFC002804D02946204667
:1094B000BDE870409BE570BD2DE9F0410C4680464B
:1094C0001EE0E178427811FB02F1CAB28169012302
:1094D0000E3006F0ECFC077860681C22C179491E4A
:1094E000C17107EB8701606802EBC101461839467C
:1094F000204600F0EFFF18B1304600F0FAFF20B12F
:109500006068C1790029DCD18AE7FEF7F3FD050028
:1095100000D1FFDF0A202872384600F0B9FF6881C9
:109520003946204600F0CAFF0146606808234078AB
:10953000C20006F1240006F0BAFCD0E90010C5E92B
:109540000310A5F80280284600F083FFB07800B928
:10955000FFDFB078401EB07062E770B50C4605467C
:10956000032106F0D5FD01464068C2792244C2714C
:109570002846BDE870409FE72DE9FE4F82465078AF
:1095800014460F464FF00008002850D0012807D09D
:10959000022822D0FFDF2068B8606068F860C3E668
:1095A00002AB0E2208215046FFF7ADFB0028F2D097
:1095B0000298152105230170217841700A2141800C
:1095C000C0F80480C0F80880A0F80C80628882810E
:1095D0000E20CDE90008082221E0A678304600F0F0
:1095E00057FF054606EB86012C22786802EBC10185
:1095F0000822465A02AB11465046FFF784FB00286A
:10960000C9D002980721017021784170042141805E
:1096100008218580C680CDE9001805230A46394611
:109620004FEA0A00FFF72FFB87F808807CE6A67850
:10963000022516B1022E13D0FFDF2A1D914602AB80
:1096400008215046FFF75FFB0028A4D002980121B3
:10965000022E0170217841704580868002D005E09D
:109660000625EAE7A188C180E1880181CDE900985B
:109670000523082239465046D4E710B50446032195
:1096800006F046FD014600F108022046BDE8104004
:1096900072E72DE9F04F0F46054687B01446508813
:1096A000032106F035FD4FF000088DF808800646CE
:1096B000ADF80A80042F5CD36A78002A59D0287844
:1096C0004FF6FF794FF01C0A132815D006DC01284D
:1096D0006FD006282BD0072806D16EE0142869D059
:1096E000152868D0162867D0CDF80080CDF8048002
:1096F00068788DF8000037E0B078904239D1307842
:10970000010736D5062F34D120F00800307060886C
:10971000414660F31F4100200AF02CFB02208DF827
:109720000800ADF80C90A888ADF80E00F4E0082F02
:109730001FD1A888EF88814600F09DFE8046014633
:10974000304600F0C7FE18B1404600F08CFE98B1DC
:10975000FA48D0E90010CDE900106878ADF804901F
:109760008DF80000ADF8067060886A463146FFF754
:1097700003FF07B0BDE8F08F716808EB88002C226A
:1097800002EBC000085AB842F3D1EC486A46D0E96F
:109790000210CDE9001068788DF8000008F0FF0590
:1097A0008DF8025060883146FFF7E6FE22462946D2
:1097B00023E097E025E0CEE023E1082FD9D1B5F8EA
:1097C0000480E88800F057FE07460146304600F066
:1097D00081FE0028CDD007EB870271680AEBC2003A
:1097E0000844028A4245C4D101780829C1D1407891
:1097F00069788842BDD1F9B222463046FFF765F953
:10980000B7E70E2F7FF470AFE9886F898B46B5F804
:1098100008903046FFF7BCF9ABF14001402901D375
:10982000092048E0B9F1170F01D3172F01D20B20FF
:1098300041E040280ED000EB800271680AEBC200C4
:1098400008440178012903D140786978884290D092
:109850000A2030E03046FFF77CF940282AD000EBA0
:10986000800372680AEBC30102EB0108012288F849
:1098700000206A7888F801207168AA884989B9426D
:1098800000D93946AD8903232372A282E781218260
:10989000A4F80C90658200F0FBFD6081A8F814909C
:1098A000A8F81870A8F80E50A8F810B0204600F0DC
:1098B000D0FD5EE7042005212172A4F80A80E08132
:1098C000012121739D49D1E90421CDE90021697865
:1098D0008DF80010ADF8020060886A463146FFF747
:1098E0004BFEE3E7062F8BD3B07890421AD1307845
:1098F000010717D520F0080030706088414660F3FA
:109900001F4100200AF036FA02208DF80800A888CE
:10991000ADF80C00ADF80E906088224602A9F8F769
:1099200069FB26E704213046FFF749F90546402840
:10993000BFD002208303009022462946304600F023
:10994000E6FD4146608865F30F2160F31F41052065
:109950000AF010FA0DE70E2FABD104213046FFF7C5
:109960002EF981464028A4D04146608869F30F2132
:1099700060F31F4105200AF0FDF9A8890690688967
:10998000009070682F894089B84200D938468346D4
:10999000B5F80680A8880190484600F079FD6081FE
:1099A000069818B102200090069B24E0B8F1170F2A
:1099B0001ED3172F1CD30420207200986082E781E9
:1099C000A4F810B0A4F80C8009EB890271680AEBC6
:1099D000C2000D18DDE90002A5F81480A5F818B042
:1099E000E8812A82204600F034FD06202870C0E677
:1099F00001200B23009022464946304600F087FDA7
:109A0000B7E6082F8DD1A9883046FFF7C1F8074681
:109A1000402886D000F027FD00289BD107EB870265
:109A200071680AEBC2000844804600F069FD002816
:109A300090D1ED88B8F80E002844B0F5803F05D3EA
:109A400060883A46314600F099FD92E6002DCED06E
:109A5000A8F80E0060883A463146FFF766FB0820FA
:109A60002072384600F014FD6081A5811EE72DE9C3
:109A7000F05F0C4601281ED0957992F80480567943
:109A800005EB85011F2202EBC10121F0030B08EB5E
:109A9000060111FB05F14FF6FF7202EAC10909F157
:109AA000030115FB0611264F21F0031ABB6840B1D4
:109AB00001283ED125E06168E57891F800804E7874
:109AC000DEE75946184606F070F9606000B9FFDF1E
:109AD0005A460021606803F078FCE5705146B8688A
:109AE00006F063F96168486100B9FFDF60684269A8
:109AF00002EB09018161606880F80080606846704F
:109B000017E0606852464169184606F079F95A46EE
:109B10006168B86806F074F9032006F0A5FA0446F7
:109B2000032006F0A9FA201A012802D1B86806F02D
:109B300031F90BEB0A00BDE8F09F0000D8B101003D
:109B40003000002002460021022090E7F7B5FF4CCC
:109B50000A2016462070009860B100254FEA0D00DB
:109B600006F005F90021A1706670002D01D1009961
:109B7000A160FEBD01250020F2E770B50C46154638
:109B800038220021204603F020FC012666700A22BC
:109B9000002104F11C0003F018FC05B9FFDF297A4D
:109BA000207861F301002070A87900282DD02A4682
:109BB00021460020FFF75BFF61684020E34A887080
:109BC0006168C8706168087161684871616888710E
:109BD0006168288808816168688848816068868132
:109BE0009078002811D0616806200877616828887D
:109BF000C8856168288848866068068560686988C5
:109C00009288018681864685828570BDC878002845
:109C100002D0002201202AE7704770B505460021D6
:109C200065F31F4100200AF0A5F80321284606F03D
:109C30006FFA040000D1FFDF21462846FEF766FFD9
:109C4000002804D0207840F010002070012070BD62
:109C500070B505460C46032006F0F8F908B100205F
:109C600070BDBA4885708480012070BD2DE9FF4128
:109C700080460E460F0CFEF73DFA050007D06F80B8
:109C80000321384606F044FA040008D106E004B087
:109C90003846BDE8F0411321F8F788BDFFDF5FEAE1
:109CA000080005D0B8F1050F18D0FFDFBDE8FF812F
:109CB00020782A4620F0080020700020ADF802002D
:109CC00002208DF800004FF6FF70ADF80400ADF8EB
:109CD000060069463846F8F78DF9E7E7C6F307212D
:109CE00001EB81021C23606803EBC202805C042844
:109CF00003D008280AD0FFDFD8E7012000904FF4F6
:109D000040432A46204600F002FCCFE704B02A4632
:109D10002046BDE8F041FEF7D8BE2DE9F05F0546CC
:109D20004089002790460C463E46824600F0A3FB41
:109D30008146287AC01E08286BD2DFE800F00D04A7
:109D4000192058363C4772271026002C6CD0D5E9D4
:109D50000301C4E902015CE070271226002C63D0E5
:109D60000A2205F10C0104F1080003F004FB50E0A5
:109D700071270C26002C57D0E868A06049E07427B2
:109D800010269CB3D5E90301C4E9020168880321C8
:109D900006F0BEF98346FEF7ADF9024668885080AA
:109DA00049465846FEF748FE33E075270A26ECB1CF
:109DB000A88920812DE076271426BCB105F10C007E
:109DC00004F1080307C883E8070022E0772710267C
:109DD00064B1D5E90301C4E902016888032106F0F2
:109DE00097F901466888FFF767FB12E01CE07327CC
:109DF0000826CCB16888032106F08AF9014600786C
:109E0000C00606D56888FEF781FE10B96888F7F7A6
:109E1000E7FDA8F800602CB12780A4F806A06680B2
:109E20006888A080002086E6A8F80060FAE72DE99F
:109E3000FC410C461E4617468046032106F068F991
:109E400005460A2C0AD2DFE804F0050505050505DC
:109E500009090907042303E0062301E0FFDF0023CB
:109E6000CDE90076224629464046FEF70CFFBDE8C4
:109E7000FC81F8B50546A0F57F40FF382BD0284679
:109E800006F079FA040000D1FFDF204605F00FFE4E
:109E9000002821D001466A46204605F02AFE009897
:109EA0000321B0F80560284606F032F90446052E75
:109EB00013D0304600F0DFFA05460146204600F098
:109EC00009FB40B1606805EB85013E2202EBC10150
:109ED000405A002800D00120F8BD007A0028FAD0AE
:109EE0000020F8BDF8B50446408806F044FA0500A5
:109EF00000D1FFDF6A462846616800F0A8FA0146F3
:109F00000098091F8BB230F8032F028042884280EC
:109F10000188994205D1042A08D0052A20D0062AB2
:109F200016D022461946FFF7C5F9F8BD001D0E46AA
:109F30000546014622463046FBF74DF90828F4D184
:109F4000224629463046FCF7BAF9F8BD3000002019
:109F5000636864880A46011D2046F9F7A9FBF4E707
:109F60002246001DFFF795FBEFE770B50D4606464C
:109F7000032106F0CDF8040004D02078000704D5B2
:109F8000112070BD43F2020070BD2A4621463046C2
:109F9000FEF713FF18B9286860616868A06120782F
:109FA00040F008002070002070BD2DE9F04F0E46F3
:109FB00091B08046032106F0ABF80446404606F017
:109FC000ECF907460020079008900990ADF83000A2
:109FD0000A9002900390049004B9FFDF0DF1080984
:109FE000FFB9FFDF1DE038460BA9002205F022FC77
:109FF0009DF82C0000F07F050A2D00D3FFDF6019CB
:10A00000017F491E01779DF82C00000609D52A46DC
:10A010000CA907A8FEF727FE19F80510491C09F836
:10A020000510761EF6B2DED204F13400F84D04F1CC
:10A03000260BDFF8E0A304F12A07069010E058464B
:10A04000069900F08DFA064628700A2800D3FFDF33
:10A050005AF8261040468847E08CC05DB04202D0D6
:10A06000208D0028EBD10A202870EA4D4E46283575
:10A070000EE00CA907A800F073FA0446375D55F806
:10A08000240000B9FFDF55F82420394640469047A8
:10A09000BDF81E000028ECD111B0BDE8F08F10B55E
:10A0A000032106F035F8040000D1FFDF0A22002169
:10A0B00004F11C0003F089F9207840F004002070BE
:10A0C00010BD10B50C46032106F022F82044007F95
:10A0D000002800D0012010BD2DE9F84F8946154613
:10A0E0008246032106F014F8070004D02846F7F74B
:10A0F000A2F840B903E043F20200BDE8F88F4846F9
:10A10000F7F7BFF808B11020F7E7786828B1698839
:10A110000089814201D90920EFE7B9F800001C2429
:10A1200088B100F0A8F980460146384600F0D2F91F
:10A1300088B108EB8800796804EBC000085C01284E
:10A140000BD00820D9E73846FEF703FD80464028AB
:10A1500007D11320D1E70520CFE7FDF7CBFF06009D
:10A160000BD008EB8800796804EBC0000C18B9F834
:10A17000000020B1E88910B113E01120BDE7288864
:10A18000172802D36888172801D20720B5E7686826
:10A1900038B12B1D224641463846FFF732F90028D8
:10A1A000ABD104F10C0269462046FFF729F8288854
:10A1B00060826888E082B9F8000030B10220207027
:10A1C000E889A080E889A0B12BE003202070A8894D
:10A1D000A08078688178402905D180F802803946CE
:10A1E0005046FEF71EFE404600F052F9A9F8000066
:10A1F00021E07868218B4089884200D90846208375
:10A20000A6F802A004203072B9F800007081E0893D
:10A210007082F181208B3082A08AB081304600F0BC
:10A2200018F97868C178402905D180F8038039464B
:10A230005046FEF747FE00205FE770B50D46064624
:10A24000032105F065FF04000ED0284600F013F945
:10A2500005460146204600F03DF918B1284600F0B9
:10A2600002F920B1052070BD43F2020070BD05EB7C
:10A2700085011C22606802EBC101084400F040F92E
:10A2800008B1082070BD2A462146304600F076F914
:10A29000002070BD2DE9F0410C4617468046032191
:10A2A00005F036FF0546204600F0E5F8044695B176
:10A2B0000146284600F00EF980B104EB84011C220F
:10A2C000686802EBC1014618304600F019F938B150
:10A2D0000820BDE8F08143F20200FAE70520F8E724
:10A2E0003B46324621462846FFF78BF80028F0D13E
:10A2F000E2B229464046FEF7A2FF708C08380828D3
:10A3000003D24348407800F06BFE0020E1E72DE9DE
:10A31000F0410D4617468046032105F0F9FE04463C
:10A32000284600F0A8F8064624B13846F6F783FF21
:10A3300038B902E043F20200CBE73868F6F77BFF5A
:10A3400008B11020C5E73146204600F0C3F860B1DF
:10A3500006EB86011C22606802EBC1014518284605
:10A3600000F0CEF818B10820B3E70520B1E7B888AF
:10A37000A98A884201D90C20ABE76168E88C49784A
:10A38000B0EBC10F01D31320A3E73146204600F004
:10A3900095F80146606808234078C20005F1240062
:10A3A00005F04FFDD7E90012C0E90012F2B22146D4
:10A3B0004046FEF7BAFE00208BE72DE9F0470D4638
:10A3C0001F4690468146032105F0A2FE044628461A
:10A3D00000F051F806463CB14DB13846F6F76FFF34
:10A3E00050B11020BDE8F08743F20200FAE7606840
:10A3F00058B1A0F80C8028E03146204600F06AF8F9
:10A4000018B1304600F02FF830B10520EAE700001F
:10A4100030000020F0B1010006EB86011C226068CC
:10A4200002EBC1014518284600F06AF808B108207F
:10A43000D8E7A5F80880F2B221464846FEF7FFFEAD
:10A440001FB1A8896989084438800020CAE705F04F
:10A4500050BB017821F00F01491C21F0F0011031AF
:10A460000170FDF74BBE20B94E48807808B101203D
:10A470007047002070474B498988884201D10020ED
:10A480007047402801D2402000E0403880B2704739
:10A4900010B50446402800D9FFDF2046FFF7E3FF50
:10A4A00010B14048808810BD4034A0B210BD406853
:10A4B00042690078484302EBC0007047C2784068A8
:10A4C000037812FB03F24378406901FB032100EBA0
:10A4D000C1007047C2788A4209D9406801EB810106
:10A4E0001C2202EBC101405C08B101207047002032
:10A4F00070470078062801D9012070470020704776
:10A500000078062801D00120704700207047F0B481
:10A5100001EB81061C27446807EBC6063444049D02
:10A5200005262670E3802571F0BCFEF785BA10B5CC
:10A53000418911B1FFF7DDFF08B1002010BD0120F6
:10A5400010BD10B5C18C8278B1EBC20F04D9C1899E
:10A5500011B1FFF7CEFF08B1002010BD012010BDE2
:10A5600010B50C4601230A22011D05F0A0FC00785D
:10A570002188012282409143218010BDF0B402EB7A
:10A5800082051C264C6806EBC505072363554B68FE
:10A590001C79402C03D11A71F0BCFEF7D8BCF0BC7A
:10A5A000704700003000002070B50B2000F0BDF9AE
:10A5B000082000F0BAF900210B2000F0D4F90021A6
:10A5C000082000F0D0F9F44C01256560A56000205A
:10A5D000C4F84001C4F84401C4F848010B2000F05D
:10A5E000B5F9082000F0B2F90B2000F091F92560D0
:10A5F00070BD10B50B2000F098F9082000F095F917
:10A60000E548012141608160E4490A68002AFCD1E3
:10A610000021C0F84011C0F84411C0F848110B20C7
:10A6200000F094F9BDE81040082000F08FB910B593
:10A630000B2000F08BF9BDE81040082000F086B92F
:10A6400000B530B1012806D0022806D0FFDF002077
:10A6500000BDD34800BDD34800BDD248001D00BD99
:10A6600070B5D1494FF000400860D04DC00BC5F81F
:10A670000803CF4800240460C5F840410820C435D1
:10A6800000F053F9C5F83C41CA48047070BD08B5E4
:10A69000C14A002128B1012811D002281CD0FFDFB7
:10A6A00008BD4FF48030C2F80803C2F84803BB4825
:10A6B0003C300160C2F84011BDE80840D0E74FF4DB
:10A6C0000030C2F80803C2F84803B44840300160C3
:10A6D000C2F84411B3480CE04FF48020C2F80803DC
:10A6E000C2F84803AD4844300160C2F84811AD4893
:10A6F000001D0068009008BD70B516460D46044662
:10A70000022800D9FFDF0022A348012304F1100131
:10A710008B4000EB8401C1F8405526B1C1F84021BF
:10A72000C0F8043303E0C0F80833C1F84021C0F892
:10A73000443370BD2DE9F0411D46144630B1012867
:10A7400033D0022838D0FFDFBDE8F081891E002217
:10A7500021F07F411046FFF7CFFF012D23D00020CD
:10A76000944D924F012668703E61914900203C391A
:10A7700008600220091D08608D49042030390860F6
:10A780008B483D34046008206C6000F0DFF8300432
:10A79000C7F80403082000F0BBF88349F007091F3D
:10A7A00008602E70D0E70120DAE7012B02D00022EA
:10A7B000012005E00122FBE7012B04D0002202204A
:10A7C000BDE8F04198E70122F9E774480068704756
:10A7D00070B500F0D8F8704C0546D4F8400100265A
:10A7E000012809D1D4F80803C00305D54FF48030FF
:10A7F000C4F80803C4F84061D4F8440101280CD11E
:10A80000D4F80803800308D54FF40030C4F80803D7
:10A81000C4F84461012008F01AFAD4F8480101286C
:10A820000CD1D4F80803400308D54FF48020C4F8B5
:10A830000803C4F84861022008F009FA5E48056080
:10A8400070BD70B500F09FF85A4D0446287850B19D
:10A85000FFF706FF687818B10020687008F0F7F974
:10A860005548046070BD0320F8E74FF0E0214FF435
:10A870000010C1F800027047152000F067B84B497E
:10A8800001200861082000F061B848494FF47C10AD
:10A89000C1F808030020024601EB8003C3F84025FD
:10A8A000C3F84021401CC0B20628F5D37047410AC6
:10A8B00043F609525143C0F3080010FB02F000F5C3
:10A8C000807001EB5020704710B5430B48F237649D
:10A8D00063431B0C5C020C60384C03FB0400384BD8
:10A8E0004CF2F72443435B0D13FB04F404EB4020CC
:10A8F00000F580704012107008681844086010BDA0
:10A900002C484068704729490120C1F8000270476F
:10A91000002809DB00F01F0201219140400980005E
:10A9200000F1E020C0F80011704700280DDB00F0B6
:10A930001F02012191404009800000F1E020C0F891
:10A940008011BFF34F8FBFF36F8F7047002809DB73
:10A9500000F01F02012191404009800000F1E02039
:10A96000C0F8801270474907090E002804DB00F187
:10A97000E02080F80014704700F00F0000F1E020A4
:10A9800080F8141D70470C48001F00680A4A0D49E2
:10A99000121D11607047000000B0004004B5004077
:10A9A0004081004044B1004008F501400080004073
:10A9B000408500403C00002014050240F7C2FFFF24
:10A9C0006F0C01000100000110B5EFF3108000F0E2
:10A9D000010472B6FC484178491C41704078012856
:10A9E00001D108F087FD002C00D162B610BD70B512
:10A9F000F54CA07848B90125A570FFF7E5FF08F0F0
:10AA00008AFD20B1002008F054FD002070BD4FF0F9
:10AA10008040E570C0F80453F7E770B5EFF310809D
:10AA200000F0010572B6E84C607800B9FFDF60788D
:10AA3000401E6070607808B908F060FD002D00D1FC
:10AA400062B670BDE04810B5817821B10021C170B7
:10AA50008170FFF7E2FF002010BD10B5044608F03A
:10AA60005AFDD9498978084000D001202060002093
:10AA700010BD10B5FFF7A8FF08F04DFD022201231D
:10AA8000D149540728B1D1480260236103200872DC
:10AA900002E00A72C4F804330020887110BD2DE969
:10AAA000F84FDFF824934278817889F80420002653
:10AAB00089F80510074689F806600078DFF810B3BA
:10AAC000354620B1012811D0022811D0FFDF08F04F
:10AAD00034FD4FF0804498B108F036FDB0420FD1FC
:10AAE000304608F035FD0028FAD042E00126EEE7B6
:10AAF000FFF76AFF58460168C907FCD00226E6E75F
:10AB00000120E060C4F80451B2490E600107D1F899
:10AB10004412B04AC1F3423124321160AD4934319C
:10AB200008604FF0020AC4F804A3A060AA480168B4
:10AB3000C94341F3001101F10108016841F010011E
:10AB4000016001E010F06CF9D4F804010028F9D09C
:10AB5000304608F0FDFC0028FAD0B8F1000F04D10F
:10AB60009D48016821F010010160C4F808A3C4F8F1
:10AB7000045199F805004E4680B1387870B908F054
:10AB8000CAFC804608F0DAFE6FF00042B8F1000F10
:10AB900002D0C6E9032001E0C6E90302DBF80000A9
:10ABA000C00701D008F0B3FC387810B13572BDE8A9
:10ABB000F88F4FF01808C4F808830127A7614FF4F5
:10ABC0002070ADF8000000BFBDF80000411EADF8D8
:10ABD0000010F9D2C4F80C51C4F810517A48C01DC5
:10ABE00008F040FD3570FFF744FF6761794930791F
:10ABF00020310860C4F80483D9E770B5050000D19E
:10AC0000FFDF4FF080424FF0FF30C2F80803002111
:10AC1000C2F80011C2F80411C2F80C11C2F81011E8
:10AC2000694C617008F083FC10B10120A070607065
:10AC300067480068C00701D008F069FC2846BDE8F5
:10AC400070402CE76048007A002800D0012070474F
:10AC50002DE9F04F61484FF0000A85B0D0F800B000
:10AC6000D14657465D4A5E49083211608406D4F8E1
:10AC7000080110B14FF0010801E04FF0000808F0A2
:10AC8000C4FC78B1D4F8240100B101208246D4F884
:10AC90001C0100B101208146D4F8200108B1012730
:10ACA00000E00027D4F8000100B101200490D4F89E
:10ACB000040100B101200390D4F80C0100B101207F
:10ACC0000290D4F8100100B101203F4D0190287886
:10ACD00000260090B8F1000F04D0C4F808610120EC
:10ACE00008F0E7FBBAF1000F04D0C4F82461092092
:10ACF00008F0DFFBB9F1000F04D0C4F81C610A2092
:10AD000008F0D7FB27B1C4F820610B2008F0D1FB75
:10AD10002D48C01D08F0AEFC00B1FFDFDFF8AC80AD
:10AD20000498012780B1C4F80873E87818B1EE7070
:10AD3000002008F0BEFB287A022805D103202872E3
:10AD40000221C8F800102761039808B1C4F8046113
:10AD5000029850B1C4F80C61287A032800D0FFDFB4
:10AD6000C8F800602F72FFF758FE019838B1C4F898
:10AD70001061287A012801D100F05CF86761009821
:10AD800038B12E70287A012801D1FFF772FEFFF743
:10AD900044FE0D48C01D08F083FC1049091DC1F890
:10ADA00000B005B0BDE8F08F074810B5C01D08F031
:10ADB00061FC0549B0B1012008704FF0E021C1F8F5
:10ADC0000002BDE81040FFE544000020340C0040C4
:10ADD0000C0400401805004010ED00E01005024092
:10ADE00001000001087A012801D1FFF742FEBDE809
:10ADF0001040244808F054BC70B5224CE41FA078E1
:10AE000008B908F07BFB01208507A861207A00269D
:10AE1000032809D1D5F80C0120B9002008F098FBCF
:10AE20000028F7D1C5F80C6126724FF0FF30C5F845
:10AE3000080370BD70B5134CE41F6079F0B10128B0
:10AE400003D0A179401E814218DA08F064FB054660
:10AE500008F074FD6179012902D9A179491CA17119
:10AE60000DB1216900E0E168411A022902DA11F10D
:10AE7000020F06DC0DB1206100E0E060BDE870402B
:10AE8000F7E570BD4B00002037490120086070478E
:10AE900070B50D2000F049F8344C0020C4F80001D2
:10AEA0000125C4F804530D2000F050F825604FF040
:10AEB000E0216014C1F8000170BD10B50D2000F054
:10AEC00034F82A48012141600021C0F80011BDE892
:10AED00010400D2000F03AB8254810B50468244908
:10AEE0002448083108602149D1F80001012804D024
:10AEF000FFDF1F48001D046010BD1B48001D0068D7
:10AF00000022C0B2C1F8002108F06FFCF1E710B5D3
:10AF1000164800BFD0F800110029FBD0FFF7DCFF76
:10AF2000BDE810400D2000F011B800280DDB00F046
:10AF30001F02012191404009800000F1E020C0F88B
:10AF40008011BFF34F8FBFF36F8F7047002809DB6D
:10AF500000F01F02012191404009800000F1E02033
:10AF6000C0F880127047000004D5004000D00040B7
:10AF700010050240010000014FF0E0214FF0007089
:10AF8000C1F8800101F5C071BFF34F8FBFF36F8F20
:10AF9000C1F80001394B802283F8002441F8800C6D
:10AFA000704700B502460420354903E001EBC003B9
:10AFB0001B792BB1401EC0B2F8D2FFDFFF2000BDCD
:10AFC00041F8302001EBC00100224A718A71012250
:10AFD0000A7100BD2A4A002102EBC00001717047CE
:10AFE00010B50446042800D3FFDF254800EBC40455
:10AFF0002079012800D0FFDF6079A179401CC0B220
:10B00000814200D060714FF0E0214FF00070C1F834
:10B01000000210BD70B50425194E1A4C16E02178B7
:10B0200006EBC1000279012A08D1427983799A425C
:10B0300004D04279827156F8310080472078401C54
:10B04000C0B22070042801D3002020706D1EEDB224
:10B05000E5D270BD0C4810B504680B490B480831A7
:10B060000860064890F800044009042800D0FFDF7B
:10B07000FFF7D0FF0448001D046010BD19E000E098
:10B080007405002058000020100502400100000156
:10B090000548064A0168914201D100210160044936
:10B0A00001200860704700005C000020BEBAFECAA4
:10B0B00040E501400F4A12680D498A420CD11847F9
:10B0C0000C4A12680A4B9A4206D101B508F008FCF6
:10B0D00008F0DBFEBDE80140074909680958084748
:10B0E00006480749054A064B70470000000000006B
:10B0F000BEBAFECA5C00002004000020B00F002091
:10B10000B00F0020F8B51D46DDE906470E000AD055
:10B1100005F043F92346FF1DBCB231462A46009490
:10B1200004F061FDF8BDD0192246194602F023F95A
:10B130002046F8BD70B50D4604461022002102F0ED
:10B1400044F9258117206081A07B40F00A00A0739C
:10B1500070BD4FF6FF720A800146022008F00ABE59
:10B16000704700897047827BD30701D1920703D4CF
:10B17000808908800020704705207047827B9207F5
:10B1800000D58181704701460020098841F6FE52B2
:10B19000114200D00120704700B50346807BC007F4
:10B1A00001D0052000BD59811846FFF7ECFFC0070C
:10B1B00003D0987B40F004009873987B40F0010026
:10B1C0009873002000BD827B520700D509B14089E9
:10B1D000704717207047827B61F3C3028273704708
:10B1E0002DE9FC5F0E46044601789646012000FAE0
:10B1F00001F14DF6FF5201EA020962684FF6FF7B4A
:10B200001188594502D10920BDE8FC9FB9F1000F12
:10B2100005D041F6FE55294201D00120F4E741EA6C
:10B22000090111801D0014D000232B7094F800C078
:10B23000052103221F464FF0020ABCF10E0F76D201
:10B24000DFE80CF0F909252F47646B77479193B439
:10B25000D1D80420D8E7616820898B7B9B0767D50C
:10B2600017284AD30B89834247D38989172901D3E9
:10B27000814242D185F800A0A5F8010032806168C2
:10B2800088816068817B21F002018173C6E004201F
:10B2900028702089A5F801006089A5F80300318095
:10B2A000BCE0208A3188C01D1FFA80F8414524D3B4
:10B2B000062028702089A5F801006089A5F8030000
:10B2C000A089A5F805000721208ACDE9000163695E
:10B2D00041E00CF0FF00082810D0082028702089D9
:10B2E000A5F801006089A5F8030031806A1D694650
:10B2F00004F10C0006F0BBFC10B15EE01020EDE79D
:10B3000030889DF800100844308087E00A202870BB
:10B310002089A5F80100328044E00C2028702089A3
:10B32000A5F801006089A5F8030031803AE082E0C9
:10B3300064E02189338800EB41021FFA82F843451B
:10B340003BD3B8F1050F38D30E222A700BEA410126
:10B35000CDE90010E36860882A467146FFF7D2FE07
:10B36000A6F800805AE04020287060893188C01C0F
:10B370001FFA80F8414520D32878714620F03F001D
:10B38000123028702089A5F801006089CDE90002FB
:10B3900060882A46E368FFF7B5FEA6F800802878A3
:10B3A00040063BD461682089888037E0A0893288D4
:10B3B000401D1FFA80F8424501D204273DE01620C7
:10B3C00028702089A5F801006089A5F80300A089EC
:10B3D000CDE9000160882A4671462369FFF792FE95
:10B3E000A6F80080DEE718202870207A6870A6F89A
:10B3F00000A013E061680A88920401D405271CE0CC
:10B40000C9882289914201D0062716E01E212970A1
:10B4100030806068018821F400510180B9F1000F8B
:10B420000BD0618878230022022008F0F9FB6168C4
:10B430002078887006E0338003276068018821EA5D
:10B44000090101803846DFE62DE9FF4F85B0174638
:10B45000129C0D001E461CD03078C10703D000F0AE
:10B460003F00192801D9012100E000212046FFF703
:10B47000AAFEA8420DD32088A0F57F41FF3908D04D
:10B480003078410601D4000605D5082009B0BDE892
:10B49000F08F0720FAE700208DF800008DF80100FA
:10B4A00030786B1E00F03F0C0121A81E4FF0050AFA
:10B4B0004FF002094FF0030B9AB2BCF1200F75D286
:10B4C000DFE80CF08B10745E7468748C749C74B537
:10B4D00074BA74C874D474E1747474F174EF74EE53
:10B4E00074ED748B052D78D18DF80090A0788DF8CF
:10B4F00004007088ADF8060030798DF8010070788E
:10B5000000F03F000C2829D00ADCA0F10200092835
:10B5100063D2DFE800F0126215621A621D62200039
:10B52000122824D004DC0E281BD01028DBD11BE00D
:10B5300016281FD01828D6D11FE02078800701E0F8
:10B5400020784007002848DAEEE020780007F9E785
:10B550002078C006F6E720788006F3E720784006DA
:10B56000F0E720780006EDE72088C005EAE72088AC
:10B570004005E7E720880005E4E72088C004E1E70C
:10B580002078800729D5032D27D18DF800B0B6F893
:10B59000010081E0217849071FD5062D1DD381B216
:10B5A0007078012803D0022817D102E0C9E00220F8
:10B5B00000E0102004228DF8002072788DF804201D
:10B5C000801CB1FBF0F2ADF8062092B242438A42F1
:10B5D00003D10397ADF80890A6E079E02078000742
:10B5E00076D598B282088DF800A0ADF80420B0EBB3
:10B5F000820F6DD10297ADF8061095E02178C9064B
:10B6000066D5022D64D381B206208DF800007078D3
:10B6100002285DD3B1FBF0F28DF80400ADF80620EE
:10B6200092B242438A4253D1ADF808907BE0207831
:10B6300080064DD5072003E0207840067FD50820FE
:10B640008DF80000A088ADF80400ADF80620ADF834
:10B65000081068E02078000671D50920ADF80420B4
:10B660008DF80000ADF8061002975DE02188C9054D
:10B6700065D5022D63D381B20A208DF80000707861
:10B6800004285CD3C6E72088400558D5012D56D143
:10B690000B208DF80000A088ADF8040044E021E004
:10B6A00026E016E0FFE72088000548D5052D46D3A3
:10B6B0000C208DF80000A088ADF80400B6F8030057
:10B6C0006D1FADF80850ADF80600ADF80AA02AE0ED
:10B6D00035E02088C00432D5012D30D10D208DF801
:10B6E000000021E02088800429D4B6F80100E08021
:10B6F000A07B000723D5032D21D3307800F03F0035
:10B700001B2818D00F208DF80000208840F400502E
:10B71000A4F80000B6F80100ADF80400ED1EADF885
:10B720000650ADF808B0039769460598F9F79CFAFA
:10B73000050008D016E00E208DF80000EAE7072586
:10B7400010E008250EE0307800F03F001B2809D0FB
:10B750001D2807D00220059908F00CFB208800F472
:10B7600000502080A07B400708D52046FFF70BFD46
:10B77000C00703D1A07B20F00400A073284685E613
:10B780001FB5022806D101208DF8000088B2694655
:10B79000F9F76AFA1FBD0000F8B51D46DDE9064756
:10B7A0000E000AD004F0F9FD2346FF1DBCB231465D
:10B7B0002A46009404F017FAF8BDD019224619461B
:10B7C00001F0D9FD2046F8BD2DE9FF4F8DB09B4615
:10B7D000DDE91B57DDF87CA00C46082B05D0E0699D
:10B7E00001F0FEF850B11020D2E02888092140F085
:10B7F000100028808AF80010022617E0E169012075
:10B800008871E2694FF420519180E1698872E069A2
:10B8100042F601010181E06900218173288811212C
:10B8200040F0200028808AF80010042638780A901A
:10B830000A2038704FF0020904F118004D460C90B0
:10B8400001F0C6FBB04681E0BBF1100F0ED1022D16
:10B850000CD0A9EB0800801C80B20221CDE90010B9
:10B8600005AB52461E990D98FFF796FFBDF81610CE
:10B870001A98814203D9F74800790F9004E003D168
:10B880000A9808B138702FE04FF00201CDE9001995
:10B890000DF1160352461E990D98FFF77DFF1D9876
:10B8A0000088401B801B83B2C6F1FF00984200D283
:10B8B00003461E990BA8D9B15FF00002DDF878C0ED
:10B8C000CDE9032009EB060189B2CDE901C10F984A
:10B8D0000090BDF8161000220D9801F00EFC387093
:10B8E00070B1C0B2832807D0BDF8160020833AE0BB
:10B8F0000AEB09018A19E1E7022011B0BDE8F08FD7
:10B90000BDF82C00811901F0FF08022D0DD09AF826
:10B910000120424506D1BDF82010814207D0B8F180
:10B92000FF0F04D09AF801801FE08AF80180C9480F
:10B9300000680178052902D1BDF81610818009EB55
:10B9400008001FFA80F905EB080085B2DDE90C104C
:10B9500005AB0F9A01F03FFB28B91D980088411BE9
:10B960004145BFF671AF022D13D0BBF1100F0CD1C2
:10B97000A9EB0800801C81B20220CDE9000105ABD3
:10B9800052461E990D98FFF707FF1D98058000206D
:10B9900038700020B1E72DE9F8439C46089E134615
:10B9A0000027B26B9AB3491F8CB2F18FA1F57F4586
:10B9B000FF3D05D05518AD882944891D8DB200E0A2
:10B9C00000252919B6F83C800831414520D82A4481
:10B9D000BCF8011022F8021BBCF8031022F8021B6D
:10B9E000984622F8024B914604F0C5FC4FF00C0C2F
:10B9F00041464A462346CDF800C004F0C0F8F5871A
:10BA0000B16B00202944A41D2144088003E001E01B
:10BA1000092700E083273846BDE8F88310B50B8876
:10BA2000848F9C420CD9846BE018048844B18488CC
:10BA300024F40044A41D23440B801060002010BD9A
:10BA40000A2010BD2DE9F0478AB0002590468946AE
:10BA50008246ADF8185007274BE005980688808885
:10BA6000000446D4A8F8006007A801950097029545
:10BA7000CDE903504FF4007300223146504601F0E7
:10BA80003CFB04003CD1BDF81800ADF8200005983F
:10BA900004888188B44216D10A0414D40195029511
:10BAA000039521F400410097049541F480434288B6
:10BAB0002146504601F0BFF804000BD1059881885B
:10BAC00041F40041818005AA08A94846FFF7A6FF76
:10BAD0000400DCD000970598029501950395049524
:10BAE0000188BDF81C300022504601F0A4F80A2C51
:10BAF00006D105AA06A94846FFF790FF0400ACD07E
:10BB0000ADF8185004E00598818821F40041818047
:10BB100005AA06A94846FFF781FF0028F3D00A2CA2
:10BB200003D020460AB0BDE8F0870020FAE710B540
:10BB30000C46896B86B051B10C218DF80010A18F95
:10BB4000ADF80810A16B01916946FAF74DF8002095
:10BB50004FF6FF71A063E187A08706B010BD2DE905
:10BB6000F0410D460746896B0020069E14460029C9
:10BB700011D0012B0FD1324629463846FFF762FF1C
:10BB8000002808D1002C06D0324629463846BDE8A8
:10BB9000F04100F034BFBDE8F0812DE9FC411446CE
:10BBA000DDE9087C0E46DDE90A15521DBCF800E00F
:10BBB00092B2964502D20720BDE8FC81ACF8002085
:10BBC00017222A70A5F80160A5F803300522CDE9F7
:10BBD00000423B462A46FFF7DFFD0020ECE770B548
:10BBE0000C46154648220021204601F0EEFB04F1E8
:10BBF000080044F81C0F00204FF6FF71E0616184DB
:10BC00002084A5841720E08494F82A0040F00A00DC
:10BC100084F82A0070BD4FF6FF720A8001460320A7
:10BC200008F0A8B830B585B00C460546FFF77FFF91
:10BC3000A18E284629B101218DF800106946F9F737
:10BC4000D3FF0020E0622063606305B030BDB0F830
:10BC5000400070476000002090F84620920703D40F
:10BC6000408808800020F4E70620F2E790F846209C
:10BC70009207EED5A0F84410EBE7014600200988B2
:10BC80000A0700D5012011F0F00F01D040F00200AA
:10BC9000CA0501D540F004008A0501D540F008002E
:10BCA0004A0501D540F010000905D2D540F020002A
:10BCB000CFE700B5034690F84600C00701D0062044
:10BCC00000BDA3F842101846FFF7D7FF10F03E0F53
:10BCD00005D093F8460040F0040083F8460013F8BE
:10BCE000460F40F001001870002000BD90F846207B
:10BCF000520700D511B1B0F84200AAE71720A8E713
:10BD000010F8462F61F3C3020270A2E72DE9FF4F3E
:10BD10009BB00E00DDE92B34DDE92978289D24D085
:10BD20002878C10703D000F03F00192801D901216C
:10BD300000E000212046FFF7D9FFB04215D3287854
:10BD4000410600F03F010CD41E290CD0218811F4CB
:10BD50007F6F0AD13A8842B1A1F57F42FF3A04D001
:10BD600001E0122901D1000602D504201FB0C5E56B
:10BD7000FA491D984FF0000A08718DF818A08DF847
:10BD80003CA00FAA0A60ADF81CA0ADF850A029781D
:10BD9000994601F03F02701F5B1C04F1180C4FF034
:10BDA000060E4FF0040BCDF858C01F2A7ED2DFE8F4
:10BDB00002F07D7D107D267DAC7DF47DF37DF27DEE
:10BDC000F17DF47DF07D7D7DEF7DEE7D7D7D7D7D62
:10BDD000ED0094F84610B5F80100890701D5032E4F
:10BDE00002D08DF818B01EE34FF40061ADF850108A
:10BDF000608003218DF83C10ADF84000D4E2052EA0
:10BE0000EFD1B5F801002083ADF81C00B5F80310A0
:10BE1000618308B1884201D9012079E10020A07234
:10BE200020814FF6FF702084169801F0D1F805208C
:10BE300089F800000220029083460AAB1D9A1699E9
:10BE40001B9801F0C8F890BB9DF82E00012804D083
:10BE5000022089F80100102003E0012089F8010088
:10BE600002200590002203A90BA805F000FFE8BB03
:10BE70009DF80C00059981423DD13988801CA1EBC9
:10BE80000B01814237DB02990220CDE900010DF15F
:10BE90002A034A4641461B98FFF77EFC02980BF1A5
:10BEA000020B801C81B217AA029101E09CE228E0FB
:10BEB00003A90BA805F0DBFE02999DF80C00CDE963
:10BEC000000117AB4A4641461B98FFF765FC9DF8F9
:10BED0000C000AAB0BEB00011FFA81FB02991D9AC3
:10BEE000084480B2029016991B9800E003E001F02C
:10BEF00072F80028B6D0BBF1020F02D0A7F800B04C
:10BF00004FE20A208DF818004BE200210391072E22
:10BF1000FFF467AFB5F801002083ADF81C00B5F859
:10BF20000320628300283FF477AF90423FF674AF5E
:10BF30000120A072B5F8050020810020A073E069FF
:10BF400000F04EFD78B9E16901208871E2694FF493
:10BF500020519180E1698872E16942F6010008810F
:10BF6000E06900218173F01F20841E986062072021
:10BF70006084169801F02CF8072089F80000012051
:10BF8000049002900020ADF82A0028E019E29FE119
:10BF900035E1E5E012E2A8E080E043E00298012804
:10BFA00014D0E0698079012803D1BDF82800ADF8EC
:10BFB0000E00049803ABCDE900B04A4641461B98F9
:10BFC000FFF7EAFB0498001D80B20490BDF82A0038
:10BFD000ADF80C00ADF80E00059880B202900AABE7
:10BFE0001D9A16991B9800F0F6FF28B90298398817
:10BFF000001D05908142D1D20298012881D0E069CC
:10C000008079012803D1BDF82800ADF80E0004980E
:10C0100003ABCDE900B04A4641461B98FFF7BCFB95
:10C020000298BDE1072E02D0152E7FF4DAAEB5F8E6
:10C0300001102183ADF81C10B5F80320628300299C
:10C040003FF4EAAE91423FF6E7AE0121A1724FF014
:10C05000000BA4F808B084F80EB0052E07D0C0B2CB
:10C06000691DE26905F001FE00287FF44AAF4FF632
:10C07000FF70208401A906AA14A8CDF800B081E8B9
:10C0800085032878214600F03F031D9A1B98FFF78F
:10C090009BFB8246208BADF81C0082E10120032E21
:10C0A000C3D14021ADF85010B5F801102183ADF88F
:10C0B0001C100AAAB8F1000F00D00023CDE902033A
:10C0C00004921D98CDF80480009038880022401E0C
:10C0D00083B21B9801F011F88DF8180090BB0B206B
:10C0E00089F80000BDF8280035E04FF0010C052E5E
:10C0F0009BD18020ADF85000B5F801102183B5F830
:10C1000003002084ADF81C10B0F5007F03D9072090
:10C110008DF8180087E140F47C4222840CA8B8F125
:10C12000000F00D00023CDE90330CDE9018C1D982C
:10C1300000903888401E83B21B9800F0DEFF8DF817
:10C14000180018B18328A8D10220BFE00D2189F87A
:10C150000010BDF83000401C22E10000600000200B
:10C16000032E04D248067FF53CAE002018E1B5F856
:10C170000110ADF81C102878400602D58DF83CE07F
:10C1800002E007208DF83C004FF000080320CDE9C5
:10C1900002081E9BCDF810801D980193A6F1030B99
:10C1A00000901FFA8BF342461B9800F044FD8DF877
:10C1B00018008DF83C80297849060DD52088C005E7
:10C1C00006D5208BBDF81C10884201D1C4F824800C
:10C1D00040468DF81880E3E0832801D14FF0020A31
:10C1E0004FF48070ADF85000BDF81C002083A4F817
:10C1F00020B01E986062032060841321CDE0052EDC
:10C20000FFF4EFADB5F80110ADF81C10A28F6AB3C2
:10C21000A2F57F43FE3B29D008228DF83C2000BFC9
:10C220004FF0000B0523CDE9023BDDF878C0CDF8D7
:10C2300010B01D9A80B2CDF804C040F400430092C3
:10C24000B5F803201B9800F0F6FC8DF83CB04FF4D5
:10C2500000718DF81800ADF85010832810D0F8B197
:10C26000A18FA1F57F40FE3807D0DCE00B228DF8CE
:10C270003C204FF6FE72A287D2E7A4F83CB0D2E091
:10C2800000942B4631461E9A1B98FFF784FB8DF8CD
:10C29000180008B183284BD1BDF81C00208353E758
:10C2A00000942B4631461E9A1B98FFF774FB8DF8BD
:10C2B0001800E8BBE18FA06B0844831D8DE888035C
:10C2C0004388828801881B98FFF767FC824668E0F4
:10C2D00095F80180022E70D15FEA080002D0B8F113
:10C2E000010F6AD109208DF83C0007A800908DF855
:10C2F00040804346002221461B98FFF730FC8DF812
:10C3000042004FF0000B8DF843B050B9B8F1010F67
:10C3100012D0B8F1000F04D1A18FA1F57F40FF38F2
:10C320000AD0A08F40B18DF83CB04FF4806000E09F
:10C3300037E0ADF850000DE00FA91B98F9F754FC59
:10C3400082468DF83CB04FF48060ADF85000BAF1F1
:10C35000020F06D0FC480068C07928B18DF818009B
:10C3600027E0A4F8188044E0BAF1000F03D0812040
:10C370008DF818003DE007A80090434601222146B1
:10C380001B98FFF7ECFB8DF8180021461B98FFF770
:10C39000CEFB9DF8180020B9192189F80010012062
:10C3A00038809DF83C0020B10FA91B98F9F71CFCC0
:10C3B0008246BAF1000F33D01BE018E08DF818E088
:10C3C00031E02078000712D5012E10D10A208DF817
:10C3D0003C00E088ADF8400003201B9907F0CAFC40
:10C3E0000820ADF85000C0E648067FF5FAAC4FF0E3
:10C3F000040A2088BDF8501008432080BDF8500082
:10C4000080050BD5A18FA1F57F40FE3806D11E987F
:10C41000E06228982063A6864FF0030A5046A5E400
:10C420009DF8180078B1012089F80000297889F872
:10C430000110BDF81C10A9F802109DF8181089F819
:10C440000410052038802088BDF8501088432080D3
:10C45000E4E72DE9FF4F8846087895B00121814037
:10C460004FF20900249C0140ADF820102088DDF82F
:10C470008890A0F57F424FF0000AFF3A06D039B10C
:10C48000000705D5012019B0BDE8F08F0820FAE7B4
:10C49000239E4FF0000B0EA886F800B018995D4659
:10C4A0000988ADF83410A8498DF81CB0179A0A71A4
:10C4B0008DF838B0086098F8000001283BD00228B9
:10C4C00009D003286FD1307820F03F001D30307044
:10C4D000B8F80400E08098F800100320022904D185
:10C4E000317821F03F011B31317094F84610090773
:10C4F00059D505ABB9F1000F13D0002102AA82E88B
:10C500000B000720CDE90009BDF83400B8F804108D
:10C51000C01E83B20022159800F0EFFD0028D1D193
:10C5200001E0F11CEAE7B8F80400A6F80100BDF844
:10C530001400C01C04E198F805108DF81C1098F840
:10C540000400012806D04FF4007A02282CD00328DA
:10C55000B8D16CE12188B8F8080011F40061ADF899
:10C56000201020D017281CD3B4F84010814218D3D3
:10C57000B4F84410172901D3814212D1317821F047
:10C580003F01C91C3170A6F801000321ADF8341039
:10C59000A4F8440094F8460020F0020084F8460015
:10C5A00065E105257EE177E1208808F1080700F4C0
:10C5B000FE60ADF8200010F0F00F1BD010F0C00F9F
:10C5C00003D03888228B9042EBD199B9B878C00754
:10C5D00010D0B9680720CDE902B1CDF804B00090C1
:10C5E000CDF810B0FB88BA883988159800F023FB85
:10C5F0000028D6D12398BDF82010401C80294ED0A9
:10C6000006DC10290DD020290BD0402987D124E049
:10C61000B1F5807F6ED051457ED0B1F5806F97D156
:10C62000DEE0C80601D5082000E0102082460DA9F2
:10C6300007AA0520CDE902218DF83800ADF83CB0FD
:10C64000CDE9049608A93888CDE9000153460722B0
:10C6500021461598FFF7B8F8A8E09DF81C200121A5
:10C660004FF00A0A002A9BD105ABB9F1000F00D0A8
:10C670000020CDE902100720CDE90009BDF8340003
:10C680000493401E83B2218B0022159800F035FDE3
:10C690008DF81C000B203070BDF8140020E09DF8D0
:10C6A0001C2001214FF00C0A002A22D113ABB9F152
:10C6B000000F00D00020CDE902100720CDE90009CD
:10C6C0000493BDF83400228C401E83B2218B159850
:10C6D00000F013FD8DF81C000D203070BDF84C00EB
:10C6E000401CADF8340005208DF83800208BADF8E3
:10C6F0003C00BCE03888218B88427FF452AF9DF823
:10C700001C004FF0120A00281CD1606AA8B1B8784A
:10C71000C0073FF446AF00E018E0BA680720CDE953
:10C7200002B2CDF804B00090CDF810B0FB88BA8802
:10C73000159800F080FA8DF81C001320307001204D
:10C74000ADF8340093E00000600000203988208BB1
:10C750008142D2D19DF81C004FF0160A0028A06B30
:10C7600008D0E0B34FF6FF7000215F46ADF808B087
:10C77000019027E068B1B978C907BED1E18F0DAB50
:10C780000844821D03968DE80C0243888288018844
:10C7900009E0B878C007BCD0BA680DAB03968DE845
:10C7A0000C02BB88FA881598FFF7F7F905005ED0F0
:10C7B000072D72D076E0019005AA02A92046FFF766
:10C7C0002DF90146E28FBDF80800824201D0002910
:10C7D000F1D0E08FA16B084407800198E08746E024
:10C7E0009DF81C004FF0180A40B1208BC8B1388862
:10C7F000208321461598FFF79AF938E004F11800D4
:10C800000090237E012221461598FFF7A8F98DF8A4
:10C810001C000028EDD1192030700120ADF8340043
:10C82000E7E7052521461598FFF781F93AE02088CA
:10C8300000F40070ADF8200050452DD1A08FA0F578
:10C840007F41FE3901D006252CE0D8F808004FF0D2
:10C85000160A48B1A063B8F80C10A1874FF6FF7113
:10C86000E187A0F800B002E04FF6FF70A087BDF8A6
:10C87000200030F47F611AD078230022032015991C
:10C8800007F0CEF998F8000020712088BDF820103C
:10C89000084320800EE000E007252088BDF8201026
:10C8A00088432080208810F47F6F1CD03AE02188D4
:10C8B000814321809DF8380020B10EA91598F9F721
:10C8C00093F905469DF81C000028EBD086F801A0DE
:10C8D00001203070208B70809DF81C003071052085
:10C8E000ADF83400DEE7A18EE1B118980DAB0088F9
:10C8F000ADF834002398CDE90304CDE90139206B6C
:10C900000090E36A179A1598FFF700FA0546012090
:10C910008DF838000EA91598F9F766F900B10546AB
:10C92000A4F834B094F8460040070AD52046FFF733
:10C93000A4F910F03E0F04D114F8460F20F00400C3
:10C9400020701898BDF83410018028469BE500B58A
:10C9500085B0032806D102208DF8000088B2694610
:10C96000F9F742F905B000BD10B5384C0B782268D4
:10C97000012B02D0022B2AD111E013780BB1052B29
:10C9800001D10423137023688A889A802268CB8897
:10C99000D38022680B891381498951810DE08B88EE
:10C9A00093802268CB88D38022680B8913814B89BE
:10C9B00053818B899381096911612168F9F714F911
:10C9C000226800210228117003D0002800D08120A5
:10C9D00010BD832010BD806B002800D0012070475F
:10C9E0008178012909D10088B0F5205F03D042F693
:10C9F0000101884201D10020704707207047F0B53F
:10CA000087B0002415460E460746ADF8184011E0E1
:10CA100005980088288005980194811DCDE9024180
:10CA2000072104940091838842880188384600F0E9
:10CA300002F930B905AA06A93046FEF7EFFF002833
:10CA4000E6D00A2800D1002007B0F0BD6000002029
:10CA500010B58B7883B102789A4205D10B885BB10F
:10CA600002E08B79091D4BB18B789A42F9D1B0F86D
:10CA700001300C88A342F4D1002010BD812010BDEC
:10CA8000072826D012B1012A27D103E0497801F006
:10CA9000070102E04978C1F3C20105291DD2DFE890
:10CAA00001F00318080C12000AB10320704702209D
:10CAB000704704280DD250B10DE0052809D2801E20
:10CAC000022808D303E0062803D0032803D005205A
:10CAD0007047002070470F20704781207047C0B218
:10CAE00082060BD4000607D5FA48807A4143C01D60
:10CAF00001EBD00080B270470846704700207047B5
:10CB000070B513880B800B781C0625D5F14CA47AE0
:10CB1000844204D843F010000870002070BD95686E
:10CB200000F0070605EBD0052D78F54065F30413FA
:10CB30000B701378D17803F0030341EA032140F22C
:10CB40000123B1FBF3F503FB15119268E41D00FB13
:10CB5000012000EBD40070BD906870BD37B514465D
:10CB6000BDF804101180117841F0040111709DF896
:10CB700004100A061ED5D74AA368C1F30011927AA1
:10CB8000824208D8FE2811D1D21DD2084942184647
:10CB900000F01BFC0AE003EBD00200F007030125C4
:10CBA00010789D40A843994008431070207820F0E9
:10CBB000100020703EBD2DE9F0410746C81C0E460E
:10CBC00020F00300B04202D08620BDE8F081C14DC4
:10CBD000002034462E60AF802881AA72E8801AE0D7
:10CBE000E988491CE980810614D4E17800F003004B
:10CBF00041EA002040F20121B0FBF1F201FB1201F9
:10CC00002068FFF76CFF2989084480B22881381A10
:10CC10003044A0600C3420784107E1D40020D4E7F0
:10CC2000AC4801220189C08800EB400002EB800083
:10CC3000084480B270472DE9FF4F89B01646DDE900
:10CC4000168A0F46994623F44045084600F054FBE7
:10CC5000040002D02078400703D401200DB0BDE8C5
:10CC6000F08F099803F01EFA02902078000606D58E
:10CC70009848817A0298814201D88720EEE72246BF
:10CC800001A90298FFF73CFF834600208DF80C00B5
:10CC90004046B8F1070F1AD001222146FFF7F0FEF7
:10CCA0000028DBD12078400611D502208DF80C0039
:10CCB000ADF81070BDF80400ADF81200ADF81460C6
:10CCC0001898ADF81650CDF81CA0ADF818005FEA22
:10CCD000094004D500252E46A84601270CE02178FE
:10CCE000E07801F0030140EA012040F20121B0FBAD
:10CCF000F1F2804601FB12875FEA494009D5B84549
:10CD000007D1A178207901F0030140EA0120B04267
:10CD100001D3BE4201D90720A0E7A8191FFA80F964
:10CD2000B94501D90D2099E79DF80C0028B103A958
:10CD30000998F8F757FF002890D1B84507D1A07897
:10CD40004FEA192161F30100A07084F804901A9849
:10CD500000B10580199850EA0A0027D0199830B11F
:10CD60000BEB06002A46199900F005FB0EE00BEBD1
:10CD700006085746189E099803F0FDFA2B46F61D43
:10CD8000B5B239464246009502F0F9FE224601A9A5
:10CD90000298FFF7B5FE9DF80400224620F010002F
:10CDA0008DF80400DDE90110FFF7D8FE002055E7FB
:10CDB0002DE9FF4FDFF81C91824685B0B9F80610C7
:10CDC000D9F8000001EB410100EB810440F20120A1
:10CDD000B2FBF0F1174600FB1175DDE9138B4E46EF
:10CDE00029460698FFF77BFE0346FFF719FF184414
:10CDF000B1880C30884202D9842009B02FE7069808
:10CE0000C6B2300603D5B00601D50620F5E7B9F85D
:10CE10000620521C92B2A9F80620BBF1000F01D0E7
:10CE2000ABF80020B00602D5C4F808800AE0B9F8D3
:10CE300008201A4492B2A9F80820D9F80000891AEB
:10CE40000844A0602246FE200699FFF787FEE7709F
:10CE500025712078390A61F301002A0AA17840F08F
:10CE6000040062F30101A17020709AF80200607161
:10CE7000BAF80000E08000252573300602D599F845
:10CE80000A7000E00127B00601D54FF000084E46B9
:10CE900000244FF007090FE0CDE902580195CDF8C5
:10CEA00000900495F1882046129B089AFFF7C3FE74
:10CEB0000028A2D1641CE4B2BC42EDD300209CE760
:10CEC00000B5FFF7ADFE03490C308A88904203D9C4
:10CED000842000BD94050020CA88086802EB420344
:10CEE00000EB8300521C037823F004030370CA8014
:10CEF000002101730846ECE72DE9F047804600F079
:10CF0000FBF9070005D000264446F74D40F2012901
:10CF100016E00120BDE8F087204600F0EDF9027828
:10CF2000C17802F0030241EA0222B2FBF9F309FBE5
:10CF300013210068FFF7D3FD3044641C86B2A4B20D
:10CF4000E988601E8142E7DCA8F10100E8802889B9
:10CF5000801B288100203870DCE710B5144631B101
:10CF6000491E218003F09EF8A070002010BD012012
:10CF700010BD70B50446DC48C188036801E0401C60
:10CF800020802088884207D200EB400213EB820207
:10CF900002D015786D07F2D580B2884216D2AAB1B8
:10CFA0005079A072D08820819178107901F0030126
:10CFB00040EA0120A081A078E11CFFF7A1FD2061DB
:10CFC0002088401C2080E080002070BD0A2070BDB9
:10CFD0000121018270472DE9FF4F85B04FF6FF799F
:10CFE0008246A3F8009048681E460D4680788DF86A
:10CFF000060048680088ADF8040000208DF80A009B
:10D00000088A0C88A04200D304462C8251E038786C
:10D01000400708D4641C288AA4B2401C288208F166
:10D020000100C0B246E0288A401C2882781D696849
:10D03000FFF70EFDD8BB3188494501D1601E308015
:10D040003188A1EB080030806888A04238D3B878D6
:10D05000397900F0030041EA002801A9781DFFF7A3
:10D06000F7FC20BB298949452ED000223946079874
:10D07000FFF706FDD8B92989414518D1E968039120
:10D08000B5F80AC0D7F808B05046CDF800C003F094
:10D0900072F9DDF800C05A460CF1070C1FFA8CFC3F
:10D0A00043460399CDF800C002F033FD60B1641C23
:10D0B000A4B200208046204600F01EF90700A6D149
:10D0C000641E2C820A2098E674807879B071F88802
:10D0D000B0803978F87801F0030140EA01207081CE
:10D0E000A6F80C80504602F0DDFF3A4606F1080132
:10D0F000FFF706FD306100207FE62DE9FF4F87B086
:10D1000081461C469246DDF860B0DDF854800898F0
:10D1100000F0F2F8050002D02878400702D4012080
:10D120000BB09CE5484602F0BDFF2978090605D5FD
:10D130006D49897A814201D88720F1E7CAF309064F
:10D140002A4601A9FFF7DCFC0746149807281CD0E3
:10D1500000222946FFF794FC0028E1D128784006F8
:10D1600013D501208DF808000898ADF80C00BDF823
:10D170000400ADF80E00ADF81060ADF8124002A941
:10D180004846F8F72FFD0028CAD12978E87801F041
:10D19000030140EA0121AA78287902F0030240EA5B
:10D1A0000220564507D0B1F5007F04D9611E8142A7
:10D1B00001DD0B20B4E7864201D90720B0E7801BD0
:10D1C00085B2A54200D92546BBF1000F01D0ABF8CE
:10D1D0000050179818B1B9192A4600F0CCF8B8F1E8
:10D1E000000F0DD03E4448464446169F03F0D5F844
:10D1F0002146FF1DBCB232462B46009402F0F3FCE0
:10D2000000208DE72DE9F04107461D4616460846E9
:10D2100000F072F8040002D02078400701D4012009
:10D22000D3E4384602F03EFF2178090605D52E49A1
:10D23000897A814201D88720C7E422463146FFF728
:10D240005FFC65B12178E07801F0030140EA01203C
:10D25000B0F5007F01D8012000E0002028700020F8
:10D26000B3E42DE9F04107461D461646084600F096
:10D2700043F8040002D02078400701D40120A4E440
:10D28000384602F00FFF2178090605D51649897A3C
:10D29000814201D8872098E422463146FFF75EFCA0
:10D2A000FF2D14D02178E07801F0030240EA02203B
:10D2B00040F20122B0FBF2F302FB130015B900F2B9
:10D2C000012080B2E070000A60F3010121700020AB
:10D2D0007BE410B50C4600F00FF810B10178490757
:10D2E00004D4012010BD000094050020C1882180D5
:10D2F0004079A0700020F5E70749CA88824209D327
:10D3000040B1096800EB40006FF00B0202EB8000B7
:10D3100008447047002070479405002070B504460B
:10D320000D4621462B460AB9002070BD01E0491C7C
:10D330005B1C501E021E03D008781E78B042F6D047
:10D3400008781E78801BF0E730B50C46014623466E
:10D35000051B954206D202E0521E9D5C8D54002AA8
:10D36000FAD107E004E01D780D70491C5B1C521EC9
:10D37000002AF8D130BDF0B50E460146334680EAAA
:10D38000030404F00304B4B906E002B9F0BD13F8D5
:10D39000017B01F8017B521E01F00307002FF4D13D
:10D3A0000C461D4602E080CD80C4121F042AFAD22A
:10D3B00021462B4600BF04E013F8014B01F8014B56
:10D3C000521E002AF8D100BFE0E7F0B50C46014636
:10D3D000E6B204E002B9F0BD01F8016B521E01F0A3
:10D3E0000307002FF6D10B46E5B245EA052545EACD
:10D3F000054501E020C3121F042AFBD2194602E0B2
:10D4000001F8016B521E002AFAD100BFE3E710B504
:10D4100006F001FFFAF784F906F0A6FDBDE810401A
:10D4200006F038BE202801D2012070470020704746
:10D4300001224FF0A043824011B1C3F80C25704780
:10D44000C3F8082570474FF0A04101228240C1F87F
:10D450001825704770B50346002002466FF02F056F
:10D460000EE09C5CA4F130060A2E02D34FF0FF3090
:10D4700070BD00EB800005EB4000521C2044D2B28E
:10D480008A42EED370BD30B50A230BE0B0FBF3F453
:10D4900003FB1404B0FBF3F08D183034521E05F872
:10D4A000014CD2B2002AF1D130BD30B500234FF685
:10D4B000FF7510E0040A44EA002084B2C85C6040B2
:10D4C000C0F30314604005EA00344440E0B25B1C42
:10D4D00084EA40109BB29342ECD330BDF94A1378F2
:10D4E00082F88B30A2F88C0082F88A10012082F832
:10D4F000880092F8640008B192F8600082F88E000B
:10D50000704710B50B46114658B11846FFF7E6FFB5
:10D51000ED488068008802F02EFFBDE8104002F060
:10D52000D5BBBDE810404FF6FF70D7E770B50026B9
:10D5300004464670E44D1120207029682022A01C6A
:10D540006831FFF718FF0121A171286800F8666FA4
:10D550008078002811D1DB48B0F86A20A0F892202A
:10D56000AA68537B80F8943080F89010108802F0FD
:10D5700002FFBDE8704002F0B8BB70BD70B5D24D7F
:10D58000296891F896200024012A11D091F8902062
:10D59000012A1CD091F86620012A22D091F8882017
:10D5A000012A21D091F8A020012A2ED0002070BDA0
:10D5B00044701722027051F8972FC0F802204A6871
:10D5C000C0F806200A7A827201F8014C1BE0447010
:10D5D00005220270D1F89220C0F8022081F8904014
:10D5E00011E0FFF7A3FF0EE091F86620012AF8D0C2
:10D5F00044701422027051F88A2FC0F802208A88E1
:10D60000C28001F8024C012070BD44701A2200F85B
:10D61000022B2222A131FFF7AEFE286880F8A0403D
:10D62000F1E7A948006890F8661011B1B0F86A00F7
:10D6300070474FF6FF70704770B5A34C206800B973
:10D64000FFDF2068417811B10C25284670BD002508
:10D65000C4222946FFF7B9FE2168FF2008707F2009
:10D6600081F8370013204884282081F865000120C4
:10D6700081F85C00002081F85F0007F0C6F906F031
:10D680009BFCE2E770B5904C0546206800B9FFDFCF
:10D690002168002048706560FFF7CEFF002800D0A9
:10D6A000FFDF70BD884909680978814201D10120F6
:10D6B000704700207047844800B5016891F8240045
:10D6C000498CC0F38002C0F340031A4400F001000B
:10D6D0001044132915D004DC102909D0122904D1D3
:10D6E0000FE0152908D01D2904D0FFDF002000BD60
:10D6F000764903E0764800BD7449083131F81000DE
:10D7000000BD72490839F9E76F4840F2712100689D
:10D71000806A484370476C48006890F836000028DB
:10D7200000D00120704710B5664C207B00F074FDDE
:10D7300040B1207D04F115010BF056FB082801D003
:10D74000012010BD207B30B1022804D00120BDE8AB
:10D75000104007F0BEBC0020F9E75A490873704733
:10D760005949096881F83000704770B50646554838
:10D7700090F82D000BF0C6FA050018D010210BF020
:10D7800098FD002813D1504C012032462168C876FC
:10D7900028461C3107F0AAFCD4E900101C310BF01C
:10D7A000E1FF6068BDE8704001210BF0EABF70BD89
:10D7B0002DE9F041434C074694F82D000BF01FFB78
:10D7C000064694F82F0004F10E0528B126B194F80E
:10D7D0002D000BF03AFAA0B194F83000002824D0C4
:10D7E00094F82E00002820D0607B294600F025FD0B
:10D7F000A8B10BF0ACFB3A462946BDE8F04107F072
:10D8000075BC012060733A462946304607F06EFC2D
:10D8100094F82D102846BDE8F0410BF087BB39463F
:10D820002846BDE8F04107F096BCBDE8F08170B530
:10D83000254C2168087BB0B1022814D00120487320
:10D840000E3107F030FC2068007B00F0E5FC216819
:10D8500081F82F00082081F82D00487B0E3100F060
:10D86000E3FC40B901E00020E9E72168487B0E3184
:10D8700000F0E3FC00B10120216881F82E0091F84E
:10D880002F0018B991F82200400706D5087D153100
:10D890000BF0AAFA216881F82D0020680025456068
:10D8A00004F0ADFD216888600020FFF781FF20684B
:10D8B000C57690F8220040070CD5BDE870400020E6
:10D8C00053E70000A00500206800002050B20100CE
:10D8D0009089130070BDFB4A1268137B0370D2F865
:10D8E0000E000860508A8880704778B5F649044673
:10D8F000F44D407B08732A68207810706088ADF87A
:10D90000000080B200F00101C0F3400341EA43018E
:10D91000C0F3800341EA8301C0F3C00341EAC301BD
:10D92000C0F3001341EA0311C0F3401341EA43116D
:10D93000C0F3801041EA80105084E07D012825D09A
:10D94000022825D0FFDF286880F85E60217B80F800
:10D950002410418C1D291DD061688162617D80F891
:10D960003610A17BC1B1022916D00121017554F8EE
:10D970000F1FC0F81510A188A0F81910217B0129EC
:10D9800000D0002180F83410002078BD0126DAE7AD
:10D990000226D8E70021E0E70021E7E7C948006850
:10D9A00090F82200C0F38000704700B5FFF7F6FF43
:10D9B00008B1002000BD1F2000BD00B5FFF7F5FF36
:10D9C000002800D0012000BDBE49002209680A6677
:10D9D0004B8C1D2B02D081F86400704781F86420C5
:10D9E0007047B84A0023126882F85D3042F84C1F35
:10D9F0009080012050747047B24A0023126882F868
:10DA00005C30A2F8580042F8541F01201072704791
:10DA1000AC49096881F835007047AA49096881F85E
:10DA20005F007047A748006890F95F007047A548FD
:10DA3000006890F8220000F001007047A1480068DB
:10DA400090F82200C0F340007047002070479D48C6
:10DA5000006890F82200C0F3C000704701207047B2
:10DA6000012070470120704770B500F0FAFB954C1B
:10DA70002068016E491C016690F83300002530B122
:10DA800006F0C3FF06F098FA206880F8335020684B
:10DA9000457090F8381009B102201AE090F864102F
:10DAA000B1B1006E814213D8022007F0ADFF2068AB
:10DAB00090F82200C00704D0A0684322018801200A
:10DAC00003E043224FF6FF710020BDE8704018E5E7
:10DAD0000020BDE8704007F097BF10B501280DD0B9
:10DAE00002280DD004280FD0FFDF7648006890F898
:10DAF0005E10BDE81040252006F00BBC252000E09C
:10DB0000262006F0E7FCF0E72720FAE7024600208F
:10DB1000D30701D0CB0705D0930705D58B0703D4D6
:10DB200002207047012070475207FCD54907FAD4FC
:10DB3000042070472DE9F041624C86B0206800B99E
:10DB4000FFDF20684178E9BB0178FF2942D000253A
:10DB500080F83150A0F85A50857080F83850284627
:10DB600006F0B4FE182259496846FFF704FC6846DF
:10DB700006F0A0FE06F0D9FB206890F95F0006F0E1
:10DB800099FC52481D3806F09BFC5048203806F09E
:10DB900082FE606806F09DFE2068002190F8240057
:10DBA000FFF7B4FFFFF799FF206880F82C5006F0CC
:10DBB00087FE206890F85E10002006F045FD0F21DA
:10DBC000052000E006E006F04CFC206890F82E10DE
:10DBD00051B902E00C2006B027E690F82F1019B9D1
:10DBE00090F8220040072BD504F009FC80462068FD
:10DBF0004146806805F004F9354F064690FBF7F082
:10DC000007FB10604142404604F0CDF8216888606F
:10DC100096FBF7F04A68104448600BF0E1F8216881
:10DC20004A6890420CD8C1E901580120FFF7C0FDB5
:10DC3000206890F82200400702D50120FFF795FDEB
:10DC40002068417B0E3006F0FEFB206890F85C10E7
:10DC500039B1B0F85810A0F84810416D416480F80F
:10DC60005C5090F85D1041B1B0F85010A0F8401031
:10DC7000C16C40F83C1F80F821500BF01EF90321C5
:10DC800060680BF051F9216881F833000020A2E7A9
:10DC90000C49886070472DE9F0410A4C0746002680
:10DCA00020683146C57E6068068000F0D1FA2068A1
:10DCB000408C132840D00DDC102861D012280DD1E3
:10DCC0005CE0000068000020A005002060B20100B8
:10DCD00040420F00152838D01D2836D0FFDF00BF86
:10DCE00000F0CAFA2068418C1D2907D0152905D0FB
:10DCF000B0F84820416C60680BF04AFD206890F84D
:10DD00002C1090F82400FFF701FF05463FB1FFF704
:10DD1000E4FE01224FF49671002006F033FD2068E6
:10DD200090F82C10294380F82C1090F824208A4376
:10DD30004FF0010129D02DE0002160680BF0E6FCD6
:10DD40000121606800F084FACAE7012160680BF0E5
:10DD5000DDFC0121606800F07BFAD4E9001025B1F8
:10DD60001C310BF0FFFC012104E015310BF0FAFC33
:10DD70002068017D60680BF004FDB1E7062100E03A
:10DD8000022160680BF0C2FCAAE7428C1D2A0BD06E
:10DD900080F831104170418C13290ED007DC102916
:10DDA0000AD0122907D108E080F82C60F2E7152983
:10DDB00003D01D2901D0FFDF37E590F85E20BDE8D4
:10DDC000F0410121084606F072BEF84810B500681F
:10DDD000417841B90078FF2805D00021084600F0BD
:10DDE00059FA002010BD00F03CFA0C2010BD2DE9BE
:10DDF000F041EE4D0446174628680E4690F866003E
:10DE000000B1FFDF2968002F81F868704ED12088AB
:10DE1000A1F86A006088A1F88000A088A1F88200BB
:10DE2000E088A1F8840094F88C0181F8860091F8CC
:10DE30002F0020B1487B0E3100F0FFF940B929686E
:10DE400091F8300060B1487B0E3100F0EDF938B147
:10DE50002868D0F80E104167418AA0F8781003E0D6
:10DE600028684767A0F878706968FF2E0878C0F3C3
:10DE700080106076D1F80300C4F81A00B1F80710DA
:10DE8000E18314D0296801F16E02C1F87A00E08BB9
:10DE9000A1F87E0030466D310AF0BBFF00B9FFDF0C
:10DEA000286810F86D1F41F002010170BDE4286878
:10DEB000C0F87A70A0F87E70617E80F86D10D4F89A
:10DEC0001A1040F86E1FE18B8180AEE470B5FFF749
:10DED000BEFDB64C012538B13C22FF21A068FFF7FA
:10DEE00086FF206880F86650206890F82200C007FE
:10DEF00004D0A0683C220188012003E03C224FF6B8
:10DF0000FF710020FFF7FDFA206880F8385070BDDF
:10DF1000A649096881F83200704770B5002507F0FE
:10DF2000D2FC50B1A14C20684178012908D00229C7
:10DF300001D0032936D0FFDF70BDBDE8704093E506
:10DF400081780029F8D1418C102913D090F8330042
:10DF500020B106F023F8402006F044FD206890F838
:10DF60002210490710D490F83610012904D0032953
:10DF700002D002E0002119E0102590F85E2045F063
:10DF80000E01002006F093FD206890F8340008B1DF
:10DF900006F06CFD0021962006F0C7FC21680220E7
:10DFA000487070BD81780029FBD18178BDE8704050
:10DFB000012000F06FB957E510B57C4C206890F84F
:10DFC000340008B100F07AF9206890F8330018B1F5
:10DFD00006F01BFD05F0F0FF07F075FC88B1206826
:10DFE0004078022800D0FFDF0021012000F052F924
:10DFF00020684178002903D04078012800D0FFDF55
:10E0000010BDBDE810402FE510B50AF0EDFE044646
:10E010000AF09FFF38B120460AF074FE18B11021B3
:10E020000BF047F908B1002010BD012010BD2DE90B
:10E03000F047DFF878910E460746032809D0FFF72E
:10E04000F6FC0446D9F8000090F8320020B1012017
:10E0500003E0FFF7F3FC04460020804606F02CFAAC
:10E060000546032F2BD0012734EA080453D0D9F8F2
:10E0700000004C4690F8330068B10AF004FF30709D
:10E080000146FF2807D06068C01C0AF0D9FE30782E
:10E090000AF003FF054360680178C1F3801221682C
:10E0A0000B7D9A4205D10622C01C1531FFF736F9C7
:10E0B00038B100203178FF290BD0D8B903E002270E
:10E0C000D2E70120F6E7206890F82D00884211D0B1
:10E0D00008E038B1616811F8030BC0F38010FFF756
:10E0E00093FF38B10020216891F82210490703D529
:10E0F000A0B910E00120F6E785B92D4890F8360068
:10E1000008B1B84207D1616811F8030BC0F3801061
:10E11000FFF77AFF10B10020BDE8F0870120FBE790
:10E12000F8B5224C0746002520684078022800D028
:10E13000FFDF206890F8340008B100F0BFF8606895
:10E140000BF006FB06460FB306F087F9F0B1052E7B
:10E150001DD1606890F8240000F01F00102816D927
:10E16000206890F8350090B1FF208DF8000001255F
:10E1700069460520FFF75BFF40B1206880F8A0509A
:10E1800061682222A130C91CFFF7F5F815E060682C
:10E190000BF01EFB88B1062E0FD2DFE806F00E0E44
:10E1A0000E030E0B00F0CDF806E000006800002022
:10E1B000A005002000F091F800B90125206890F832
:10E1C000330018B106F021FC05F0F6FE1DB1002168
:10E1D000012000F05FF820684178002906D04178DE
:10E1E000012903D04078032800D0FFDFF8BD70B5C7
:10E1F0009F4E05460C463068807800280BD106F00B
:10E200003CF803463068214690F85E202846BDE879
:10E21000704007F0D9BD70BD022803D0032801D09B
:10E220000020704701207047012802D148798009F9
:10E2300001D00020704701207047012806D148799D
:10E240000121B1EB901F01D10120704700207047E0
:10E250000278202322F0200203EA41110A430270CF
:10E26000704710B506F0B1FB06F08FFB06F0DEFA42
:10E27000BDE8104006F015BB10B57D4C7D496068C7
:10E280000BF06AFA7B480E38417B6068BDE81040AD
:10E290000BF06EBA764A10B5126892F831303BB185
:10E2A000508C1D2800D1FFDFBDE81040FFF7DCBB1C
:10E2B000002902D1BDE81040EDE410BD10B56C4C52
:10E2C0002068373006F0DDFB18B921687F2081F81F
:10E2D0003700BDE8104006F0BFBB38B5FF208DF811
:10E2E0000000012569460520FFF7A1FE30B3604C10
:10E2F0002068807808BB6268A0681278417BC2F30E
:10E30000401211404173012100F04AF800229DF8AB
:10E310000010A068FFF76BFD2068012100F8661F60
:10E32000827881880120FFF7ECF82168002048708E
:10E33000FFF797FF012007F067FB00E00025284664
:10E3400038BD38B5FF208DF800000125694603204F
:10E35000FFF76DFE464C002820681CD090F8341062
:10E3600031B190F8960018B99DF8000000F04CF813
:10E3700060680021018004210BF0C8F9FFF77CFFE1
:10E380002068B0F84020C16B60680BF011FA21687A
:10E390000320487002E0807800B90025284638BD87
:10E3A00070B5334D0446686850F80F2FC4F80E203E
:10E3B0008288628282792275C27962750289E282DC
:10E3C000428962808289A280C289E2800269A26059
:10E3D000027D2273427D02F01F022276407D4009B9
:10E3E00084F88C0184F8641084F86510002104F12D
:10E3F00030000BF04CFB286890F8651004F8661F9D
:10E4000090F85F00607070BD70B5194C01222168F2
:10E4100081F896200A7881F89720FF280DD001F125
:10E42000990298310AF0F5FC00B9FFDF206810F876
:10E43000981F41F0020101700CE060680278C2F39D
:10E44000801281F89820D0F8032041F8992FB0F875
:10E4500007008880256895F837009F357F2800D110
:10E46000FFDF206810F8371F29707F21017070BD11
:10E4700068000020AE0500202DE9FC470C4606464A
:10E48000694600F019FF002860D1FFF7CAF8B042D2
:10E490005CD02146304609F021F828BB019D95F853
:10E4A0002C01703518B9287F08B1012000E0002048
:10E4B000814695F839004FF000084FF0010AA0B1ED
:10E4C00095F83A00800710D584F8018084F800A000
:10E4D00084F80280A68095F83B10A171A98F218154
:10E4E000E98F618185F839802DE0304601F055FFD4
:10E4F000070000D1FFDF384601F075F940B184F81C
:10E5000001800D212170A680E08084F802A01AE02D
:10E51000304601F030FF070000D1FFDFB9F1000FF6
:10E5200014D0384601F0B7F980B1304606F036FD18
:10E5300084F801800A21217084F80280A680697F16
:10E54000A17185F81C800120BDE8FC870020FBE755
:10E550001CB5694600F0B0FE00B1FFDF684600F070
:10E56000B8FEF94900208968A1F8F2001CBD2DE928
:10E57000FC4104460E46062001F076FD00250746C4
:10E58000A846064417E02088401C80B22080B04294
:10E5900002D34046A4F8008080B2B84204D3B0420F
:10E5A00002D20020BDE8FC81694600F085FE00280B
:10E5B000F8D06D1CEDB2AE42E5D84FF6FF7020806A
:10E5C0001220EFE710B506F05BFD0AF048FBDF48CC
:10E5D0004FF6FF7100234182818203701B2141802D
:10E5E0004FF4A4728280C180028103228275C275B9
:10E5F00082720424C4728181C1810282837610BD3B
:10E6000070B5D14C0D466060217006F0C5FC00F07D
:10E610006CFEFFF7D7FF207809F0B4FD284607F01D
:10E6200065FACA482838FFF72DF82178606809F0A4
:10E630003AF8BDE870400AF012BB10B501240AB1E7
:10E64000002010BD21B1012903D00024204610BDB7
:10E6500002210BF0EDF8F9E7887800B90320C978BA
:10E6600001B90321107019700020704730B587B0D0
:10E6700004460088694600F01FFE002806D1A088E5
:10E6800030B1012804D0022802D0122007B030BDDA
:10E6900005AB04AA21466846FFF7DEFF0400F5D16A
:10E6A0000199012081F8C501019991F81012002506
:10E6B00039B9019991F8C41119B9019991F89710D4
:10E6C00009B13A2415E00199039581F8C401019834
:10E6D0009DF8102080F8C621019B9DF8140083F856
:10E6E000C7018DF80C208DF80D0003AA01200AF057
:10E6F00016FF019880F8C5512046C7E710B50446BB
:10E700000020A17801B90120E2780AB940F00200A6
:10E7100000F0FFFD002803D12046BDE81040A5E72A
:10E7200010BD70B50D4604460189002380880AF0AB
:10E73000EBFE696A81421DD2401A401CA188400844
:10E74000091A8AB2A2802189081A2081668895F860
:10E75000641010460AF0AFFE864200D23046608058
:10E76000E68895F8651020890AF0A5FE864200D259
:10E770003046E08070BDF0B585B00D46064603A971
:10E7800000F09AFD00282AD104990022FB20B1F85C
:10E790004E30FB2B00D30346B1F85040FB20FB2C3E
:10E7A00000D30446DFF8A8C19CE8811000900197CF
:10E7B000CDF808C0ADF80230ADF806406846FFF766
:10E7C000B0FF6E80BDF80400E880BDF808006881E5
:10E7D000BDF80200A880BDF806002881002005B021
:10E7E000F0BD2DE9F04186B004460088694600F08E
:10E7F00063FD002859D12189E08800F0A4FD00289C
:10E8000053D1A188608800F09EFD00284DD1218958
:10E81000E08800F08EFD002847D1A188608800F0D4
:10E8200088FD060041D1208802A9FFF7A4FF00B1AE
:10E83000FFDFBDF8101062880920914235D3BDF882
:10E840000C10E288914230D3BDF81210BDF80E20B2
:10E8500023891144A2881A44914226D3019D01279D
:10E860004FF0000885F8BB71019890F8FC0105F5A0
:10E87000DD7508B13A2615E0E08868806088E88098
:10E88000218940F64800814200D30146A980A18831
:10E89000814200D208462881002228460199FFF7CC
:10E8A00040FF2F7085F80180304606B0BDE8F0814A
:10E8B00097E710B50446FEF761FE002813D02078D4
:10E8C00014280FD1A07868B1A088062101F020FC9F
:10E8D00040B1008806F062FBA088062101F02AFC06
:10E8E00000B1FFDF012010BD2DE9F041060000D18D
:10E8F000FFDF1648022114308046FFF738FE00B1D2
:10E90000FFDF124C0620A78A01F0AEFB0546A08A65
:10E91000A84203D13046FFF7CCFF20B9A08A314688
:10E92000FFF7AAFD30B1304600F01BFD0028EED104
:10E930000120BBE702214046FFF719FE10B9A08A6B
:10E94000B842E4D10020B1E7740000208C0600201A
:10E9500078B2010010B500F08BFC08B10C2010BD9E
:10E960000AF0B8F9002010BD10B50446007818B1BF
:10E97000012801D0122010BD00F08AFC20B10AF05D
:10E980001FFA08B10C2010BD207800F05BFCE21DDE
:10E9900004F11703611CBDE810400AF0BDB910B5C1
:10E9A000044600F065FC08B10C2010BD207818B1B9
:10E9B000012801D0122010BD00F044FC611C0AF0B7
:10E9C00063F908B1002010BD072010BD10B50AF092
:10E9D000FBF908B1002010BD302010BD10B5044671
:10E9E00000F056FC08B10C2010BD20460AF0E4F9F6
:10E9F000002010BD10B500F04BFC20B10AF0E0F98A
:10EA000008B10C2010BD0AF0C9F9002010BDFF218B
:10EA100081704FF6FF718180F94949680A788271E7
:10EA20008A88028149884181012141700020704714
:10EA30001CB50024022A19D015DC12F10C0F15D0D8
:10EA400009DC12F1280F11D012F1140F0ED012F1BF
:10EA5000100F0FD10AE012F1080F07D012F1040FC6
:10EA600004D03AB902E0D31E052B03D8012804D004
:10EA7000032806D0122420461CBD1046FEF7CDFF09
:10EA8000F9E708461446694600F016FC08B102246E
:10EA9000F1E7019880F867400024ECE710B51346D1
:10EAA00001220AF022FC002010BD10B5044600F03F
:10EAB000EFFB08B10C2010BD2146002006F0E1FA62
:10EAC000002010BD10B5044607F0AAF920B1207847
:10EAD00007F018F8002010BD0C2010BD10B504463A
:10EAE00000F0D6FB08B10C2010BD2146012006F035
:10EAF000C8FA002010BD38B504464FF6FF70ADF8D7
:10EB00000000A079E179884216D02079FEF78AFCCE
:10EB100090B16079FEF786FC70B10022A0791146B1
:10EB20000BF0FAFB40B90022E07911460BF0F4FB40
:10EB300010B9207A072801D9122038BD07F07CF9D6
:10EB400048B900216846FFF712FD20B1204605F0C4
:10EB5000B7FB002038BD0C2038BD2DE9FC41817881
:10EB600004461A2925D00EDC16292DD2DFE801F043
:10EB70002C2C2C2C2C212C2C2C2C2C2C2C2C2C2CE0
:10EB80002C2C2C2121212A291ED00BDCA1F11E01C5
:10EB90000C2919D2DFE801F01818181818181818DD
:10EBA0001818180D3A3904290ED2DFE801F00D02C9
:10EBB0000D022088B0F5706F06D20127694600F07B
:10EBC0007BFB18B10220EDE41220EBE4019D6846C6
:10EBD0002E4605F5C87506F2911600F060FB08B1E7
:10EBE000287808B10C20DDE42F70A07830706846DA
:10EBF00000F06FFB0020D5E41CB50C46694600F020
:10EC00005BFB002118B12160217102201CBD01981D
:10EC10000246703080F8421093682360137B2371A2
:10EC200090F84230002BF5D100201CBD10B50446F1
:10EC300000F02EFB20B10AF0C3F808B10C2010BD83
:10EC4000207800F0FFFAE279611C0AF08EF908B131
:10EC5000002010BD022010BD10B5886E60B10022EA
:10EC600041F8682F0120CA71897988400BF048FB70
:10EC7000002800D01F2010BD0C2010BD1CB50C4674
:10EC8000694600F019FB002805D10198B0F8700022
:10EC9000401C208000201CBD1CB50446008869462D
:10ECA00000F00AFB08B102201CBD606828B1DDE954
:10ECB0000001224600F0A3FB1CBDDDE90001FFF7C7
:10ECC000CBFF1CBD10B50078012800D00020FEF756
:10ECD0009FFE002010BDF0B544888188C28803895A
:10ECE00045898089A71F40F67B46B74215D28F1F02
:10ECF000B74212D28C4210D8B2F5FA7F0DD2A3F1EE
:10ED00000A04361FB44208D2521C4A43B2EB830FA6
:10ED100003DA854201D80020F0BD3020F0BDF8B5FF
:10ED200015460E46044607F087F808B10C20F8BDDA
:10ED3000204600F0A3FB0028F9D1A078C1064FF0CF
:10ED40001100F4D5E17D0329F1D0FEF76BFE3070A0
:10ED5000A07555B9FF208DF8000069460020FEF728
:10ED60004BFE69460020FEF73CFE2046BDE8F84019
:10ED7000FEF7BBBD0022D2E70078C10801D0122007
:10ED80007047204988760020704710B50446007807
:10ED9000C00704D1608810B1FEF70FFE80B1207863
:10EDA000618800F00102607800F0B3FB002806D112
:10EDB000FEF7FBFD01466088884203D9072010BD9D
:10EDC000122010BD6168FEF717FE002010BD10B5BF
:10EDD00004460078C00704D1608810B1FEF72EFE0B
:10EDE00090B12078618800F00102607800F091FB1A
:10EDF000002804D160886168FEF7F3FD002010BD93
:10EE0000740000208C0600201220F8E77CB5044630
:10EE100040784225012808D8A078FEF743FC20B1AD
:10EE200020781225012802D090B128467CBDFEF73B
:10EE30000EFE20B1A0880028F7D08028F5D8FEF774
:10EE40000DFE60B160780028EFD02078012808D04E
:10EE500006F094F9044606F01FFE00287FD00C202F
:10EE60007CBDFEF760FC10B9FEF7EFFD90B306F035
:10EE7000E3FF0028F3D1FEF7D4FBA0F57F41FF3973
:10EE8000EDD1FEF7D4FCA68842F210704643A0797B
:10EE9000FEF79AFDFEF7CBFDF8B10022062101A88E
:10EEA00001F008F9040058D0F7480021846020469A
:10EEB0000AF03EF92046FEF7EBFEF44D04F1300077
:10EEC000AA89E989C2830184FEF7CAFD60B1288A54
:10EED00001210DE0FFE712207CBD3146002006F045
:10EEE00014FE88B3FFDF44E0FEF7BCFD0146288A2C
:10EEF00006F0A6FE0146A0620022204606F041F977
:10EF0000FEF7AEFD38B9FEF7ADFD02462146012001
:10EF10000AF003FBD0B1DD4A2146163201200AF087
:10EF2000FEFAE87A0090AB7AEA89A989208801F094
:10EF3000ABF900B1FFDF208806F02FF831462046FC
:10EF400006F0E3FD00B1FFDF13E008E00621BDF8A5
:10EF5000040001F0EFF800B1FFDF09207CBD44B1EF
:10EF6000208806F01BF82088062101F0E3F800B1A4
:10EF7000FFDF00207CBD002148E770B50D4606216B
:10EF800001F0C6F8040003D094F8930110B10AE030
:10EF9000022070BD94F87D00142801D0152802D1FC
:10EFA00094F8E00108B10C2070BD1022294604F548
:10EFB000CA70FEF7E0F9012084F89301002070BDCB
:10EFC00010B5062101F0A4F818B190F8931111B111
:10EFD00007E0022013E790F87D10142903D01529CB
:10EFE00001D00C200BE7022180F89311002006E7E6
:10EFF0002DE9FC410D464BF680321221954213D883
:10F0000095B1694600F058F900280CD1019EB41C56
:10F01000703627882A46394630460AF04AF8208852
:10F02000B842F6D10020CEE50846CCE51CB5044632
:10F030000088694600F040F9002808D10199A378BA
:10F04000084691F82C2070319A4201D10C201CBD49
:10F050007F220A728A720022CA72E17880F82D102B
:10F06000217980F82E10A17880F82C1010461CBD54
:10F070001CB50C46694600F01FF9002806D101981E
:10F0800090F88C0000B10120207000201CBD7CB5E0
:10F090000D461446694600F00FF9002805D1019885
:10F0A00090F82C00012801D00C207CBD019890F82C
:10F0B0007810297090F87900207000207CBD70B520
:10F0C0000D461646062101F023F818B38188012465
:10F0D000C388428804EB4104AC4217D842F2107452
:10F0E0006343A4106243B3FBF2F2521E94B24FF496
:10F0F000FA72944200D91446A54200D22C46491C0B
:10F10000641CB4FBF1F24A43521E91B290F8CC2138
:10F110001AB901E0022070BD01843180002070BD69
:10F1200010B50C46062100F0F3FF48B180F8FF400F
:10F1300024B190F8FD1009B106F099FD00205EE6BB
:10F1400002205CE6017899B1417889B141881B2998
:10F150000ED381881B290BD3C188022908D34B49C0
:10F160000268283941F8322F406848600020704713
:10F170001220704710B506F034FD00203FE610B5B0
:10F1800006F032FD00203AE670B514460A460646FF
:10F1900000250121104606F053FD002800D828461E
:10F1A00005460121304600F054F8064601210020B2
:10F1B00000F04FF83118012296318D4206D901F145
:10F1C0009600691AB1FBF0F0401C82B22280002048
:10F1D00070BD10B5044600F05BF808B10C200EE6D7
:10F1E000601C09F0AFFE207800F00100FEF7B8FACD
:10F1F000002004E610B50446062000F027FF08B101
:10F200000C20FCE52078C00710D000226078114661
:10F210000BF082F808B11220F1E5A06808F0B5FD06
:10F220006078616808F0BAFD0020E8E5002008F089
:10F23000ACFD00210846F5E710B5006805F01AF8A6
:10F240000020DCE518B1022801D001207047002021
:10F25000704710B5012904D0022905D0FFDF2046F0
:10F26000CDE5C000503001E080002C3084B2F6E7DC
:10F2700010B506F0E1FD20B1FEF74DFA08B101200E
:10F28000BDE50020BBE50000740000208C060020D6
:10F2900010B506F0D1FD002800D00120AFE541688F
:10F2A00091F82C0191F88C1021B918B1042801D0E3
:10F2B000012070470020704710B50C46062100F071
:10F2C00027FF606018B101202070002097E5022020
:10F2D00095E5416891F8FD20002A05D0002281F8CB
:10F2E000FD20406806F0C3BC704708B54FF6FF70BC
:10F2F000ADF8000006E00621BDF8000000F01AFF9E
:10F3000000B1FFDF00216846FFF731F90028F2D095
:10F3100008BD70B514460546012200F00EF900281C
:10F3200006D121462846BDE87040002200F005B90C
:10F3300070BDFB2803D840F64800814201D9112056
:10F340007047002070471B38E12806D2B1F5A47F32
:10F3500003D344F29020814201D91220704700204B
:10F3600070471FB58D49897ECA0702D10278192AD4
:10F370000AD08A0702D40278182A24D0490739D43F
:10F380000178122933D035E04088ADF8000002A999
:10F39000FFF792FF00B1FFDF039810F8601F8DF8B0
:10F3A000021040788DF803000020ADF8040001B988
:10F3B000FFDF9DF8030000B9FFDF6846FFF79EF905
:10F3C000D8B1FFDF19E04088ADF8000040F64800F2
:10F3D000FB21ADF80400ADF80800ADF80210ADF85F
:10F3E00006106846FFF764FA38B1FFDF05E0007BDE
:10F3F000C00702D0002004B001E50120FBE7F8B50A
:10F400000646508914460F4640B1B0F5004F05D26C
:10F410000022A07811460AF07FFF08B11220F8BD43
:10F42000B86E394607F1700530B1A07891F86E20BA
:10F43000904201D00C20F8BD012081F86F00A07827
:10F4400081F86E00606841F8680F608988802089C3
:10F45000A884002087F86F0020886946FFF70EFC1B
:10F46000A88CBDF80010081A00B2002804DD394647
:10F470003046FFF7F1FBDDE70020F8BD38B5044664
:10F480000078EF2841D86088ADF80000009800F0BF
:10F4900061F888B36188080708D4D4E90120824262
:10F4A00033D8202A31D3B0F5804F2ED8207B18B323
:10F4B00007282AD8607B28B1012803D0022801D070
:10F4C000032822D14A0703D4022801D0032805D1FA
:10F4D000A07B08B1012818D1480707D4607D28B166
:10F4E000012803D0022801D003280ED1C806E07DF0
:10F4F00003D5012809D104E007E0012801D0032841
:10F5000003D1E07E18B1012801D0122038BD0020BF
:10F5100038BD70B50C460546FF2904D8FEF7A0FAA1
:10F5200018B11F2C01D9122070BD2846FEF7BAF879
:10F5300008B1002070BD422070BD0AB1012200E078
:10F540000222024202D1880802D109B1002070478C
:10F550001120704780B2C1060BD401071CD481066C
:10F560004FEAC07101D5B9B900E099B1800713D451
:10F5700010E0410610D481060ED4C1074FEA807115
:10F5800004D0002902DB400704D405E0010703D4BE
:10F59000400701D401207047002070478C060020EE
:10F5A00030B5058825F4004421448CB24FF4004165
:10F5B00094420AD2121B92B21B339A4201D2A9433F
:10F5C00007E005F40041214303E0A21A92B2A943E7
:10F5D0001143018030BD0844083050434A3108448B
:10F5E00080B2704770B51D4616460B460446294644
:10F5F0003046049AFFF7EFFF0646B34200D2FFDF22
:10F60000282200212046FDF7E0FE4FF6FF70A08281
:10F61000283EB0B265776080B0F5004F00D9FFDFBB
:10F62000618805F13C00814200D2FFDF6088083527
:10F63000401B343880B220801B2800D21B20208041
:10F640000020A07770BD8161886170472DE9F05F6F
:10F650000D46C188044600F12809008921F40046BE
:10F6600020F4004800F063FB10B10020BDE8F09FDB
:10F670004FF0000A4FF0010BB0450CD9617FA8EBA9
:10F680000600401A0838854219DC09EB0600002103
:10F69000058041801AE06088617F801B471A083F1F
:10F6A0000DD41B2F00DAFFDFBD4201DC294600E04C
:10F6B000B9B2681A0204120C04D0424502DD84F883
:10F6C00017A0D2E709EB06000180428084F817B04A
:10F6D000CCE770B5044600F12802C088E37D20F431
:10F6E00000402BB110440288438813448B4201D25E
:10F6F000002070BD00258A4202D30180458008E0C9
:10F70000891A0904090C418003D0A01D00F01FFBD9
:10F7100008E0637F00880833184481B26288A01D26
:10F72000FFF73EFFE575012070BD70B5034600F19F
:10F730002804C588808820F400462644A84202D1C7
:10F740000020188270BD98893588A84206D3401BD6
:10F7500075882D1A2044ADB2C01E05E02C1AA5B242
:10F760005C7F20443044401D0C88AC4200D90D80A1
:10F770009C8924B1002414700988198270BD012469
:10F78000F9E770B5044600F12801808820F40040B4
:10F790004518208A002825D0A189084480B2A0817C
:10F7A00029886A881144814200D2FFDF288869884D
:10F7B00000260844A189884212D1A069807F28715F
:10F7C000698819B1201D00F0C2FA08E0637F28881B
:10F7D0000833184481B26288201DFFF7E1FEA6813C
:10F7E0002682012070BD2DE9F041418987880026DD
:10F7F000044600F12805B94219D004F10A0800BFF7
:10F8000021F400402844418819B1404600F09FFA95
:10F8100008E0637F00880833184481B2628840465C
:10F82000FFF7BEFE761C6189B6B2B942E8D1304618
:10F83000BDE8F0812DE9F04104460B4627892830C8
:10F84000A68827F40041B4F80A8001440D46B74267
:10F8500001D10020ECE70AB1481D106023B1627F9E
:10F86000691D1846FDF787FD2E88698804F1080098
:10F8700021B18A1996B200F06AFA06E0637F6288C5
:10F880000833991989B2FFF78BFE474501D12089CA
:10F8900060813046CCE78188C088814201D1012057
:10F8A00070470020704701898088814201D1012082
:10F8B00070470020704770B58588C38800F1280420
:10F8C00025F4004223F4004114449D421AD0838958
:10F8D000058A5E1925886388EC18A64214D313B1F3
:10F8E0008B4211D30EE0437F08325C1922444088DA
:10F8F00092B2801A80B22333984201D211B103E050
:10F900008A4201D1002070BD012070BD2DE9F04771
:10F910008846C1880446008921F4004604F128077E
:10F9200020F4004507EB060900F001FA002178BB3E
:10F93000B54204D9627FA81B801A002503E06088C5
:10F94000627F801B801A083823D4E28962B1B9F83B
:10F950000020B9F802303BB1E81A2177404518DBA6
:10F96000E0893844801A09E0801A217740450ADB93
:10F97000607FE1890830304439440844C01EA4F84F
:10F980001280BDE8F087454503DB01202077E7E7DB
:10F99000FFE761820020F4E72DE9F74F044600F10C
:10F9A0002805C088884620F4004A608A05EB0A06CC
:10F9B00008B1404502D20020BDE8FE8FE08978B151
:10F9C0003788B6F8029007EB0901884200D0FFDFC4
:10F9D000207F4FF0000B50EA090106D088B33BE0CE
:10F9E0000027A07FB9463071F2E7E18959B1607F05
:10F9F0002944083050440844B4F81F1020F8031D6F
:10FA000094F821108170E28907EB080002EB0801ED
:10FA1000E1813080A6F802B002985F4650B1637F62
:10FA200030880833184481B26288A01DFFF7B8FD02
:10FA3000E78121E0607FE18908305044294408448F
:10FA40002DE0FFE7E089B4F81F102844C01B20F820
:10FA5000031D94F82110817009EB0800E28981B23E
:10FA600002EB0800E081378071800298A0B1A01DF0
:10FA700000F06DF9A4F80EB0A07F401CA077A07D27
:10FA800008B1E088A08284F816B000BFA4F812B0D4
:10FA900084F817B001208FE7E0892844C01B30F8B4
:10FAA000031DA4F81F10807884F82100EEE710B53C
:10FAB000818800F1280321F400442344848AC28809
:10FAC000A14212D0914210D0818971B9826972B17C
:10FAD0001046FFF7E8FE50B91089283220F40040A4
:10FAE000104419790079884201D1002010BD1846D0
:10FAF00010BD00F12803407F08300844C01E10608C
:10FB0000088808B9DB1E136008884988084480B259
:10FB100070472DE9F04100F12806407F1C4608306F
:10FB20009046431808884D88069ADB1EA0B1C01C79
:10FB300080B2904214D9801AA04200DB204687B2DE
:10FB400098183A464146FDF7E9FB002816D1E01B1C
:10FB500084B2B844002005E0ED1CADB2F61EE8E723
:10FB6000101A80B20119A94206D8304422464146F3
:10FB7000BDE8F041FDF7D2BB4FF0FF3058E62DE96C
:10FB8000F04100F12804407F1E460830904643189B
:10FB9000002508884F88069ADB1E90B1C01C80B2F1
:10FBA000904212D9801AB04200DB304685B29918D3
:10FBB0002A464046FDF7DFFB701B86B2A8440020B2
:10FBC00005E0FF1CBFB2E41EEAE7101A80B28119FB
:10FBD000B94206D8211832464046FDF7CCFBA81999
:10FBE00085B2284624E62DE9F04100F12804407F43
:10FBF0001E46083090464318002508884F88069A0C
:10FC0000DB1E90B1C01C80B2904212D9801AB04263
:10FC100000DB304685B298182A464146FDF7ABFB1B
:10FC2000701B86B2A844002005E0FF1CBFB2E41E92
:10FC3000EAE7101A80B28119B94206D82044324648
:10FC40004146FDF798FBA81985B22846F0E5401D0E
:10FC5000704710B5044600F12801C288808820F45E
:10FC600000431944904206D0A28922B9228A12B9CF
:10FC7000A28A904201D1002010BD0888498831B184
:10FC8000201D00F064F800202082012010BD637F59
:10FC900062880833184481B2201DFFF781FCF2E727
:10FCA0000021C18101774182C17581757047038848
:10FCB0001380C28942B1C28822F4004300F12802B5
:10FCC0001A440A60C08970470020704710B5044686
:10FCD000808AA0F57F41FF3900D0FFDFE088A08255
:10FCE000E08900B10120A07510BD4FF6FF7181823F
:10FCF00000218175704710B50446808AA0F57F41C8
:10FD0000FF3900D1FFDFA07D28B9A088A18A8842F1
:10FD100001D1002010BD012010BD8188828A91424E
:10FD200001D1807D08B1002070470120704720F488
:10FD3000004221F400439A4207D100F4004001F44C
:10FD40000041884201D0012070470020704730B543
:10FD5000044600880D4620F40040A84200D2FFDF90
:10FD600021884FF4004088432843208030BD70B57F
:10FD70000C00054609D0082C00D2FFDF1DB1A1B24E
:10FD8000286800F044F8201D70BD0DB100202860E7
:10FD9000002070BD0021026803E0938812681944B6
:10FDA00089B2002AF9D100F032B870B500260D46AC
:10FDB0000446082900D2FFDF206808B91EE0044687
:10FDC00020688188A94202D001680029F7D1818882
:10FDD0000646A94201D100680DE005F1080293B280
:10FDE0000022994209D32844491B0260818021687E
:10FDF000096821600160206000E00026304670BD87
:10FE000000230B608A8002680A600160704700234B
:10FE10004360021D018102607047F0B50F46018802
:10FE2000408815460C181E46AC4200D3641B304473
:10FE3000A84200D9FFDFA019A84200D9FFDF381976
:10FE4000F0BD2DE9F04188460646018840881546F8
:10FE50000C181F46AC4200D3641B3844A84200D99A
:10FE6000FFDFE019A84200D9FFDF708838447080B6
:10FE700008EB0400BDE8F0812DE9F041054600885B
:10FE80001E461746841B8846BC4200D33C442C8047
:10FE900068883044B84200D9FFDFA019B84200D9C1
:10FEA000FFDF68883044688008EB0400E2E72DE952
:10FEB000F04106881D460446701980B217468846F0
:10FEC0002080B84201D3C01B20806088A84200D2A5
:10FED000FFDF7019B84200D9FFDF6088401B6080E7
:10FEE00008EB0600C6E730B50D460188CC189442F1
:10FEF00000D3A41A4088984200D8FFDF281930BDEB
:10FF00002DE9F041BF4D04469046A8780E46A04228
:10FF100000D8FFDF05EB8607786A50F8240000B1AF
:10FF2000FFDFB868002816D0304600F032F90146ED
:10FF3000B868FFF73AFF05000CD0786A072E40F842
:10FF4000245000D3FFDFB0484246294650F82630FF
:10FF5000204698472846BDE8F0812DE9F843050082
:10FF60000C46009524D00026E81C20F00300A8428F
:10FF700000D0FFDFDFF88C820027314688F8007060
:10FF800088F8014088F8024088F8034088F8044067
:10FF900088F8054088F80640684600F003F900201C
:10FFA00042460099C91C21F00301009116B10FE0EF
:10FFB0000126D9E702EB80035962002106E000BF69
:10FFC000D3F824C04CF82170491CC9B2A142F7D320
:10FFD0000099401C01EB8401C0B200910728E0D3D6
:10FFE000481BBDE8F88310B50446F1F74AF908B19B
:10FFF000102010BD2078834A618802EB800092783F
:020000021000EC
:100000000EE0436A53F8213043B14A1C6280A1805C
:10001000406A50F82100A060002010BD491C89B240
:100020008A42EED86180052010BD70B505460C46A9
:100030000846F1F726F908B1102070BD072D01D34D
:10004000072070BD25700020608070BD0EB5694628
:10005000FFF7EBFF00B1FFDF6846FFF7C4FF08B111
:1000600000200EBD01200EBD10B50446072800D3A8
:10007000FFDF6448005D10BD3EB5054600246946BB
:10008000FFF7D3FF18B1FFDF01E0641CE4B268465C
:10009000FFF7A9FF0028F8D02846FFF7E5FF001B6F
:1000A000C0B23EBD57498978814201D9C0B270477C
:1000B000FF2070472DE9F04106291BD1514C002744
:1000C0003B464FF6FF7604EB810514F801C00AE0C9
:1000D000DC19D5F824E0A4B25EF824E0BEF1000FEC
:1000E00004D05B1C9BB29C45F2D834460480204669
:1000F000B44201D100202EE7BDE8F04100E7A0F5B1
:100100007F43FF3B01D0072901D300207047F7E66A
:10011000A0F57F42FF3A0BD0072909D2394A9378DC
:10012000834205D902EB8101496A51F820007047EA
:10013000002070472DE9F04104460D46A4F57F41AB
:1001400043F20200FF3902D0072D01D3072002E756
:100150002C494FF000088A78A242F8D901EB8506B5
:10016000726A52F82470002FF1D0274839461C30AB
:1001700050F8252020469047716A284641F824808F
:1001800000F007F802463946B068FFF739FE002054
:10019000E1E61D49383131F810004FF6FC71C01C02
:1001A000084070472DE9F843164E8846054600245E
:1001B0002868C01C20F0030028602046FFF7E9FFF4
:1001C000315D4843B8F1000F01D0002200E02A68F9
:1001D0000146009232B100274FEA0D00FFF7C7FD3C
:1001E0001FB106E001270020F8E706EB8401009A22
:1001F0008A602968641C0844E4B22860072CD7D3BD
:10020000EFE60000A806002084B2010070B50E469B
:100210001D46114600F0D5F804462946304600F048
:10022000D9F82044001D70BD2DE9F04190460D46DF
:1002300004004FF0000610D00027E01C20F003005F
:10024000A04200D0FFDFE5B141460020FFF78FFD5F
:100250000C3000EB850617B113E00127EDE7624F84
:1002600004F10C00AA003C602572606000EB850080
:10027000206000216068FDF7A8F841463868FFF764
:1002800076FD3046BDE8F0812DE9FF4F564C8046A3
:1002900081B020689A46934600B9FFDF2068027A51
:1002A000424503D9416851F8280020B143F20200C9
:1002B00005B0BDE8F08F5146029800F082F886B292
:1002C00058460E9900F086F885B27019001D87B265
:1002D0002068A14639460068FFF767FD04001FD07B
:1002E000678025802946201D0E9D07465A4601231A
:1002F0000095FFF777F92088314638440123029AA8
:10030000CDF800A0FFF76EF92088C1193846FFF735
:100310009AF9D9F800004168002041F82840C7E761
:100320000420C5E770B5304C0546206800B9FFDFF2
:100330002068017AA9420ED9426852F8251051B1BD
:10034000002342F825304A880068FFF759FD2168EC
:1003500000200A7A08E043F2020070BD4B6853F8AF
:10036000203033B9401CC0B28242F7D80868FFF78A
:1003700011FD002070BD70B51B4E0546002430688D
:1003800000B9FFDF3068017AA94204D9406850F80B
:10039000250000B1041D204670BD70B5124E054603
:1003A0000024306800B9FFDF3068017AA94206D91D
:1003B000406850F8251011B131F8040B441820465C
:1003C00070BD10B50A460121FFF705F9C01C20F0E9
:1003D000030010BD10B50A460121FFF7FCF8C01C50
:1003E00020F0030010BD00008000002070B504461E
:1003F000C2F110052819FCF7BEFF15F0FF0109D066
:10040000491ECAB28020A0542046BDE87040002199
:10041000FCF7DBBF70BD30B505E05B1EDBB2CC5C2A
:10042000D55C6C40C454002BF7D130BD10B500240E
:1004300009E00B78521E44EA430300F8013B11F82F
:10044000013BD2B2DC09002AF3D110BD2DE9F04303
:1004500089B01E46DDE9107990460D00044622D091
:1004600002460846F949FEF719FB10222146384694
:10047000FFF7DCFFE07B000606D5F44A394610237F
:1004800010320846FFF7C7FF102239464846FFF7EB
:10049000CDFFF87B000606D5EC4A49461023103202
:1004A0000846FFF7B8FF102200212046FCF78DFF19
:1004B0000DE0103EB6B208EB060110232246684656
:1004C000FFF7A9FF224628466946FEF7E7FA102EF5
:1004D000EFD818D0F2B241466846FFF787FF1023E5
:1004E0004A46694604A8FFF796FF1023224604A94E
:1004F0006846FFF790FF224628466946FEF7CEFA87
:1005000009B0BDE8F08310233A464146EAE770B5EA
:100510009CB01E460546134620980C468DF80800F0
:10052000202219460DF10900FCF725FF2022214663
:100530000DF12900FCF71FFF17A913A8CDE9000151
:10054000412302AA31462846FFF780FF1CB070BD48
:100550002DE9FF4F9FB014AEDDE92D5410AFBB491C
:10056000CDE90076202320311AA8FFF76FFF4FF066
:1005700000088DF808804FF001098DF8099054F8B3
:10058000010FCDF80A00A088ADF80E0014F8010C98
:100590001022C0F340008DF8100055F8010FCDF87F
:1005A0001100A888ADF8150015F8010C2C99C0F3BE
:1005B00040008DF8170006A88246FCF7DCFE0AA86A
:1005C000834610222299FCF7D6FEA048352308382E
:1005D00002AA40688DF83C80CDE900760E901AA9F9
:1005E0001F98FFF733FF8DF808808DF80990206879
:1005F000CDF80A00A088ADF80E0014F8010C102206
:10060000C0F340008DF810002868CDF81100A888CC
:10061000ADF8150015F8010C2C99C0F340008DF8C9
:1006200017005046FCF7A7FE584610222299FCF707
:10063000A2FE86483523083802AA40688DF83C900F
:10064000CDE900760E901AA92098FFF7FFFE23B09F
:10065000BDE8F08FF0B59BB00C460546DDE92210F1
:100660001E461746DDE92032D0F801C0CDF808C09B
:10067000B0F805C0ADF80CC00078C0F340008DF8AC
:100680000E00D1F80100CDF80F00B1F80500ADF86B
:10069000130008781946C0F340008DF81500108843
:1006A000ADF8160090788DF818000DF119001022A1
:1006B000FCF761FE0DF1290010223146FCF75BFECC
:1006C0000DF1390010223946FCF755FE17A913A881
:1006D000CDE90001412302AA21462846FFF7B6FED4
:1006E0001BB0F0BDF0B5A3B017460D4604461E463C
:1006F000102202A82899FCF73EFE06A820223946BF
:10070000FCF739FE0EA820222946FCF734FE1EA96C
:100710001AA8CDE90001502302AA314616A8FFF716
:1007200095FE1698206023B0F0BDF0B589B0044660
:10073000DDE90E070D463978109EC1F340018DF8B2
:10074000001031789446C1F340018DF8011019680A
:10075000CDF802109988ADF8061099798DF8081037
:100760000168CDF809108188ADF80D1080798DF8F9
:100770000F0010236A46614604A8FFF74CFE22468C
:10078000284604A9FEF78AF9D6F801000090B6F8C9
:100790000500ADF80400D7F80100CDF80600B7F861
:1007A0000500ADF80A000020039010236A46214698
:1007B00004A8FFF730FE2246284604A9FEF76EF98A
:1007C00009B0F0BD1FB51C6800945B680193136805
:1007D000029352680392024608466946FEF75EF9A4
:1007E0001FBD10B588B0044610680490506805908D
:1007F00000200690079008466A4604A9FEF74EF9C5
:10080000BDF80000208008B010BD1FB51288ADF8FB
:1008100000201A88ADF80220002201920292039271
:10082000024608466946FEF739F91FBD7FB5074BFA
:1008300014460546083B9A1C6846FFF7E6FF224629
:1008400069462846FFF7CDFF7FBD0000D2B2010008
:1008500070B5044600780E46012813D0052802D052
:10086000092813D10EE0A06861690578042003F01F
:1008700081FA052D0AD0782300220420616903F053
:10088000CFF903E00420616903F074FA3146204691
:10089000BDE8704001F08AB810B500F12D03C279AF
:1008A0009C78411D144064F30102C271D2070DD03F
:1008B0004A795C7922404A710A791B791A400A7197
:1008C0008278C9788A4200D9817010BD00224A71AD
:1008D000F5E74178012900D00C21017070472DE91E
:1008E000F04F93B04FF0000B0C690D468DF820B01F
:1008F000097801260C2017464FF00D084FF0110A19
:100900004FF008091B2975D2DFE811F01B00C40263
:1009100007031F035E037103A303B803F9031A045B
:1009200062049504A204EF042D0537055505600502
:10093000F3053606390668068406FE062207EB062E
:10094000F00614B120781D282AD0D5F808805FEA77
:1009500008004FD001208DF82000686A02220D9017
:100960008DF824200A208DF82500A8690A90A8880F
:100970000028EED098F8001091B10F2910D27DD246
:10098000DFE801F07C1349DEFCFBFAF9F8F73808E0
:100990009CF6F50002282DD124B120780C2801D036
:1009A0000026F0E38DF82020CBE10420696A03F0F3
:1009B000E1F9A8880728EED1204600F0F2FF0228CE
:1009C00009D0204600F0EDFF032807D9204600F0AB
:1009D000E8FF072802D20120207004E0002CB8D0E4
:1009E00020780128D7D198F80400C11F0A2902D322
:1009F0000A2061E0C4E1A070D8F80010E162B8F804
:100A00000410218698F8060084F83200012028702E
:100A10000320207044E00728BDD1002C99D0207815
:100A20000D28B8D198F8031094F82F20C1F3C00016
:100A3000C2F3C002104201D0062000E0072089075F
:100A400007D198F805100142D2D198F8061001425A
:100A5000CED194F8312098F8051020EA0202114214
:100A6000C6D194F8322098F8061090430142BFD1C5
:100A700098F80400C11F0A29BAD200E008E2617D9B
:100A800081427CD8D8F800106160B8F80410218148
:100A900098F80600A072012028700E202070032014
:100AA0008DF82000686A0D9004F12D000990601DFA
:100AB0000A900F300B9022E12875FCE3412891D178
:100AC000204600F06EFF042802D1E078C00704D170
:100AD000204600F066FF0F2884D1A88CD5F80C8042
:100AE00080B24FF0400BE669FFF745FC32464146C5
:100AF0005B464E46CDF80090FFF741F80B208DF88D
:100B00002000686A0D90E0690990002108A8FFF7AD
:100B10009FFE2078042806D0A07D58B1012809D076
:100B200003280AD04AE305202070032028708DF89E
:100B30002060CEE184F800A032E712202070EAE1C4
:100B40001128BCD1204600F02CFF042802D1E07807
:100B5000C00719D0204600F024FF062805D1E07810
:100B6000C00711D1A07D02280ED0204608E0CCE0BD
:100B700084E072E151E124E103E1E9E019E0B0E150
:100B800000F00FFF11289AD1102208F1010104F1A1
:100B90003C00FCF7F0FB607801286ED0122020703A
:100BA000E078C00760D0A07D0028C8D00128C6D05A
:100BB0005AE0112890D1204600F0F3FE082804D016
:100BC000204600F0EEFE132886D104F16C001022BE
:100BD00008F101010646FCF7CEFB207808280DD06D
:100BE00014202070E178C8070DD0A07D02280AD01B
:100BF0006278022A04D00328A1D035E00920F0E76A
:100C000008B1012837D1C80713D0A07D02281DD014
:100C100000200090D4E9062133460EA8FFF777FCA8
:100C200010220EA904F13C00FCF778FBC8B10420A7
:100C300042E7D4E90912201D8DE8070004F12C03D6
:100C400032460EA8616BFFF770FDE9E7606BC1F3F8
:100C50004401491E0068C84000F0010040F08000D7
:100C6000D7E72078092806D185F800908DF82090E4
:100C700036E32870EFE30920FBE79EE1112899D1C4
:100C8000204600F08EFE0A2802D1E078C00704D189
:100C9000204600F086FE15288CD104F13C0010227D
:100CA00008F101010646FCF766FB20780A2816D0F9
:100CB00016202070D4E90932606B611D8DE80F00A9
:100CC00004F15C0304F16C0247310EA8FFF7C2FC8B
:100CD00010220EA93046FCF721FB18B1F9E20B20D7
:100CE000207073E22046FFF7D7FDA078216AC0F19B
:100CF00010020B1800211846FCF767FB26E3394663
:100D000008A8FFF7A5FD06463CE20228B7D1204619
:100D100000F047FE042804D3204600F042FE0828D5
:100D200009D3204600F03DFE0E2829D3204600F0CE
:100D300038FE122824D2A07D0228A0D10E208DF8E2
:100D40002000686A0D9098F801008DF82400F5E302
:100D5000022894D1204600F024FE002810D020461E
:100D600000F01FFE0128F9D0204600F01AFE0C28E2
:100D7000F4D004208DF8240098F801008DF82500A7
:100D800060E21128FCD1002CFAD020781728F7D186
:100D90006178606A022912D05FF0000101EB410125
:100DA000182606EBC1011022405808F10101FCF79A
:100DB000E2FA0420696A00F0E7FD2670F0E50121FF
:100DC000ECE70B28DCD1002CDAD020781828D7D11A
:100DD0006078616A02281CD05FF0000000EB4002DE
:100DE000102000EBC2000958B8F8010008806078B4
:100DF000616A02280FD0002000EB4002142000EBB3
:100E0000C2000958404650F8032F0A604068486005
:100E100039E00120E2E70120EEE71128B0D1002CF3
:100E2000AED020781928ABD16178606A022912D03F
:100E30005FF0000101EB41011C2202EBC101102215
:100E4000405808F10101FCF796FA0420696A00F0A5
:100E50009BFD1A20B6E00121ECE7082890D1002C78
:100E60008ED020781A288BD1606A98F801200178FA
:100E700062F347010170616AD8F8022041F8012F3E
:100E8000B8F8060088800420696A00F07DFD90E2D1
:100E9000072011E63878012894D1182204F11400B3
:100EA0007968FCF768FAE079C10894F82F0001EA44
:100EB000D001E07861F30000E070217D002974D159
:100EC0002178032909D0C00725D0032028708DF888
:100ED0002090686A0D90412008E3607DA1788842E7
:100EE00001D90620E8E502262671E179204621F0A5
:100EF000E001E171617A21F0F0016172A17A21F0E3
:100F0000F001A172FFF7C8FC2E708DF82090686A7E
:100F10000D900720EAE20420ABE6387805289DD141
:100F20008DF82000686A0D90B8680A900720ADF827
:100F300024000A988DF830B06168016021898180B1
:100F4000A17A817104202070F8E23978052985D1D1
:100F50008DF82010696A0D91391D09AE0EC986E819
:100F60000E004121ADF824108DF830B01070A88C1F
:100F7000D7F80C8080B24026A769FFF70EFA4146E9
:100F80003A463346C846CDF80090FEF72CFE0021C5
:100F900008A8FFF75DFCE07820F03E00801CE070C0
:100FA0002078052802D00F200CE04AE1A07D20B176
:100FB000012802D0032802D002E10720BEE584F810
:100FC0000080EDE42070EBE4102104F15C0002F0FD
:100FD000EAFB606BB0BBA07D18B1012801D00520F1
:100FE000FDE006202870F8486063A063C2E238780C
:100FF000022894D1387908B12875B7E3A07D02287A
:1010000002D0032805D022E0B8680028F5D060633C
:101010001CE06078012806D0A07994F82E100128F1
:1010200005D0E94806E0A17994F82E00F7E7B86802
:101030000028E2D06063E078C00701D0012902D027
:10104000E14803E003E0F8680028D6D0A06306205A
:101050000FE68DF82090696A0D91E1784846C9073E
:1010600009D06178022903D1A17D29B1012903D0DA
:10107000A17D032900D00720287033E138780528A6
:10108000BBD1207807281ED084F800A005208DF859
:101090002000686A0D90B8680A90ADF824A08DF819
:1010A00030B003210170E178CA070FD0A27D022A77
:1010B0001AD000210091D4E9061204F15C03401C0F
:1010C000FFF725FA6BE384F80090DFE7D4E9092302
:1010D000211D8DE80E0004F12C0304F15C02401C7C
:1010E000616BFFF722FB5AE3626BC1F34401491EB7
:1010F0001268CA4002F0010141F08001DAE7387855
:101100000528BDD18DF82000686A0D90B8680A9056
:10111000ADF824A08DF830B0042100F8011B102296
:1011200004F15C01FCF727F9002108A8FFF790FB08
:101130002078092801D0132044E70A2020709AE57E
:10114000E078C10742D0A17D012902D0022927D031
:1011500038E0617808A8012916D004F16C010091EB
:10116000D4E9061204F15C03001DFFF7BBFA0A2064
:10117000287003268DF82080686A0D90002108A849
:10118000FFF766FBE1E2C7E204F15C010091D4E9FC
:10119000062104F16C03001DFFF7A4FA0026E9E71D
:1011A000C0F3440114290DD24FF0006101EBB010DF
:1011B0004FEAB060E0706078012801D01020BDE4F3
:1011C0000620FFE6607801283FF4B6AC0A2050E51F
:1011D000E178C90708D0A17D012903D10B2028702F
:1011E000042030E028702EE00E2028706078616BBB
:1011F000012818D004F15C0304F16C020EA8FFF77B
:10120000E1FA2046FFF748FBA0780EAEC0F11002CD
:1012100030440021FCF7D9F806208DF82000686AD8
:1012200009960D909BE004F16C0304F15C020EA89A
:10123000FFF7C8FAE8E73978022903D1397900299C
:10124000D0D0297592E28DF82000686A0D9056E59D
:1012500038780728F6D1D4E909216078012808D028
:1012600004F16C00CDE90002029105D104F16C0398
:1012700004E004F15C00F5E704F15C0304F14C00C8
:101280007A680646216AFFF763F96078012822D15F
:10129000A078216AC0F110020B1800211846FCF753
:1012A00094F8D4E90923606B04F12D018DE80F0057
:1012B00004F15C0300E05BE204F16C0231460EA82D
:1012C000FFF7C8F910220EA904F13C00FCF726F83C
:1012D00008B10B20ACE485F8008000BF8DF82090A9
:1012E000686A0D908DF824A009E538780528A9D101
:1012F0008DF82000686A0D90B8680A90ADF824A0B7
:101300008DF830B080F80080617801291AD0D4E9D6
:10131000092104F12D03A66B03910096CDE901325A
:1013200004F16C0304F15C0204F14C01401CFFF772
:1013300091F9002108A8FFF78BFA6078012805D001
:1013400015203FE6D4E90912631DE4E70E2028705A
:1013500006208DF82000686ACDF824B00D90A078A2
:101360008DF82800CBE438780328C0D1E079C00795
:1013700070D00F202870072065E7387804286BD1DB
:101380001422391D04F11400FBF7F5FF616A208C6B
:10139000A1F80900616AA078C871E179626A01F078
:1013A00003011172616A627A0A73616AA07A81F834
:1013B000240016205DE485F800A08DF82090696A6D
:1013C00050460D9192E00000D2B201003878052815
:1013D00042D1B868A8616178606A022901D0012110
:1013E00000E0002101EB4101142606EBC101405849
:1013F000082102F0D8F96178606A022901D0012140
:1014000000E0002101EB410106EBC101425802A8B6
:10141000E169FFF70BFA6078626A022801D00120C7
:1014200000E0002000EB4001102000EBC10002238F
:10143000105802A90932FEF7EEFF626AFD4B0EA8B2
:101440000932A169FFF7E1F96178606A022904D0E5
:10145000012103E044E18DE0BFE0002101EB410107
:10146000182606EBC101A27840580EA9FBF783FFAE
:101470006178606A022901D0012100E0002101EBBE
:10148000410106EBC1014158A0780B18C0F11002D0
:1014900000211846FBF799FF05208DF82000686AA7
:1014A0000D90A8690A90ADF824A08DF830B00621FF
:1014B00001706278616A022A01D0012200E00022F4
:1014C00002EB420206EBC202401C89581022FBF7D5
:1014D00052FF002108A8FFF7BBF91220C5F818B089
:1014E00028708DF82090686A0D900B208DF82400EC
:1014F00005E43878052870D18DF82000686A0D90D1
:10150000B8680A900B20ADF824000A9807210170F2
:101510006178626A022901D0012100E0002101EB1B
:101520004103102101EBC30151580988A0F80110B3
:101530006178626A022902D0012101E02FE10021D5
:1015400001EB4103142101EBC30151580A6840F833
:10155000032F4968416059E01920287001208DF857
:10156000300074E6162028708DF830B0002108A8ED
:10157000FFF76EF9032617E114202870AEE63878DD
:1015800005282AD18DF82000686A0D90B8680A9065
:10159000ADF824A08DF830B080F800906278616AD0
:1015A0004E46022A01D0012200E0002202EB420254
:1015B0001C2303EBC202401C89581022FBF7DBFE00
:1015C000002108A8FFF744F9152028708DF8206045
:1015D000686A0D908DF8246039E680E03878052837
:1015E0007DD18DF82000686A0D90B8680A90ADF83A
:1015F0002490092101706169097849084170616985
:1016000051F8012FC0F802208988C18020781C2859
:10161000A8D1A1E7E078C00702D04FF0060C01E0A6
:101620004FF0070C607802280AD000BF4FF000008E
:1016300000EB040101F1090105D04FF0010004E0C5
:101640004FF00100F4E74FF000000B78204413EA5C
:101650000C030B7010F8092F02EA0C02027004D17F
:101660004FF01B0C84F800C0D2B394F801C0BCF159
:10167000010F00D09BB990F800C0E0465FEACC7C37
:1016800004D028F001060670102606E05FEA887C88
:1016900005D528F00206067013262E70032694F84E
:1016A00001C0BCF1020F00D092B991F800C05FEA0E
:1016B000CC7804D02CF001060E70172106E05FEA0A
:1016C0008C7805D52CF002060E70192121700026A9
:1016D0000078D0BBCAB3C3BB1C20207035E012E039
:1016E00002E03878062841D11A2015E42078012834
:1016F0003CD00C283AD02046FFF7EBF809208DF8B3
:101700002000686A0D9031E03878052805D0062061
:10171000387003261820287046E005208DF8200038
:10172000696A0D91B9680A910221ADF8241001216E
:101730008DF830100A990870287D4870394608A83D
:10174000FFF786F8064618202870012E0ED02BE0F1
:1017500001208DF82000686A0D9003208DF8240088
:10176000287D8DF8250085F814B012E0287D80B121
:101770001D202070172028708DF82090686A0D9029
:1017800002208DF82400394608A8FFF761F80646C4
:101790000AE00CB1FE2020709DF8200020B100214D
:1017A00008A8FFF755F80CE413B03046BDE8F08FF9
:1017B0002DE9F04387B00C464E6900218DF80410E6
:1017C00001202578034602274FF007094FF0050C4A
:1017D00085B1012D53D0022D39D1FE2030708DF806
:1017E0000030606A059003208DF80400207E8DF89B
:1017F000050063E02179012925D002292DD0032994
:1018000028D0042923D1B17D022920D131780D1FA0
:10181000042D04D30A3D032D01D31D2917D121899D
:10182000022914D38DF80470237020899DF80410C8
:10183000884201E0CAB2010018D208208DF80000E9
:10184000606A059057E070780128EBD0052007B05A
:10185000BDE8F0831D203070E4E771780229F5D1EE
:1018600031780C29F3D18DF80490DDE7083402F8C3
:1018700004CB94E80B0082E80B000320E7E715781F
:10188000052DE4D18DF800C0656A0595956802952F
:101890008DF8101094F80480B8F1010F13D0B8F14E
:1018A000020F2DD0B8F1030F1CD0B8F1040FCED128
:1018B000ADF804700E202870207E68700021684604
:1018C000FEF7C6FF0CE0ADF804700B202870207EF8
:1018D000002100F01F0068706846FEF7B9FF3770FE
:1018E0000020B4E7ADF804708DF8103085F800C022
:1018F000207E6870277011466846FEF7A9FFA6E7AC
:10190000ADF804902B70207F6870607F00F00100BC
:10191000A870A07F00F01F00E870E27F2A71C00766
:101920001CD094F8200000F00700687194F82100A2
:1019300000F00700A87100216846FEF789FF2868BB
:10194000F062A8883086A87986F83200A0694078CD
:1019500070752879B0700D203070C1E7A971697178
:10196000E9E700B587B004280CD101208DF800000C
:101970008DF80400002005918DF8050001466846A9
:10198000FEF766FF07B000BD70B50C46054602F0D5
:10199000F1F921462846BDE870407823002202F084
:1019A0003FB908B1007870470C20704770B50C0043
:1019B00005784FF000010CD021702146F1F72DFC85
:1019C00069482178405D884201D1032070BD022022
:1019D00070BDF1F722FC002070BD0279012A05D00C
:1019E00000220A704B78012B02D003E004207047DC
:1019F0000A758A6102799300521C0271C15003205A
:101A00007047F0B587B00F4605460124287905EBED
:101A1000800050F8046C7078411E02290AD25249A5
:101A20003A46083901EB8000314650F8043C28461C
:101A3000984704460CB1012C11D12879401E10F0B2
:101A4000FF00287101D00324E0E70A208DF8000090
:101A5000706A0590002101966846FFF7A7FF032CE6
:101A6000D4D007B02046F0BD70B515460A460446EE
:101A700029461046FFF7C5FF064674B12078FE28B8
:101A80000BD1207C30B100202870294604F10C00D5
:101A9000FFF7B7FF2046FEF71CFF304670BD7047CA
:101AA00070B50E4604467C220021FBF78EFC022511
:101AB000012E03D0022E04D0052070BD01206070DD
:101AC00000E065702046FEF704FFA575002070BD9C
:101AD00028B1027C1AB10A4600F10C01C4E70120CA
:101AE000704710B5044686B0042002F043F9207810
:101AF000FE2806D000208DF8000069462046FFF73A
:101B0000E7FF06B010BD7CB50E4600218DF804102D
:101B10004178012903D0022903D0002405E004699B
:101B200000E044690CB1217C89B16D46014628462C
:101B3000FFF753FF032809D1324629462046FFF715
:101B400093FF9DF80410002900D004207CBD04F10F
:101B50000C05EBE730B40C460146034A204630BC86
:101B6000024B0C3AFEF751BE10B30100CAB201009D
:101B700070B50D46040011D085B122010021284620
:101B8000FBF723FC102250492846FBF7F4FB4F4893
:101B90000121017044704560002070BD012070BDBE
:101BA00070B505460024494E11E07068AA7B00EB31
:101BB0000410817B914208D1C17BEA7B914204D120
:101BC0000C222946FBF7AAFB30B1641CE4B2307842
:101BD0008442EAD3002070BD641CE0B270BD70B5D1
:101BE0000546FFF7DDFF002805D1384C20786178E5
:101BF000884201D3002070BD6168102201EB001003
:101C00002946FBF7B8FB2078401CC0B2207070BD9D
:101C10002E48007870472D490878012802D0401ED0
:101C200008700020704770B50D4600219170144671
:101C30001180022802D0102815D105E0288890B123
:101C40000121A17010800CE0284613B1FFF7C7FFF7
:101C500001E0FFF7A5FFA07010F0FF0F03D0A889E7
:101C60002080002070BD012070BD0023DBE770B52F
:101C7000054614460E0009D000203070A8780128CF
:101C800006D003D911490A7890420AD9012070BDC3
:101C900024B1287820702888000A5070022008702B
:101CA0000FE064B14968102201EB001120461039A1
:101CB000FBF761FB287820732888000A60731020E6
:101CC0003070002070BD00001FB3010084000020B0
:101CD0002DE9F04190460C4607460025C2EB48111D
:101CE000FE48072F00EB410607D2DFE807F00707A1
:101CF000070704040400012500E0FFDF06F8147064
:101D0000002D13D0F5487C3000EB880191F82700B6
:101D10001F2803D006EB4000447001E081F8264004
:101D200006EB44021F20507081F82740BDE8F08187
:101D3000F0B51F4614460E4605461F2A00D1FFDFA8
:101D4000E648C7EB471100EB410CE4490CEB4400BB
:101D50007C3101EB87021F2E07D00CEB4601407847
:101D60004B78487018461F210AE092F825304078D9
:101D700082F82500F6E701460CEB4100057040783B
:101D8000A142F8D192F827401F2C03D00CEB440459
:101D9000637001E082F826300CEB41041F2363706E
:101DA00082F82710F0BD30B50D46CD4B4419002206
:101DB000181A72EB020100D2FFDFCA48854200DD2B
:101DC000FFDFC8484042854200DAFFDFC448401CBC
:101DD000844207DA002C01DB204630BDC048401C9D
:101DE000201830BDBE48C043FAE710B5044601686C
:101DF000407ABD4A52F82020114450B102200844D4
:101E000020F07F40F8F753FD94F90810BDE810402A
:101E1000C9E70420F3E72DE9F047B04E7C3696F889
:101E20002D50DFF8B89206EB850090F8264036E09A
:101E3000C5EB451109EB41074FF0070817F81400EF
:101E4000012806D004282ED005282ED0062800D040
:101E5000FFDF01F045F9014607EB4400427806EB4D
:101E6000850080F8262090F82720A24202D11F2268
:101E700080F82720084601F03EF92A462146012035
:101E8000FFF726FF9948414600EB04100268204600
:101E9000904796F82D5006EB850090F826401F2CB1
:101EA000C6D1BDE8F087022000E003208046D0E7DD
:101EB00010B58A4C1F217C3484F8251084F8261034
:101EC00084F82710002084F8280084F82D0084F876
:101ED0002E10411EA16044F8100B20746074207312
:101EE0006073A0738249E077207508704870002104
:101EF0007A4A103C02F81100491CC9B21F29F9D3D3
:101F00000120F8F7C4FB0020F8F7C1FB012084F89A
:101F10002200F9F731F87748F9F743F8744CA41E1A
:101F200020707548F9F73DF86070BDE81040F8F78B
:101F30003BBB10B5F8F75DFB6D4CA41E2078F9F79C
:101F400049F86078F9F746F8BDE8104001F000B9AB
:101F50001F2070470020F8F773BB70B505460124B9
:101F60000E46AC405AB1FFF7F5FF0146634800EB5F
:101F7000C500C0F81015C0F81465614801E060485C
:101F8000001D046070BD2DE9F34F544D00247C35D5
:101F900005EB810A89B09AF825001F2823D0611E1D
:101FA00002915249009401EB0017391D03AB07C998
:101FB00083E8070005F11400A0460189ADF81C1064
:101FC000807A8DF81E009DF81500C8B1022646499A
:101FD00051F820400399A219114421F07F41019149
:101FE00084B102210FE00120F8F751FB0020F8F73F
:101FF0004EFBF8F71CFB01F0ABF885F82F40A9E089
:102000000426E4E700218DF81810022801D00128E9
:1020100020D1039801190998081A801C9DF81C10FA
:1020200020F07F4001B10221353181420BD20320E3
:102030008DF815000398C4F13201401A20F07F405A
:10204000322403900CE095F8240018B901F063FAEB
:10205000002863D0322C03D214B101F06DF801E0F6
:1020600001F076F8224A107818B393465278039B11
:10207000121B00219DF81840994601281AD0032808
:1020800018D000208DF81E00002A04DD981A039055
:1020900001208DF818009DF81C0000B10221039862
:1020A000184A20F07F40039003AB099801F05CF8D8
:1020B00010B110E00120E5E79DF81D0018B99BF86C
:1020C0000000032829D08DF81C80CDF80C908DF8E5
:1020D00018408DF81E809DF8180015E0D8080020E3
:1020E000FF7F841E0020A10730B30100E806002016
:1020F0008E000020CF3A0100171E010000F00140C1
:1021000004F50140FFFF3F0058B1039801238119F6
:1021100000221846F8F70EFB06E000200BB0BDE8E1
:10212000F08F0120F8F7B3FA97F90C200123002073
:102130000199F8F7FFFAF87BC00701D0F8F7E3FB45
:10214000012085F82F008AF8288020226946FE4861
:10215000FBF711F90120E1E72DE9F05FDFF8E883F3
:10216000064608EB860090F825501F2D21D0A8F1D7
:102170007C01C6EB46102C4601EB4007A1F5F8792F
:10218000DFF8C8B305E0A24607EB4A0044781F2CED
:102190000AD0F8F71AFB09EB04135A4601211B1D5C
:1021A00000F0E2FF0028EED0AC4202D033465246A7
:1021B0001EE0E74808B1AFF30080F8F706FB98F897
:1021C0002F206AB1D8F80C20411C891A0902CA17BD
:1021D00001EB12610912002902DD0020BDE8F09F29
:1021E0003146FFF7D0FE08B10120F7E733462A4613
:1021F0001F210420FFF79CFDEFE72DE9F041D24CB1
:102200002569F8F7E2FA401B0002C11700EB1160E4
:10221000001200D4FFDF94F8220000B1FFDF012795
:1022200084F8227094F82E001F2800D1FFDF94F864
:102230002E601F2084F82E00002584F82F5084F88B
:10224000205084F82150C34825600078022835D0FA
:10225000032833D000202077A068401C05D04FF021
:10226000FF30A0600120F8F712FA0020F8F70FFA0B
:10227000F8F70BFBF8F703FBF8F7D9F908F0E8F8E3
:10228000B548056005604FF0E0214FF40040B846C6
:10229000C1F88002F0F799FE94F82D703846FFF7E8
:1022A0005BFF0028FAD0A849C7EB47107C3901EB47
:1022B000400010F81600022802D006E00120CAE70C
:1022C0003A4631460620FFF703FD84F8238004EBED
:1022D000870090F826001F2804D09E48801E407872
:1022E000F8F77EFE207F002803D0F8F7BEFA2577A6
:1022F00065771BE5944910B591F82D20924B002489
:10230000C2EB42117C3B03EB410100BF11F81430DA
:102310002BB1641CE4B21F2CF8D31F2010BD8F49D1
:1023200001EB041108600020C87321460120FFF76B
:10233000CFFC204610BD10B5012801D0032800D1E4
:1023400081B3814A92F82D307F4C0022C3EB4313B6
:102350007C3C04EB430300BF13F812400CB108208F
:1023600010BD521CD2B21F2AF6D37A4A48B10228B5
:1023700007D0072917D2DFE801F01606080A0C0E6D
:10238000100000210AE01B2108E03A2106E0582154
:1023900004E0772102E0962100E0B5215170107031
:1023A000002010BDFFE70720FBE76A4810B5407822
:1023B000F8F77DFA80B2F4E710B51F2815D262490C
:1023C00091F82D20C2EB4213A1F17C0202EB4304F1
:1023D00014F810304BB191F82D30C3EB431302EBDE
:1023E000430212F81020012A01D00020D9E791F809
:1023F0002D2001460020FFF76BFC0120D1E710B52E
:10240000F8F7E3F9BDE81040F8F751BA2DE9F041CB
:102410000E464D4F01781F257C3FC3EB43130C46FE
:1024200007EB430303E0254603EB4504647894423D
:1024300002D01F2CF7D108E01F2C06D0A14206D1F4
:1024400003EB41014978017007E000206EE403EBE3
:10245000440003EB450140784870414F7EB127B1FD
:10246000002140F22D40AFF300803078A04206D129
:1024700027B100214FF48660AFF30080357027B19B
:10248000002140F23540AFF3008001204EE410B54A
:1024900042680B689A1A1202D41702EB14621212E5
:1024A00016D4497A91B1427A82B92E4A006852F81C
:1024B0002110126819441044001D891C081A0002DA
:1024C000C11700EB11600012322801DB012068E720
:1024D000002066E72DE9F0478146204EC1EB411010
:1024E00006F5F8719846144601EB400713E000BF6B
:1024F00006EB0415291D4846FFF7C9FF68B988F89F
:102500000040A97B99F80A00814201D80020C8E464
:1025100007EB440044781F2CEAD10120C1E42DE9E7
:10252000F047824608480E4600EB8600DFF82C8014
:1025300090F825401F201070C1EB461099461546B3
:1025400008F5F87110E0000054090020FFFF3F007B
:10255000000000008E00002000F50040E80600208A
:102560000000000030B3010001EB40070BE000BFAA
:1025700008EB04105146001DFFF789FF28B107EB57
:1025800044002C7044781F2CF2D1297889F800106F
:102590004B46224631465046BDE8F0479AE72DE9C2
:1025A000FC410E4607460024FE4D08E09DF8000061
:1025B00005EB00108168384600F0EAFD01246B4607
:1025C00001AA31463846FFF7AAFF0028EED0204680
:1025D000BDE8FC8170B50446C0EB44110125F2480A
:1025E000A54300EB4101C5EB451200EB42003E2242
:1025F000FAF7C1FEED4E26B100214FF49360AFF320
:102600000080E9487C3000EB850100EB8400D0F8C5
:102610002500C1F8250026B1002140F29C40AFF30F
:102620000080284670BD8A4203D003460520FFF78C
:102630007FBB1F2908D0DC4AC0EB401002EB4000F2
:1026400000EB410040787047D7497C3101EB8000B6
:1026500090F825007047D34901EB0010001DFFF7EB
:10266000C4BB7CB51D46134604460E4600F1080265
:1026700021461846F8F728F994F908000F2804DDD8
:102680001F3820722068401C206096B10220C84983
:1026900051F82610461820686946801B20F07F40BC
:1026A000206094F908002844C01C1F2803DA012088
:1026B00009E00420EBE701AAF8F706F99DF8040009
:1026C00010B10098401C00900099206831440844E3
:1026D000C01C20F07F4060607CBDFEB50C46064605
:1026E00009786079907220791F461546507279B149
:1026F000217900222846A368FFF7B3FFAA4928469C
:102700007C3191F82E201F2A0AD00969491D0DE05D
:10271000D4E90223217903B02846BDE8F040A0E7C0
:10272000A4494978052900D20521314421F07F418F
:1027300000F02EFD39462846FFF731FFD4E902327A
:1027400021796846FFF78DFF2B4600213046019A1C
:1027500000F00AFD002806D103B031462846BDE846
:10276000F04000F015BDFEBD2DE9FE4F814600F0A2
:10277000CBFC38B15FF0000799F8000020B10020D1
:10278000BDE8FE8F0127F7E7874D884C4FF0000A20
:102790007C3524B1002140F2FF40AFF3008095F872
:1027A0002D8085F823A0002624B1002140F204509A
:1027B000AFF300801FB94046FFF70CFF804624B1FD
:1027C000002140F20C50AFF30080F7F7FEFF4346C4
:1027D0006A464946FFF781FF24B1002140F21250BA
:1027E000AFF3008095F82E001F280CD029690098BF
:1027F000401A0002C21700EB1260001203D56846AF
:1028000000F0C6FC012624B1002140F21C50AFF3B9
:10281000008095F823000028BBD124B1002140F2AC
:102820002250AFF30080F7F7D0FF6B46624A0021D9
:1028300000F09AFC0028A3D027B941466846FFF76C
:10284000AEFE064326B16846FFF7CFFAC9F8080086
:1028500024B1002140F23550AFF3008001208FE712
:102860002DE9F04F89B08B46824600F04DFC4E4C6E
:102870007C3428B39BF80000002710B1012800D059
:10288000FFDF4A4D25B1002140F2F750AFF3008041
:102890004449012001EB0A18A94607905FEA09069E
:1028A00004D0002140F2FF50AFF30080079800F001
:1028B00022FC94F82D50002084F8230067B119E021
:1028C00094F82E0001271F2800D1FFDF9BF800009D
:1028D0000028D6D0FFDFD4E72846FFF77BFE054669
:1028E00026B1002140F20960AFF3008094F8230084
:1028F0000028D3D126B1002140F21360AFF300804D
:10290000F7F763FF2B4602AA59460790FFF7E5FE4B
:1029100098F80F005FEA060900F001008DF8130037
:1029200004D0002140F21D60AFF300803B462A46F0
:1029300002A9CDF800A0079800F035FC064604EB8C
:10294000850090F828000090B9F1000F04D0002114
:1029500040F22460AFF3008000F0C2FB0790B9F1B1
:10296000000F04D0002140F22A60AFF3008094F8F9
:102970002300002892D1B9F1000F04D0002140F2C9
:102980003260AFF300800DF1080C9CE80E00C8E93E
:102990000112C8F80C30BEB35FEA090612D000215C
:1029A0000CE00000E8060020D8080020000000002D
:1029B00030B301008E000020FFFF3F0040F23F6077
:1029C000AFF300800098B84312D094F82E001F286F
:1029D0000ED126B1002140F24460AFF300802846BA
:1029E000FFF7BAFB20B99BF80000D8B3012849D003
:1029F000B9F1000F04D0002140F26160AFF3008014
:102A0000284600F066FB01265FEA090504D0002194
:102A100040F26A60AFF30080079800F06CFB25B1CC
:102A2000002140F26E60AFF300808EB194F82D006B
:102A300004EB800090F826001F2809D025B1002162
:102A400040F27560AFF30080F9484078F8F7C8FAB3
:102A500025B1002140F27A60AFF3008009B0304622
:102A6000BDE8F08FFFE7B9F1000F04D0002140F27C
:102A70004C60AFF3008094F82D2051460420FFF7FE
:102A800027F9C0E7002E3FF409AF002140F257605C
:102A9000AFF3008002E72DE9F84FE64D814695F847
:102AA0002D004FF00008E44C4FF0010B474624B1D5
:102AB00000214FF4D160AFF30080584600F01BFBBB
:102AC00085F8237024B1002140F28D60AFF30080BF
:102AD00095F82D00FFF77EFD064695F8230028B1F6
:102AE000002CE4D0002140F293604DE024B100219D
:102AF00040F29760AFF30080CE49C6EB46107C39B8
:102B000001EB400111F81900032856D1334605EBBB
:102B1000830A4A469AF82500904201D1012000E03C
:102B2000002000900AF125000021FFF76FFC01460C
:102B30000098014203D001228AF82820AF77E1B340
:102B400024B1002140F29C60AFF300803246494638
:102B50000120FFF7BDF89AF828A024B1002140F227
:102B6000A760AFF3008000F0BBFA834624B10021D8
:102B700040F2AC60AFF3008095F8230038B1002C30
:102B800095D000214FF4D660AFF300808FE7BAF103
:102B9000000F07D095F82E001F2803D13046FFF70D
:102BA000DBFAE0B124B1002140F2C460AFF3008051
:102BB000304600F08EFA4FF0010824B1002140F2B7
:102BC000CD60AFF30080584600F095FA24B10021A3
:102BD00040F2D160AFF300804046BDE8F88F002C92
:102BE000F1D0002140F2BF60AFF30080E6E70120A2
:102BF000F7F726BD8E48007870472DE9F0418D4CDF
:102C000094F82E001F2821D194F82D6004EB86073C
:102C100097F825501F2D00D1FFDF8649C6EB4610DF
:102C20007C3901EB400000EB4500407807F8250FA8
:102C30000120F87084F82300294684F82E5032468B
:102C400002202234FFF744F8002020701EE42DE912
:102C5000F0417A4E774C012538B1012821D0022865
:102C600079D003287DD0FFDF10E400F065FAFFF78C
:102C7000C4FF207E00B1FFDF84F821500020F7F769
:102C800006FDA168481C04D0012300221846F7F76E
:102C900051FD14F82E0F217806EB01110A6801216D
:102CA00054E0FFF7AAFF0120F7F7F1FC94F82100A8
:102CB00050B1A068401C07D014F82E0F217806EB05
:102CC00001110A68062141E0207EDFF864810027B7
:102CD00008F10208012803D002281ED0FFDFB5E763
:102CE000A777F7F7C2FD98F80000032801D16577B0
:102CF0002577607D524951F8200094F8201051B991
:102D000048B161680123091A00221846F7F712FD3D
:102D1000022020769AE7277698E784F8205000F082
:102D20000BFAA07F50B198F8010061680123091ADD
:102D300000221846F7F7FEFC257600E0277614F807
:102D40002E0F217806EB01110A680021BDE8F04141
:102D5000104700E005E036480078BDE8F041F8F79C
:102D60003FB9FFF74AFF14F82E0F217806EB011147
:102D70000A680521EAE710B52E4C94F82E001F28AA
:102D800000D1FFDF14F82E0F21782C4A02EB01113D
:102D90000A68BDE81040042110477CB5254C054663
:102DA00094F82E001F2800D1FFDFA068401C00D03F
:102DB000FFDF94F82E00214901AA01EB00106946BB
:102DC00090F90C002844F7F77FFD9DF904000F28C7
:102DD00001DD012000E000200099084461680844FA
:102DE00020F07F41A16094F82100002807D002B0B4
:102DF0000123BDE8704000221846F7F79BBC7CBD5C
:102E000030B5104A0B1A541CB3EB940F1ED3451A5D
:102E1000B5EB940F1AD3934203D9101A43185B1CD5
:102E200014E0954210D9511A0844401C43420DE069
:102E30008C0000205409002000000000E80600205B
:102E400030B30100FF7F841EFFDF0023184630BD32
:102E50000123002201460220F7F76CBC0220F7F79D
:102E600016BCF7F7B2BC2DE9FE4FF24C05468A4678
:102E700094F82E001F2800D1FFDFEE4E94F82E109C
:102E8000A0462046A6F51B7202EB01141F218DF807
:102E9000001090F82D10376900EB8101D8F8000080
:102EA00091F82590284402AA01A90C36F7F70CFDE9
:102EB0009DF90800002802DD0198401C0190A068DF
:102EC0000199642D084453D3DB4B00225B1B72EB4A
:102ED00002014DD36168411A21F07F41B1F5800FA5
:102EE00046D220F07F40706086F80AA098F82D1036
:102EF00044466B464A463046FFF7ECFAB8B3A06842
:102F0000401C10D0F7F761FCA168081A0002C11735
:102F100000EB1160001202282CDD0120F7F7B7FB4F
:102F20004FF0FF30A06094F82D009DF800201F2185
:102F30000F34FFF778FBA17FBE4AC1EB41117C3A09
:102F400002EB4101E27F01EB4201487054F80F0CA3
:102F5000284444F80F0C012020759DF800001F281C
:102F600003D0B6484078F8F73BF8012008E401E0C8
:102F7000002005E47760FBE72DE9F047AD4C0746FC
:102F800094F82D00A4F17C06C0EB401006EB400045
:102F900010F8170000B9FFDF94F82D50A046A84C98
:102FA00024B1002140F6E800AFF30080C5EB4510E6
:102FB00040F6F40940F6FD0A06EB400616F8170045
:102FC000012819D0042811D005280FD006280DD0CB
:102FD0001CB100214846AFF3008007F021FF002C10
:102FE000ECD000215046AFF30080E7E72A4639468F
:102FF0000120FEF76DFEF2E74FF0010A4FF00009E5
:10300000454624B1002140F60410AFF3008050463D
:1030100000F071F885F8239024B1002140F60910E2
:10302000AFF3008095F82D00FFF7D4FA064695F827
:10303000230028B1002CE4D0002140F60F101FE03F
:1030400024B1002140F61310AFF3008005EB860099
:1030500000F1270133463A462630FFF7D7F924B16D
:10306000002140F61710AFF3008000F039F88246D7
:1030700095F8230038B1002CC3D0002140F61D1074
:10308000AFF30080BDE785F82D60012085F82300AF
:10309000504600F030F8002C04D0002140F62A10F1
:1030A000AFF30080BDE8F08730B5044661480D46B7
:1030B00090F82D005F49C0EB40107C3901EB4000D7
:1030C00010F8140000B9FFDF5E4800EB0410C57370
:1030D00030BD584981F82D00012081F82300704748
:1030E00010B5594808B1AFF30080EFF3108000F03D
:1030F000010072B610BD10B5002804D1534808B1C4
:10310000AFF3008062B610BD51480068C005C00D25
:1031100010D0103840B2002804DB00F1E02090F815
:10312000000405E000F00F0000F1E02090F8140D1D
:10313000400970470820704710B53E4C94F82400B1
:10314000002804D1F7F740FC012084F8240010BDCA
:1031500010B5384C94F82400002804D0F7F75DFC33
:10316000002084F8240010BD10B51C685B68241A88
:10317000181A24F07F4420F07F40A14206D8B4F50D
:10318000800F03D2904201D8012010BD002010BD55
:10319000D0E90032D21A21F07F43114421F07F415F
:1031A000C0E9003170472DE9FC41844621481546AD
:1031B0000F46C2EB45117C38089C00EB410616F81F
:1031C0001400012804D0022802D00020BDE8FC81B0
:1031D0003B46204A01216046FFF7C6FFF0B101AB34
:1031E0006A4629463846FFF79AF9B8B19DF8042097
:1031F0009DF800102846FFF716FA06EB44014870C8
:103200009DF800001F280DD006EB400044702A46B0
:1032100021460320FEF75CFD0120D7E72A46214620
:103220000420F7E70348012100EB850000F8254F53
:10323000C170ECE754090020FF1FA1078C0000209B
:1032400000000000E8060020000000000000000070
:1032500004ED00E0FFFF3F002DE9F0410446800748
:103260004FF000054FF001060CD56B480560066075
:1032700000F0E8F920B16948016841F4806101601B
:1032800024F00204E0044FF0FF3705D5644846609F
:10329000C0F8087324F48054600003D561480560C9
:1032A00024F08044E0050FD55F48C0F80052C0F814
:1032B00008735E490D60091D0D605C4A04210C32E3
:1032C0001160066124F48074A00409D55848466052
:1032D000C0F80052C0F808735648056024F4005442
:1032E000C4F38030C4F3C031884200D0FFDF14F44F
:1032F000404F14D050484660C0F808734F4886606D
:10330000C0F80052C0F808734D490D600A1D1660E0
:103310008660C0F808730D60166024F440442005F0
:103320000AD5484846608660C0F80873C0F84873FC
:103330004548056024F4006407F064F843480442FB
:1033400000D0FFDFBDE8F081F0B500222025012389
:103350004FEA020420FA02F1C9072DD051B2002928
:1033600010DB00BF4FEA51174FEA870701F01F0635
:1033700007F1E02703FA06F6C7F88061BFF34F8F25
:10338000BFF36F8F0CDB00BF4FEA51174FEA87077F
:1033900001F01F0607F1E02703FA06F6C7F880627E
:1033A00004DB01F1E02181F8004405E001F00F01A8
:1033B00001F1E02181F8144D02F10102AA42C9D3C2
:1033C000F0BD10B5224C20600846F7F716FC2068C7
:1033D000FFF742FF2068FFF7B7FF06F053FC00F04D
:1033E00092F907F00FF806F04EFFF7F7C5FDBDE8BC
:1033F000104006F0FBBC10B5154C2068FFF72CFF01
:103400002068FFF7A1FF06F0FDFFF7F7F5FC0020AD
:10341000206010BD0A207047FC1F00403C17004090
:1034200000C0004004E501400080004004850040E9
:1034300000D0004004D5004000E0004000F0004013
:1034400000F5004000B0004008B50040FEFF0FFD51
:103450009000002070B526490A680AB3002215467C
:1034600001244B685B1C4B600C2B00D34D600E7924
:1034700004FA06F30E681E420FD0EFF3108212F02A
:10348000010272B600D001220C689C430C6002B9A4
:1034900062B649680160002070BD521C0C2AE0D35E
:1034A000052070BD4FF0E0214FF48000C1F800020C
:1034B0007047EFF3108111F0010F72B64FF0010267
:1034C00002FA00F20A48036842EA0302026000D1ED
:1034D00062B6E7E7064800210160416070470121BC
:1034E000814003480068084000D001207047000078
:1034F000940000200120810708607047012188079F
:1035000041600021C0F80011184801707047174948
:103510000120087070474FF08040D0F8000101286A
:1035200003D012480078002800D0012070471048CE
:103530000068C00700D0012070470D480C300068BB
:10354000C00700D001207047094814300068704758
:10355000074910310A68D20306D5096801F0030152
:10356000814201D101207047002070479C0000205B
:10357000080400404FF08050D0F830010A2801D0F4
:10358000002070470120704700B5FFF7F3FF20B11E
:103590004FF08050D0F8340108B1002000BD012068
:1035A00000BD4FF08050D0F830010E2801D000202F
:1035B0007047012070474FF08050D0F83001062846
:1035C00003D0401C01D000207047012070474FF00D
:1035D0008050D0F830010D2801D000207047012024
:1035E00070474FF08050D0F83001082801D00020FB
:1035F0007047012070474FF08050D0F830011028FC
:1036000001D0002070470120704700B5FFF7F3FF9D
:1036100030B9FFF7DCFF18B9FFF7E3FF002800D04F
:10362000012000BD00B5FFF7C6FF38B14FF0805054
:10363000D0F83401062803D3401C01D0002000BD7F
:10364000012000BD00B5FFF7B6FF48B14FF0805034
:10365000D0F83401062803D3401C01D0012000BD5E
:10366000002000BD0021017008467047014600207F
:1036700008707047EFF3108101F0010172B6027813
:10368000012A01D0012200E000220123037001B9C8
:1036900062B60AB1002070474FF400507047E9E766
:1036A000EFF3108111F0010F72B64FF000020270BB
:1036B00000D162B600207047F2E700002DE9F0412A
:1036C00015460E460446002700F0EBF8A84215D335
:1036D000002341200FE000BF94F84220A25CF25486
:1036E00094F84210491CB1FBF0F200FB12115B1C74
:1036F00084F84210DBB2AB42EED3012700F0DDF8D4
:103700003846BDE8F081724910B5802081F8000488
:103710007049002081F8420081F84100433181F86E
:10372000420081F84100433181F8420081F84100B4
:103730006948FFF797FF6848401CFFF793FFF7F7CA
:10374000A3FBBDE8104000F0B8B8402070476148C6
:1037500000F0A7B80A4601465E48AFE74020704730
:103760005C48433000F09DB80A4601465948433052
:10377000A4E7402101700020704710B50446554869
:10378000863000F08EF82070002010BD0A460146F9
:10379000504810B58630FFF791FF08B1002010BDEA
:1037A00042F2070010BD70B50C460646412900D90B
:1037B000FFDF4A480068103840B200F054F8C5B244
:1037C0000D2000F050F8C0B2854201D3012504E07D
:1037D000002502E00DB1F7F79AFB224631463D483D
:1037E000FFF76CFF0028F5D070BD2DE9F0413A4F8E
:1037F0000025064617F1040757F82540204600F03B
:1038000041F810B36D1CEDB2032DF5D331484330B0
:1038100000F038F8002825D02E4800F033F80028B2
:1038200020D02C48863000F02DF800281AD0F7F769
:1038300044FB2948FFF71EFFB0F5005F00D0FFDF13
:10384000BDE8F0412448FFF72BBF94F84100412127
:10385000265414F8410F401CB0FBF1F201FB12009A
:103860002070D3E74DE7002804DB00F1E02090F85A
:10387000000405E000F00F0000F1E02090F8140DC6
:103880004009704710F8411F4122491CB1FBF2F377
:1038900002FB13114078814201D1012070470020C2
:1038A000704710F8411F4078814201D3081A02E0A6
:1038B000C0F141000844C0B2704710B50648FFF798
:1038C000D9FE002803D1BDE81040F7F7E1BA10BDDA
:1038D0000DE000E084090020A000002004ED00E0DD
:1038E00070B5154D2878401CC4B26878844202D067
:1038F00000F0DBFA2C7070BD2DE9F0410E4C4FF05A
:10390000E02600BF00F0C6FA07F08AFA40BF20BFE9
:10391000677820786070D6F80052EDF72EFD854369
:1039200005D1D6F8040210B92078B842EAD000F0E8
:10393000ACFA0020BDE8F081B00000202DE9F04194
:1039400001264FF0E02231034FF000084046C2F854
:103950008011BFF34F8FBFF36F8F204CC4F800016D
:103960000C2000F02EF81E4D2868C04340F30017CD
:10397000286840F010002860C4F8046326607F1CAB
:1039800002E000BF07F04CFAD4F800010028F9D09B
:103990001FB9286820F0100028601248056866608A
:1039A000C4F80863C4F800810C2000F00AF8284627
:1039B000BDE8F08110B50446FFF7C0FF206000208D
:1039C00010BD002809DB00F01F02012191404009D1
:1039D000800000F1E020C0F88012704700C0004075
:1039E00010ED00E008C500402DE9F047FF4C064609
:1039F000FF21A06800EB061211702178FF2910D07A
:103A00004FF0080909EB011109EB06174158C0599D
:103A100000F0F4F9002807DDA168207801EB061119
:103A200008702670BDE8F08794F8008045460DE0E8
:103A3000A06809EB05114158C05900F0DFF90028D2
:103A400006DCA068A84600EB08100578FF2DEFD132
:103A5000A06800EB061100EB08100D700670E1E79E
:103A6000F0B5E24B0446002001259A680C269B78AD
:103A70000CE000BF05EB0017D75DA74204D106EBB1
:103A80000017D7598F4204D0401CC0B28342F1D8EE
:103A9000FF20F0BD70B5FFF7E4F9D44C082522787B
:103AA000A16805EB0212895800F0A8F9012808DD89
:103AB0002178A06805EB01114058BDE87040FFF780
:103AC000C7B9FFF797F8BDE87040F7F789BA2DE955
:103AD000F041C64C2578FFF7C4F9FF2D6ED04FF0AA
:103AE0000808A26808EB0516915900F087F902282A
:103AF000A06801DD80595DE000EB051109782170B7
:103B0000022101EB0511425C5AB1521E4254815907
:103B100001F5800121F07F4181512846FFF764FFC4
:103B200034E00423012203EB051302EB051250F8E5
:103B300003C0875CBCF1000F10D0BCF5007F10D92A
:103B4000CCF3080250F806C00CEB423C2CF07F4C42
:103B500040F806C0C3589A1A520A09E0FF2181545E
:103B60000AE0825902EB4C3222F07F42825100225D
:103B700042542846FFF738FF0C21A06801EB0511DD
:103B80004158E06850F82720384690472078FF28B1
:103B900014D0FFF766F92278A16808EB02124546B7
:103BA000895800F02BF9012893DD2178A06805EBF6
:103BB00001114058BDE8F041FFF74AB9BDE8F08176
:103BC000F0B51D4614460E460746FF2B00D3FFDF17
:103BD000A00700D0FFDF8548FF210022C0E902478F
:103BE000C57006710170427082701046012204E0B7
:103BF00002EB0013401CE154C0B2A842F8D3F0BD60
:103C000070B57A4C064665782079854200D3FFDF8F
:103C1000E06840F825606078401C6070284670BD00
:103C20002DE9FF5F1D468B460746FF24FFF719F974
:103C3000DFF8B891064699F80100B84200D8FFDFD6
:103C400000214FF001084FF00C0A99F80220D9F832
:103C500008000EE008EB0113C35CFF2B0ED0BB4243
:103C600005D10AEB011350F803C0DC450CD0491C08
:103C7000C9B28A42EED8FF2C02D00DE00C46F6E71E
:103C800099F803108A4203D1FF2004B0BDE8F09FE9
:103C90001446521C89F8022008EB04110AEB0412A6
:103CA000475440F802B00421029B0022012B01EB93
:103CB00004110CD040F801204FF4007808234FF095
:103CC000020C454513D9E905C90D02D002E0455063
:103CD000F2E7414606EB413203EB041322F07F4248
:103CE000C250691A0CEB0412490A81540BE005B961
:103CF000012506EB453103EB041321F07F41C15050
:103D00000CEB0411425499F800502046FFF76CFE6A
:103D100099F80000A84201D0FFF7BCFE3846B4E78E
:103D200070B50C460546FFF79CF806462146284626
:103D3000FFF796FE0446FF281AD02C4D082101EB10
:103D40000411A8684158304600F058F800F580503A
:103D5000C11700EBD14040130221AA6801EB041106
:103D6000515C09B100EB4120002800DC012070BD4E
:103D7000002070BD2DE9F04788468146FFF770FEB0
:103D80000746FF281BD0194D2E78A86831463446C7
:103D900005E0BC4206D0264600EB06121478FF2C44
:103DA000F7D10CE0FF2C0AD0A6420CD100EB011099
:103DB00000782870FF2804D0FFF76CFE03E0002095
:103DC00030E6FFF74BF841464846FFF7A9FF0123CD
:103DD000A968024603EB0413FF20C854A878401ECC
:103DE000B84200D1A87001EB041001E0500A002095
:103DF00001EB061100780870104613E6081A00025D
:103E0000C11700EB116000127047000010B52020B0
:103E100000F07FF8202000F08DF84D49202081F837
:103E20000004EDF7A8FA4B4908604B48D0F804139A
:103E300041F00101C0F80413D0F8041341F080717F
:103E4000C0F80413424901201C39C1F8000110BD1B
:103E500010B5202000F05DF83E480021C838016010
:103E6000001D01603D4A481E10603B4AC2F808032D
:103E7000384B1960C2F80001C2F860013849086087
:103E8000BDE81040202000F055B834493548091FDE
:103E90000860704731493348086070472D48C8387A
:103EA0000160001D521E026070472C49012008600D
:103EB000BFF34F8F70472DE9F0412849D0F81880A3
:103EC00028480860244CD4F800010025244E6F1EB9
:103ED00028B14046EDF7A8F940B9002111E0D4F827
:103EE000600198B14046EDF79FF948B1C4F8005120
:103EF000C4F860513760BDE8F041202000F01AB8E6
:103F000031684046BDE8F04106F094BFFFDFBDE8F0
:103F1000F08100280DDB00F01F02012191404009D3
:103F2000800000F1E020C0F88011BFF34F8FBFF395
:103F30006F8F7047002809DB00F01F0201219140BC
:103F40004009800000F1E020C0F8801270470000B6
:103F500020E000E0C80602400000024018050240D0
:103F60000004024001000001454800210170417039
:103F700010218170704770B5054616460C46022028
:103F8000F3F7DAFB3E490120F61E08703D48066053
:103F90003C4808380560001F046070BD10B5022061
:103FA000F3F7CAFB36490120087000F051F8364992
:103FB0004FF40000086010BD10B5314C207888B176
:103FC00031494FF40000091D086000F04AF8002153
:103FD00020B1012060702D48006801E06170102060
:103FE000A0702170BDE810400020F3F7A5BB244865
:103FF00010B5017859B12648D0F8000128B100F079
:1040000030F8002800D0012010BD022010BD4078FB
:1040100010BD10B5C824641EE4B2FFF7E8FF022803
:1040200003D0012800D0002010BD002CF3D1FFDF09
:10403000F9E7134810B5017841B100F012F818B152
:1040400012480068C0B210BD102010BD807810BDAD
:104050000F480021C0F80011C0F80411C0F8081181
:1040600070470B48D0F8001129B1D0F8041111B1F4
:10407000D0F8080108B10020704701207047000007
:10408000B200002010F5004004F5014000F40040AB
:1040900000F000404748002101704170704770B542
:1040A000064614460D460120F3F746FB42480660DB
:1040B000001D0460001D056070BD70B53D490125FF
:1040C0000D7040EA02413C4A41F08071121F1160BC
:1040D0003A4C0026C4F80461394A4FF0407111602F
:1040E00058B1012800D0FFDFC4F8006225603449D0
:1040F0004FF00070091F086070BDC4F800522560C1
:1041000070BD2C48017871B12D4A4FF0407111609B
:104110002A49D1F8042100211AB12A4A12684270B2
:1041200000E0417001700020F3F706BB21480178E0
:1041300041B12248D0F80401002802D0214800688B
:10414000C0B27047407870472DE9F04700282AD068
:104150001848007800B9FFDF184DD5F80401002891
:1041600021D10227C5F80473174C2068C04340F3DF
:104170000016206840F0100020604FF400484FF017
:10418000E029761C04E000BFC9F8808206F048FEF2
:10419000D5F804010028F7D01EB9206820F01000DF
:1041A0002060C5F80873BDE8F087044901208860E5
:1041B00070470000B500002008F5004000F0004006
:1041C00008F5014000F4004010ED00E010B541F6A4
:1041D000A474012802D0022802D0FFDF204610BDBF
:1041E00041F2883010BD38B5FE4D0024C5F80041BD
:1041F000C5F80C41C5F81041C5F80441C5F8144193
:10420000C5F81841FFF70EFA08B1C5F82841F6487D
:104210000068009038BD70B5F44D00246C702C70AF
:1042200000F0E0FD85F82540EC620922002105F14F
:104230001800AC63F9F7C9F8ED49601E0860091D64
:104240000860091D0C60091D0860091D0C60091D2E
:104250000860091D0860091D0860091D0860091D26
:104260000860091D0860091D0860091D0860091D16
:10427000086070BDDF4948607047DF4800B50168DD
:1042800001F00F01032905D0006800F00F00042899
:1042900002D0FFDF012000BD022000BD00B50128D3
:1042A00002D0022800D0FFDF002000BD00B50128A9
:1042B00002D0022802D0FFDF282000BD182000BD58
:1042C00010B5CA4902681839C84C0A6342684A6383
:1042D000007A81F83800207E50B1207FF9F7B3F8DA
:1042E000A07E08B1012100E00021207FF9F7A0F8AD
:1042F000607E00280CD0607FF9F7A5F8E07E08B159
:10430000012100E00021607FBDE81040F9F790B87E
:1043100010BD00F06EBD10B500F06BFDB148D0F8D7
:104320000001002800D0FFDF10BD70B5012000F0B3
:104330003BFDB2480025056001260660FFF782F9C3
:10434000AF4C18B1206840F480602060FFF733F96B
:1043500028B12068AB4920F0770008432060FFF7C0
:1043600061F938B1A648001D016821F47F4141F48C
:10437000B0510160A249A4483C310860FFF752F9EE
:104380009A4C60B19C490220503184F821000860A9
:104390009F499E48086094481030091F08604FF0FC
:1043A0001020806C411C05D093497C310A6860F371
:1043B00017420A60904940F25B6028310860091F8B
:1043C00040F203100860081F06608B490320086054
:1043D0008B48EC38066094F8211011B14FF4C021DD
:1043E00000E08C498A4A41F46021943A116087497F
:1043F000874A091F083211607B490839121F116072
:10440000016821F440710160016841F4807101602C
:10441000012000F0DAFC73491020C1F8040375484C
:1044200084F83150E5624068002802D0BDE8704051
:10443000004770BD72483830016821F0010141F039
:10444000807101607047694A0368183AC2F81A30EF
:104450008088D083654801727047644890F82500D1
:104460007047624A517010707047F0B5054684007D
:104470005C488B882044C0F820360B78D1F80110B6
:1044800043EA0121C0F8001605F1080001275C4C41
:1044900007FA00F6FC3C52B1012A00D0FFDF206889
:1044A000304320602068AF4038432060F0BD206872
:1044B000B043F6E706F0F6B84C4890F83200704783
:1044C0004D4AC1781432116000684B4900020C312A
:1044D00008607047252807D0262807D0272807D04E
:1044E0000A2807D8042206E0022107E01A2105E085
:1044F000502103E0062202EB4001C9B23E4A083ACD
:1045000011603D494431086070473848817A01297B
:1045100017D0022914D1417E002911D0827F0121B8
:10452000C37F01FA02F299400A43394994390A607B
:1045300090F82000384A002102EB8000C0F81015E6
:104540007047017EE8E72DE9F047284CA17A012960
:104550000BD0022976D1627E002A73D0012906D0C1
:10456000677FE17E59B101260AE0227EF4E7277FCA
:10457000A17E09B1012600E00026112101E00026FC
:104580002421DFF888804FF0010AA8F14408C8F818
:104590004CA0DFF888904518D9F80000A84200D355
:1045A000FFDF0021C8F84C11C9F80050380286F02E
:1045B000010140EA015040F0031294F8201016481F
:1045C00000EB8103C3F8102500EB8101A27F1448A2
:1045D00000EBC203C3F81415124DC3F81055E37F66
:1045E00022E02FE00010004018110040780A00205F
:1045F000000E0040B800002010150040FC1F0040D5
:104600003C170040880000802C0000894480004056
:104610009CF5014000000404006000404C8500400F
:1046200000F001404C81004000EBC300C0F81415BD
:10463000FE49C0F810150AFA02F10AFA03F0014324
:10464000FB480160BDE8F0872DE9F0410E46F949CD
:1046500007460320C1F80002F74C94F8210010B17E
:104660004FF4C02000E0F548F14D2860304606F0D8
:1046700057F817B1012F0FD017E0FEF7D3FF10B195
:10468000304600F0CCFB0120A072A06B40F48010FB
:10469000A0634FF4801007E00220A072A06B40F4EA
:1046A0000010A0634FF400102860F6F729F9314696
:1046B000BDE8F04147E72DE9F05FDE4C07460320F7
:1046C0000E469346C4F80002DB4D95F8210010B168
:1046D0004FF4C02100E0D949DFF85493C9F8001025
:1046E000104606F01DF8DFF848834FF0010A08F184
:1046F000A808A7B3012F3ED0FFDFD1480660CC4900
:10470000D048A4310860A86B40F40020A863D4F816
:1047100000721025C4F808530020C4F80002C449F0
:104720004FF48028091DC1F8008004F50074FFF7DC
:104730005AFD2760C9F80080C4F80451E903C9F89C
:104740000010C149C1F84CA0BD48001D0068B0422E
:1047500000D3FFDF59463046BDE8F05FF3E6FFE7E0
:10476000FEF760FF10B1584600F059FBC8F8004052
:1047700085F80AA0C1E7AF49091DC8F8001002205A
:10478000A872BAE72DE9F041AB4C0646904694F882
:1047900031000F46002500B9FFDF16B1012E12D0FF
:1047A0001DE094F83100012806D094F830204146ED
:1047B000384605F0C3FF10E094F830104246384602
:1047C00005F0FDFF09E094F8310094F8301001285D
:1047D0004246384609D006F019F8E16A45184246C3
:1047E00029463046BDE8F04165E705F0C9FFF4E72A
:1047F00008B5FF208DF800008E480021C0F8101188
:104800000121016105E000BF9DF80010491E8DF8EF
:1048100000109DF8001019B1D0F810110029F3D044
:104820009DF80000002800D1FFDF08BD2DE9F04110
:10483000804CD4F8000220F00307D4F804034FF0B2
:104840001008C0F30016C4F808830025C4F800520D
:10485000794890F8210010B14FF4C02000E077486B
:10486000734940F46020091D0860FFF74EFEFFF712
:10487000BFFFC4F81051FEF7D5FE08B1C4F82851A7
:1048800000F0B0FAC4F80072002E01D0C4F804831E
:10489000BDE8F081ACE700686C4920F07F4008601B
:1048A000704710B5012000F07FFABDE810400120EC
:1048B00000F08BBA0146604818221838F8F75BBD43
:1048C0004FF0E0210220C1F80001704760490870F4
:1048D00070475E4938390860704770B50546F6F78D
:1048E0000FF8554C2844E16A884200D8FFDF0120C8
:1048F0002074F6F705F82844606194F8211041B15E
:10490000084460614B48D0F8001241F04001C0F803
:1049100000124D490020C1F8440149496069091F4E
:104920000860BDE8704000F0A4BA70B5424C06467D
:1049300002200D462074FFF7A0FC024694F83100D7
:1049400094F8301001281BD0304605F0A1FF6061BB
:1049500094F8210048B16169084460613548D0F895
:10496000001241F04001C0F8001237490020C1F8A0
:1049700044016169E06A08443149091F086070BD5B
:104980002B46304605F057FFE1E729494FF48000F8
:10499000091D08602848816B21F480018163002192
:1049A000017470472B4A214B10B502EBC0020C3B3F
:1049B000C2F81035C2F81415012181401C4801606D
:1049C0001D48826B0A43826310BD1F48012141606C
:1049D000C1600021C0F844111948001F0160164849
:1049E000C162704710B50446FEF71CFE10B11248B4
:1049F00080F821401548243004600E48D0F8001299
:104A000041F04001C0F8001210BD0A4810B5D0F8BE
:104A1000001221F04001C0F80012FEF703FE0B491E
:104A2000243100B10220086010BD000010110040C8
:104A300004F5014000100040780A00200000040442
:104A40004885004048810040008000403C150040FF
:104A5000B800002000F00140F948D0F8001221F021
:104A60001001C0F80012012181617047F448002153
:104A7000C0F81C11D0F8001241F01001C0F800126B
:104A80007047EF4908B5D1F81C21012A01D0002058
:104A900008BDEC4A126802F07F0252420270002008
:104AA000C1F81C01E84800680090012008BDF0B57D
:104AB00017460C00064600D1FFDFE44DE0072F73D8
:104AC00002D0012C00D0FFDF46B102206872EC72E8
:104AD000012802D0022800D0FFDFF0BD0120F5E759
:104AE00070B5DA4C0021E27A930703D5830701D52C
:104AF000430713D4D30605D594F8333013B194F893
:104B000035305BB1130702D594F8243033B952071E
:104B100002D594F825200AB1C00700D00121607A9F
:104B2000012518B1A1B1BDE870407FE694F82100DD
:104B300010B14FF4C02000E0C548C6490860C04825
:104B4000D0F8001221F00301C0F80012E57270BD28
:104B5000012803D0022808D0FFDF70BD00F042F921
:104B6000A5729621227B002006E000F03BF902208E
:104B7000A072227B96210120BDE8704002E62DE95B
:104B8000F05FDFF8D4B29BF80000042800D3FFDF09
:104B9000B248D0F84C0108B1FFF7B7FCAB4CAD49B7
:104BA000A06B08604FF00008C4F8388000F06BF983
:104BB000DFF8AC920546D9F80010A16294F8210004
:104BC00008B1081AA062A648001F0068E062FFF75B
:104BD00054FB84F83000A07ADFF868A2012184F841
:104BE0003100AAF1440A022808D1607830B1DAF81D
:104BF0000020127802402078904310D084F824805E
:104C0000924EA807A6F1180605D5F5F779FEA16A18
:104C1000081A31698847E80704D0002709E084F8BA
:104C20002410EDE7A80701D5012702E0280707D5E2
:104C30000227F5F765FEE16A7269081A394690475E
:104C40009BF80000C0071CD1DAF800005746007836
:104C500000F00F00072812D239680622A01C093183
:104C6000F8F75CFB38B9207A39680978B0EBD11FC6
:104C700001D1012000E0002084F8250001E084F843
:104C800025802846FFF72CFFE80701D030682FE089
:104C9000A80726D568071ED4FEF7C4FCD8B9FEF7CE
:104CA000D1FCC0B96748F4380168001F0068C0F340
:104CB000425CC0F3006700F00F03C0F30312C0F3BF
:104CC000032047B10BB102B128B921B1BCF1030FE8
:104CD00001D245F0040545F380007168401C884707
:104CE00009E0280701D5B06802E0E80602D5F068BF
:104CF000804700E0FFDFA07A02281BD1207C00283B
:104D000018D0564AC2F8448102280FD0012800D09A
:104D1000FFDFE16A6069884200D8FFDFD4F8141031
:104D2000C9F80010BDE8F05F00F0A3B86169E06A5F
:104D30000144F5E7BDE8F09F70B5054641F26434E3
:104D400041F66A06022806D0012D12D0022D0CD0A1
:104D5000FFDF304670BDFEF717FC0028F6D1FEF7E6
:104D60002AFC0028F2D141F6583441F29A0020443E
:104D700070BD42F6CE3070BD32480830016803295C
:104D800004D00068022801D000207047012070473D
:104D90002C48083001680B2904D000680A2801D08B
:104DA000002070470120704700280DDB00F01F0233
:104DB000012191404009800000F1E020C0F88011FD
:104DC000BFF34F8FBFF36F8F7047002809DB00F0F0
:104DD0001F02012191404009800000F1E020C0F84D
:104DE0008012704719480021417281720121C172FD
:104DF000704730B500240546012902D002290BD0A6
:104E0000FFDF184804430F48343804601648054350
:104E10000C483038056030BD4FF08074F1E7094A26
:104E20004032116853060228D3F820031ED0C0F385
:104E3000062000BF21F4FE4141EA002010607047C7
:104E400000100040481500401C110040780A002066
:104E50000000040408F50140B80000200080004074
:104E6000448500400801100000000302C0F3066002
:104E7000E0E73548816B41F48001816333494FF4A9
:104E800080000860DBE7F8B52F4C314E0020217C14
:104E900019B1D6F84411012907D00023A27A2D496F
:104EA000012A04D0022A0AD019E00123F6E7D1F83A
:104EB0000C01012801D0002011E008200FE0D1F8FA
:104EC0000C01012806D0002223480068012803D0E5
:104ED000042002E00222F7E7002010431843D1F833
:104EE0001021012A2ED0002505431C48026812F02B
:104EF000FF0F03D0D1F81421012A00D0002284F83A
:104F00003220006810F0FF0F03D0D1F818010128FB
:104F100000D0002084F833000F481030006884F877
:104F20003400FFF764F8012800D0002084F8350031
:104F3000FFF759F90020C6F84401094800680090BD
:104F40002846F8BD1025CFE7780A002004F5014077
:104F50000080004000100040001400404016004057
:104F60004481004010B5444822220021F8F72DFA70
:104F700041480024017821F010010170012104F062
:104F800057FC3D494FF6FF70263981F8224088844E
:104F90003A490880488010BDE4E7704700F05FB8E8
:104FA00035490160704735490880704732492639D4
:104FB0008A8CA2F57F43FF3B02D00021016008E00C
:104FC00091F822202C492639012A02D001600120C3
:104FD0007047002070472848263810F8221F012902
:104FE00008D001210170254823492639008888848A
:104FF00001207047002070472049488070471E49B3
:105000001E4B26398A8C5B889A4205D191F8222062
:1050100012B1016001207047002070471648174AFE
:105020002638818C5288914209D14FF6FF718184D4
:1050300010F8221F19B100210170012070470020D3
:1050400070470D480D4A2638818C5288914204D110
:1050500090F8220008B100207047012070470649EF
:1050600026398A8C824205D1002081F822004FF631
:10507000FF70888470470000DA0A0020C00000201A
:1050800070473D4A012338B1012804D113700868E4
:10509000906088889081704753700868C2F8020059
:1050A0008888D0807047344A10B1012807D00EE0BC
:1050B000507860B1D2F802000860D08804E010781F
:1050C00028B190680860908988800120704700208E
:1050D0007047294910B1012802D005E0487800E066
:1050E000087808B1012070470020704730B50C46A1
:1050F00005468DB04FF0030104F1030012B1FEF735
:1051000033FB01E0FEF74FFB60790D2220F0C00079
:1051100040F040006071002104A8F8F756F9E078EB
:105120008DF81F0020798DF81E0060798DF81D0024
:10513000102229466846F8F71EF9684604F040FE3A
:105140009DF82F0020709DF82E0060709DF82D00B6
:10515000A0700DB030BD10B5002904464FF0060117
:1051600002D0FEF701FB01E0FEF71DFB607920F0A5
:10517000C000607110BD0000C4000020FE484068FF
:1051800070472DE9F0410E460746014614460120BE
:1051900004F01BFD054697F86500FFF717F84AF283
:1051A000B12108444FF47A71B0FBF1F1788840F2F4
:1051B00071225043C1EB4000041BA4F2673402F09B
:1051C000E7FD00B11E3CAE4201D2284600E0304669
:1051D000A04204D2AE4201D22C4600E034467C62AA
:1051E000BDE8F08130B502460020002914D0A2FBB2
:1051F00001104C0A44EAC054400A641C40F100000B
:105200000021D4F1FF3240F2A175814100D2FFDFCD
:1052100004F5F464B4FBF5F030BD2DE9FF4F8BB01D
:10522000044690F865008A460990DDE90D100843B0
:105230000890D2480026007800F004FE054694F855
:105240008C0100F0FFFD284480B2009094F87D00AE
:105250000D2804D0002007900D9810B131E00120F6
:10526000F9E794F82C0103282BD1079848B3B4F838
:10527000AE11514525D1D4F83401C4F8200160881D
:1052800040F2E2414843C4F82401B4F87A01B4F88A
:1052900006110844C4F82801204602F083FDB4F842
:1052A000B201E08294F8B0016075B4F8B401608096
:1052B000B4F8B601A080B4F8B801E080022084F808
:1052C0002C01D4F884010590D4F880010390B4F83F
:1052D0000681B4F87811D4F8740106900D9820B1C5
:1052E00094F8400100287DD108E004F58070029018
:1052F0007430049004F5B075001D07E004F5AA7041
:105300000290001D049004F5A275001D0A90B4F8E7
:105310007020AAEB02000FFA80F9AAEB010007B295
:10532000002F05DAD4F87001069001204F4608904E
:1053300092484FF0000B007970B3F5F783FC58B337
:10534000B4F81801022827D394F82C01022823D09E
:1053500094F8430100BB94F88C0100F073FD00F554
:10536000C86080B2009094F82C01012845D0608874
:1053700040F2E24148430099FFF734FF08EB09018E
:10538000CA1BD4F8341180B2431A02FB03BBC4F821
:105390003401012084F8430194F82C0100286DD0D9
:1053A00001287DD002287CD003287BD0FFDF00BFFE
:1053B000A6EB0B010698FCF7F6FC0499012640F2D7
:1053C000712208600A990020A1F800A028702E71AF
:1053D00004980068A8606088D4F834115043C1EB89
:1053E000400000E0BFE16549A0F23730C86189693B
:1053F00081427DD9029908607BE194F880000328FE
:1054000033D00121002004F0D7F8E18A40F2712264
:10541000514300EB41000190D4F82401B8340099C5
:10542000FFF7E0FEA16E226F431AA066DDE90010CF
:1054300002FB03BBFFF7D6FEA16FA067421A34F848
:10544000B60C40F2E241484393440099FFF7CAFE8C
:1054500008EB0901226FC91B8A1AE16F521E431A19
:1054600002FB03BBE067B83C93E7E08A40F271229D
:10547000D4F82411504301EB4000CCE7039800B965
:10548000FFDF0121002004F097F80646E08A40F291
:105490007121484306EB40000099FFF7A3FE02E0AC
:1054A000C0E058E0DDE0C4F83001608840F2E2413D
:1054B00048430099FFF796FEC4F8340182B22046B3
:1054C000A16AFFF75EFE14F8650FFEF7E7FE4FF4E2
:1054D0007A7800F2E140B0FBF8F1039801EB0009A3
:1054E0002078FEF7DBFE07462078FEF76FFE00E02F
:1054F000FDE038444AF2AB310144B1FBF8F134F835
:105500004F0C40F27122504306EB4000411AD4F890
:10551000CB0040F2E2430A1A02EB0906227814F8A3
:10552000501C11FB03F1203E00F0B9FC1349801C14
:10553000886114F86509FEF7B1FE00F2E140B0FBA6
:10554000F8F103980844301A40F2F7218842BFF47A
:105550002FAFFFDF2CE7E08A40F27122D4F824114C
:10556000504301EB40000099FFF73CFEC4F83001C6
:10557000608840F2E24103E0FC0A0020D4000020F1
:1055800048430099FFF72EFEC4F8340182B220464A
:10559000A16AFFF7F6FDB8F1000F21D10E98F8B11E
:1055A00094F865603046FEF711FE4AF2B1210144DD
:1055B0004FF47A70B1FBF0F0D4F8301140F271235F
:1055C0000144E08AD4F82421584302EB4000471AF2
:1055D0003046FEF76BFE0599081A3E18203E0AE099
:1055E000E08A40F27122D4F82411504301EB4000CC
:1055F000D4F83011461AD4F82821D4F82011D4F860
:10560000300140F2E24301FB020094F86520617D25
:1056100011FB03F100F043FCF9498861012084F893
:105620002C01C5E6608840F271225043D4F8341151
:10563000D4F82821C1EB40067E4308EB0900801A0C
:10564000D4F82071D4F83031401E07FB023200FB41
:10565000012094F86520617D40F2E24311FB03F1E3
:1056600040E0608840F27122D4F834115043C1EB1D
:10567000400694F87C007E43242803D094F87D00F3
:1056800024280AD1B4F8AE11AAEB010000B2002818
:1056900003DB94F8B10100B109900898D8B1B8F1D2
:1056A000000F18D1059808B1039800B9FFDF94F8EE
:1056B0006500FEF78BFD4AF2B12101444FF47A7088
:1056C000B1FBF0F0361A94F86500FEF7EFFD05998E
:1056D000081A0644203ED4F8341108EB0900484368
:1056E0000021099A00F0DBFBC549886160E6029859
:1056F00001600298616A0068084400F2A710E8603F
:1057000002F046FB10B1E8681E30E8606E71B4F834
:10571000F010A1EB0A0000B2002801DD032068713F
:10572000079800280E9822D0C0B100BFB4F8181115
:10573000B1B3B4F81A0100BFA4F81A0194F81C21FF
:10574000401C42438A4209D26879401E002805DD88
:105750006E71B4F81A01401CA4F81A010D9830B308
:1057600094F84001F8B102200FB0BDE8F08F002896
:10577000DCD194F82C010028F0D0608840F271222E
:10578000D4F834115043C1EB4001284603F058FED1
:105790000004000CE2D0189901B108800120E3E771
:1057A000FFE70020C8E794F87C01FDF774F994F84E
:1057B0007C01294600F059FB20B10D9880F00100D2
:1057C00084F841010020CFE77CB50446FCF717FEC2
:1057D0000146D4F87001FDF713FB214600F076FB7B
:1057E00094F87D100D290AD0B4F87020B4F83E1159
:1057F0001318994206DB491CA4F83E1106E0B4F8E0
:105800003E010CE0401C1044A4F83E0194F8420113
:1058100040B9B4F83E01B4F8F410884202D1401CFB
:10582000A4F83E01B4F87A0101AE401CA4F87A0154
:10583000B4F89A00B4F89810401AB4F87010401EEA
:10584000084485B209E000231A4620460096FFF777
:10585000E4FCD0B101282ED0FFDFB4F83E11681A65
:1058600000B20028EFDA082084F88D00012084F8C7
:105870008C00204601F021FF204600F0F8FA604835
:105880004079BDE87C40F5F7ABBBA06E002811D095
:10589000B4F83E01B4F89420801A01B2002909DD61
:1058A00034F86C0F0144491E91FBF0F189B201FB01
:1058B000002020857CBDB4F83E01BDF804100844EA
:1058C000A4F83E01C9E770B54E4C607A08B10020DB
:1058D00070BD94F8300030B1616B606A884202D9C3
:1058E000F8F7F4FAF3E7A06AC8B1F7F70DFF054639
:1058F000F7F7E1FE284442F210714618FCF77FFDED
:1059000005462946E06AFDF77BFAE562A16A82193D
:10591000914202D20120A062E2E7081AA0620120AF
:1059200070BD70B5374C012500202575207494F8A2
:10593000300004F1100650B14FF47A71A069FCF701
:1059400032FAA0610021304603F07AFD10E0002019
:1059500000F00DFB0546F7F7D7FE05442946A06980
:10596000FCF721FAA0612946304603F069FD451C89
:10597000208C411C0A2901D228442084606828B167
:10598000208C401C0A2801D3022000E0032060750F
:10599000FFF799FF38B1207B314600F066FA002806
:1059A00000D1FFDF70BD00F0DAFA15484079BDE89C
:1059B0007040F5F715BB38B50025044680F82C512A
:1059C000A0F878512B462A4629460095FFF725FC7A
:1059D00000B1FFDFC4F828510120C4F8205184F839
:1059E0002C01A4F83E51A4F83C5184F8425134F8FB
:1059F000700F401E24F8B80B0020A4F8525038BD98
:105A0000D4000020FC0A002010B530B1F74901286D
:105A100007D002280BD0FFDF10BDBDE8104000F01A
:105A2000EABA486ABDE81040002100F0B5BA00208B
:105A300081F83000FCF7E1FBED484079BDE810400B
:105A4000F5F7CEBA2DE9F0410646E8480F46017851
:105A5000E74D032909D1017BB14206D14068686155
:105A60003846BDE8F04100F0EEBA304600F0F3F9F8
:105A70000621FAF74DFB040000D1FFDF304600F0AD
:105A8000EAF92188884200D0FFDF214638466C6160
:105A9000BDE8F04100F027BA10B5D44C207848B1E9
:105AA00001206072F8F734FA2078032804D0207AB5
:105AB000002800D00C2010BD207BFCF7ECFF207BE1
:105AC000FDF75AFA207BFCF777FC00B9FFDF0020D6
:105AD000207010BD10B5FFF7DFFF00F0F1FAC348EA
:105AE000002180F83010C172084610BDC0494871CD
:105AF0000020887001220A7048700A71C870BB4982
:105B00000870E7E7BA49087070472DE9F047B74CCD
:105B100007460E46207800284BD1B648FCF7EAFB32
:105B200020731F2845D04FF00309676084F8009068
:105B300000256572257287B1012107F58E70FDF78A
:105B400032FE0620FAF790FA97F81C11B1FBF0F23A
:105B500000FB1210401C87F81C01FCF726FC40F2E9
:105B6000F651884200D2084600F23F101FFA80F832
:105B7000F7F7A1FDE061F7F7C7FD0127E0B1A772D4
:105B8000FCF73DFC8246002000F0F1F900EB080133
:105B90005046FCF708F9A061C4E90A6A277584F841
:105BA000159092492574207B103100F05EF990B970
:105BB00010E00C20BDE8F087FCF721FC4146FCF723
:105BC000F2F8A061A57284F83070A6F28B56666375
:105BD000A562E3E7FFDF25840020F8F799F90020AC
:105BE000E8E78349487070478149087170472DE99B
:105BF000F0417F4C0746E088401CE080D4E9025128
:105C00006078D7F8806120B13246284603F040FC26
:105C10000546A068854205D02169281A08442061FC
:105C2000FDF7BBF8A560AE4205D897F82C01012816
:105C300001D0E07810B10020BDE8F0810120FBE741
:105C400010B504460846FEF7C1FA4AF2B1210844ED
:105C50004FF47A71B0FBF1F040F2E2414C4300F2B4
:105C60003730844201D9201A10BD002010BD7CB508
:105C70000446002084F8400194F8FE0000283FD13B
:105C800094F82C0103283BD1FCF7B9FB0146D4F86A
:105C90007001FDF7B5F8002832DD214600F016F955
:105CA000411CB4F870000144A4F83C11B4F83C1154
:105CB000B4F8F420511A09B2002921DD012184F839
:105CC0004211B4F89A10B4F8982001AE891A491E0E
:105CD000084485B20EE00096B4F83C11002301227E
:105CE0002046FFF79AFA00280AD0012809D0022896
:105CF00006D0FFDFB4F83C01281A00B20028EADA27
:105D00007CBDB4F83C01BDF804100844A4F83C0183
:105D1000F0E738B500250446012902D13448C0789F
:105D200068B1042084F82C01FCF767FAA4F87A51D2
:105D3000B4F87000A4F83E0184F842515FE6009583
:105D4000B4F8F410012300222046FFF766FA002879
:105D5000EAD0FFDFE8E710B5062916D2DFE801F048
:105D60000509030C0C0D002100E00121BDE81040E5
:105D7000CFE7032180F82C1110BDB0F834118AB29E
:105D8000816ABDE81040FFF7FCB9FFDF10BD70B5B8
:105D9000174CA178022916D1E188002913D1656931
:105DA000C5F8840195F86500FEF780FAD5F88411EE
:105DB000081AA1680144A160E1680844E060BDE8F8
:105DC000704000F0A9B970BD70B5054608488478E8
:105DD000022C11D0054C243401B34FF47A760129FA
:105DE0000ED0022910D0FFDF70BD0000FC0A002099
:105DF000D4000020455A0100446904F5C074EBE763
:105E00001846FEF74BFA02E01046FEF795FF00F247
:105E1000E140B0FBF6F0281A2060E5E72560E3E7F3
:105E2000FE4810B5007808B1002010BD0620FAF732
:105E30000DF980F0010010BDF8480078002800D06E
:105E40000120704710B504460C2800D3FFDFF4484A
:105E500030F8140010BD10B504461F2800D3FFDF32
:105E6000EE48383030F8140010BDFCF7F9BC70B5BE
:105E70000446002084F82C0194F87C514FF6FF76FC
:105E80001F2D00D3FFDFE548383020F8156094F867
:105E90007C01FCF791FA1F2084F87C01A4E770B51F
:105EA00005460C4616461046FEF790F94AF2B12117
:105EB00008444FF47A71B0FBF1F000EB4500044464
:105EC0003046FEF7F3F9204460308DE7002809D012
:105ED000D1F83421498840F271235943C2EB410182
:105EE000B0FBF1F070472DE9F04101250226CD4FBE
:105EF0000C46082831D2DFE800F0040E16161130E7
:105F00001A23204600F0ADF9204600F064F984F829
:105F10004051BE7090E601F036FF01E0FEF72FFE23
:105F200084F8405188E62046BDE8F0414CE4FEF795
:105F3000B1FCFEF724FE4FF0E020C0F880627BE663
:105F400094F82C01042800D0FFDF2046FFF78FFFD4
:105F50007879BDE8F041F5F743B8FFDF6CE610B59E
:105F6000AE4C207BFCF728FA0020207010BD08B54D
:105F700000284FF00101684602D0FDF7F5FB01E073
:105F8000FDF7E8FB9DF8000042F210710002B0FB43
:105F9000F1F201FB120008BD2DE9F0419F4C0746CC
:105FA000002084F83000A669E07220700120207281
:105FB0000121606803F0BCF86068C0F87061257B5F
:105FC00080F87C51C0F88071C0F8746106881F2D7C
:105FD00000D3FFDF9148383020F815606068FFF784
:105FE000EAFC00B1FFDFFCF708F98E484079BDE814
:105FF000F041F4F7F5BF70B5884C0025A07A18B1D0
:106000000120FFF7B4FF0546F7F77EFB4119A069B1
:10601000FBF7C9FEA06100252574032060750120EF
:106020002075607A30B97D49207B1031FFF71DFF64
:1060300000B9FFDF2584FCF7E0F87A484079BDE835
:106040007040F4F7CDBF70B5744D0446287803282E
:1060500000D0FFDF082C31D2DFE804F0040E2A2A3A
:106060002630302D00206862F7F764FD00B1FFDFB5
:106070006C4903208870B7E6F7F71DFBE969044611
:10608000A14206D2601A0421FCF7EDFEEC6108B9CA
:1060900006E0E861F7F799FE0028ECD0FFDFA3E601
:1060A000BDE870400020AFE4BDE87040FEF767BD7A
:1060B000BDE8704035E4BDE8704050E7FFDF93E68F
:1060C000FEB5584C0120E0704FF6FF750CE006213C
:1060D000FAF71EF8060000D1FFDF96F87C01FCF706
:1060E0004BFF3046FFF7C3FE69460620F9F79DFFD8
:1060F00050B1FFDF08E0029830B190F82C1119B1CF
:106100000088A842E3D104E06846F9F76CFF002854
:10611000F1D00020E070FEBD2DE9F0474148446910
:1061200094F84311002955D094F82C11032951D12A
:1061300094F865900078FFF785FE054694F88C0189
:10614000FFF780FE284486B294F88C01FFF77AFEB0
:1061500000F5C8601FFA80F84846FEF7A7F8D4F8A3
:1061600084110D1A4846FEF731F84FF47A7A00F29E
:10617000E730B0FBFAF02D1A4846FEF797F8D4F84E
:1061800000110F1A4846FEF721F84AF2B1210144E6
:10619000B1FBFAF03A1AA2F160007043B0FBF8F1DB
:1061A000292000EB52006031A0EB510200EB5100BE
:1061B000AA4201D8854201D3F4F7F6FD608840F287
:1061C000E24148433146FFF70DF8C4F8340100209E
:1061D00084F84301EEE470B50446FCF7E6F80546A2
:1061E00094F86500FDF7F2FF4AF2B12108444FF43C
:1061F0007A71B0FBF1F0D4F8341140F2712201440D
:1062000060885043C1EB4006303EB72D00D8B7251B
:106210002146012003F0D9FC284405E0FC0A0020B7
:1062200048B30100D4000020351A21460120A5F50D
:10623000477503F0CAFC616A9C30814201D9081A93
:1062400000E000202C49A842CD6000D32846886099
:10625000D4F86C01A0F2A7100861BDE87040FCF70B
:106260009CBD10B5044624490020C4F88001C880B4
:10627000C4F8840194F8410138B9FCF7C0F8D4F8A7
:106280004C11FCF7BDFD002813DCB4F83E11B4F846
:106290007000814201D1B4F8F410081AA4F8F60095
:1062A000A4F87010D4F86801C4F84C01C4F8700167
:1062B0001CE0B4F83C01B4F87010401AA4F8F600E1
:1062C000B4F83C01A4F87000D4F84C01C4F868019B
:1062D000C4F87001D4F85401C4F80001D4F858018E
:1062E000C4F87401B4F85C01A4F878012046BDE854
:1062F000104001F032BC0000D40000202DE9F04134
:106300000E46044603F079FB0546204603F077FB72
:10631000044603F007F9FB4F010015D0386990F8E7
:1063200064208A4210D090F8C4311BB190F8C63175
:1063300023421FD02EB990F85D30234201D18A420A
:1063400018D890F8C401A8B1284603F0EBF870B152
:10635000396991F86520824209D091F8C40118B1D9
:1063600091F8C701284205D091F8C40110B101206D
:10637000BDE8F0810020FBE730B5E24C85B0E06974
:1063800000285ED0142200216846F7F71EF8206925
:1063900090F86500FDF71AFF4FF47A7100F5FA7076
:1063A000B0FBF1F5206990F86500FDF77FFF284408
:1063B000ADF8060020690188ADF80010B0F8701043
:1063C000ADF804104188ADF8021090F8A60130B184
:1063D000A069C11C039103F029FA8DF8100020690F
:1063E00090F8A5018DF80800E169684688472069A2
:1063F000002180F8A61180F8A5110399002920D06A
:1064000090F8A41100291CD190F87C10272918D0ED
:106410009DF81010039A002913D013780124FF2B44
:1064200011D0072B0DD102290BD15178FF2908D1AA
:1064300080F8A4410399C0F8A8119DF8101080F8C5
:10644000A71105B030BD1B29F2D9FAE770B5AD4CE4
:10645000206990F87D001B2800D0FFDF206900250F
:1064600080F8A75090F8D80100B1FFDF206990F8BC
:10647000A81041B180F8A8500188A0F8DC1180F87C
:10648000DA510C2108E00188A0F8DC1180F8DA511B
:10649000012180F8DE110B2180F8D8110088F9F76E
:1064A0006AFFF9F713FC2079F4F79AFD206980F868
:1064B0007D5070BD70B5934CA07980072CD5A07825
:1064C000002829D162692046D37801690D2B01F19A
:1064D00070005FD00DDCA3F102034FF001050B2B20
:1064E00019D2DFE803F01A1844506127182C183A23
:1064F0006400152B6FD008DC112B4BD0122B5AD017
:10650000132B62D0142B06D166E0162B71D0172BFB
:1065100070D0FF2B6FD0FFDF70BD91F87F2001237B
:10652000194602F042FF0028F6D12169082081F8BF
:106530007F0070BD1079BDE8704001F0C5BC91F8D6
:106540007E00C00700D1FFDF01F07DFC206910F85C
:106550007E1F21F00101017070BD91F87D001028AF
:1065600000D0FFDF2069112180F8A75008E091F8E2
:106570007D00142800D0FFDF2069152180F8A75086
:1065800080F87D1070BD91F87D00152800D0FFDFE8
:10659000172005E091F87D00152800D0FFDF1920B5
:1065A000216981F87D0070BDBDE870404EE7BDE80F
:1065B000704001F05DBC91F87C200123002102F0C5
:1065C000F4FE00B9FFDF0E200FE011F87E0F20F07F
:1065D000040008701DE00FE091F87C2001230021E9
:1065E00002F0E3FE00B9FFDF1C20216981F87C0086
:1065F00070BD12E01BE022E091F87E00C0F30110B4
:10660000012800D0FFDF206910F87E1F21F0100163
:106610000170BDE8704001F016BC91F87C200123A8
:10662000002102F0C2FE00B9FFDF1F20DDE791F874
:106630007D00212801D000B1FFDF2220B0E7BDE8B6
:10664000704001F00CBC2F48016991F87E201307BF
:1066500002D501218170704742F0080281F87E2046
:106660008069C07881F8E10001F0E4BB10B5254CE9
:1066700021690A88A1F81A2281F8180291F86400A9
:1066800001F0CCFB216981F81C0291F8650001F052
:10669000C5FB216981F81D02012081F81602002046
:1066A00081F8C4012079BDE81040F4F799BC10B519
:1066B000144C05212069FFF74EFB206990F85A1011
:1066C000012908D000F5F77103F052FA2079BDE8EE
:1066D0001040F4F785BC022180F85A1010BD10B5A7
:1066E000084C01230921206990F87C20703002F0C9
:1066F0005CFE48B12169002001F8960F087301F88B
:106700001A0C10BDF40000200120A070F9E770B54C
:10671000FE4D012329462869896990F87C20097972
:106720000E2A01D1122903D000241C2A03D004E030
:10673000BDE87040D3E7142902D0202A07D008E032
:1067400080F87C4080F8A240BDE87040AFE7162991
:1067500006D0262A01D1162902D0172909D00CE02B
:1067600000F87C4F80F82640407821280CD01A2071
:1067700017E090F87D20222A07D0EA69002A03D08A
:10678000FF2901D180F8A63132E780F87D4001F081
:106790005AFB286980F8974090F8C4010028F3D08C
:1067A0000020BDE8704061E710B5D84C216991F830
:1067B0007C10202902D0262902D0A2E7FFF756FF3D
:1067C0002169002081F87C0081F8A20099E72DE979
:1067D000F843CE4C206990F87C10202908D000277F
:1067E00090F87D10222905D07FB300F17C0503E0ED
:1067F0000127F5E700F17D0510F8B01F41F0040115
:106800000170A06903F0FFF84FF00108002608B3FB
:106810003946A069FFF772FDE0B16A46A1692069B7
:1068200002F08EFE90B3A06903F0EBF82169A1F8A5
:10683000AE01B1F8701001F0D7FA40B320692821F9
:1068400080F88D1080F88C8048E0FFE70220A0706F
:10685000BDE8F883206990F8C40110B11E20FFF74D
:1068600005FFAFB1A0692169C07881F8E20008FA9C
:1068700000F1C1F3006000B9FFDF20690A2180F850
:106880007C1090F8A20040B9FFDF06E009E01AE0B2
:106890002E7001F0D8FAFFF7D6FE206980F89760D5
:1068A000D6E7206990F8C40118B10020FFF7DEFE9A
:1068B0002E70206900F17D0180F897608D420DD126
:1068C00080F87D600AE020699DF8001080F8B01122
:1068D0009DF8011080F8B11124202870206900F182
:1068E0007D018D4203D1BDE8F84301F0ACBA80F8D8
:1068F000A260ADE770B5854C01230B21206990F8AB
:106900007D20703002F051FD202650BB206901230C
:10691000002190F87D20703002F047FD0125F0B194
:10692000206990F87C0024281BD0A06903F05BF854
:10693000C8B1206990F8B01041F0040180F8B0109F
:10694000A1694A7902F0070280F85D20097901F017
:10695000070180F85C1090F8C5311BBB06E0A570FC
:1069600046E6A67044E6BDE870406CE690F8C43197
:10697000C3B900F164035E788E4205D11978914263
:1069800002D180F897500DE000F504710D70028877
:106990004A8090F85C200A7190F85D004871207977
:1069A000F4F71EFB2169212081F87D00BDE87040CD
:1069B00001F040BAF8B5554C206990F87E0010F00F
:1069C000300F04D0A07840F00100A070F8BDA0699D
:1069D00002F0F2FF50B3A06902F0E8FF0746A06999
:1069E00002F0E8FF0646A06902F0DEFF0546A06956
:1069F00002F0DEFF01460097206933462A46303018
:106A000003F03EF8A079800703D56069C0781428A8
:106A10000FD0216991F87C001C280AD091F85A0007
:106A200001280ED091F8BB0158B907E0BDE8F84045
:106A300009E62169012081F85A0002E091F8BA01C3
:106A400030B1206910F87E1F41F0100101700EE096
:106A500091F87E0001F5FE7240F0200081F87E0082
:106A600031F8300B03F078F82079F4F7B9FABDE883
:106A7000F84001F0DFB970B5244C206990F87E1021
:106A8000890707D590F87C2001230821703002F097
:106A90008CFCE8B1206990F8AA00800712D4A069A4
:106AA00002F06BFF216981F8AB00A06930F8052F77
:106AB000A1F8AC204088A1F8AE0011F8AA0F40F070
:106AC00002000870206990F8AA10C90703D00FE0EF
:106AD0000120A0708CE590F87E00800700D5FFDFD4
:106AE000206910F87E1F41F00201017001F0A2F947
:106AF0002069002590F87C10062906D180F87C508A
:106B000080F8A2502079F4F76BFA01E0F40000203D
:106B1000206990F8AC110429DCD180F8AC512079BF
:106B2000F4F75EFA206990F87C100029D2D180F841
:106B3000A2505DE570B5FC4C01230021206990F85E
:106B40007D20703002F031FC012578B9206990F881
:106B50007D20122A0AD001230521703002F025FC85
:106B600010B10820A07043E5A57041E5206990F8B8
:106B7000A80008B901F05EF92169A06901F58471E6
:106B800002F0E9FE2169A069D83102F0EAFE20692D
:106B900090F8E00100B1FFDF21690888A1F8E20167
:106BA00001F5F271A06902F0CEFE2169A06901F53C
:106BB000F67102F0CDFE206980F8E051142180F8D2
:106BC0007D102079BDE87040F4F70ABA70B5D64C54
:106BD00001230021206990F87D20703002F0E5FB50
:106BE0000125A8B1A06902F084FE98B1A0692169CD
:106BF000B0F80D00A1F8AE01B1F8701001F0F4F892
:106C000058B12069282180F88D1080F88C50EFE46D
:106C1000A570EDE4BDE8704015E5A0692169027931
:106C200081F8B021B0F80520A1F8B22102F058FE99
:106C30002169A1F8B401A06902F055FE2169A1F80B
:106C4000B601A06902F052FE2169A1F8B8010D2039
:106C500081F87D00CCE47CB5B34CA079C00738D076
:106C6000A06901230521C578206990F87D20703046
:106C700002F09BFB68B1AD1E0A2D06D2DFE805F0DD
:106C800009090505090905050909A07840F008006A
:106C9000A070A07800281CD1A06902F0F7FD0028A0
:106CA00071D0A0690226C5781DB1012D01D0162D25
:106CB00018D1206990F87C0002F05FFB90B1216947
:106CC00091F87C001F280DD0202803D0162D16D057
:106CD000A6707CBD262081F87C00162D02D02A20CB
:106CE000FFF7C4FC0C2D5BD00CDC0C2D4BD2DFE885
:106CF00005F036331F47BEBE4BB55ABE393C202087
:106D0000A0707CBD0120142D71D008DC0D2D6FD03A
:106D1000112D6ED0122D71D0132D34D164E0152DAC
:106D20007FD0162D68D0182D67D0FF2D2BD198E07D
:106D300020690123194690F87F20703002F035FB5E
:106D4000002808D1A06902F0FCFD216981F89201B8
:106D5000072081F87F008CE001F031F989E0FFF72E
:106D600035FF86E001F00BF983E0206990F87D1093
:106D7000112901D0A6707CE0122180F87D1078E006
:106D8000FFF7D8FE75E072E0206990F87D001728C3
:106D9000F0D101F058F821691B2081F87D0068E0EE
:106DA000FFF769FE65E0206990F87E00C00703D018
:106DB000A07840F0010026E06946A06902F0DFFDFE
:106DC0009DF8000000F02501206900F8B01F9DF833
:106DD000011001F04101417001F02CF8206910F818
:106DE0007E1F41F0010117E0FFF779FC41E015E05B
:106DF00020E022E002E014E016E018E0216991F8BA
:106E00007E10490701D5A07033E001F013F8206926
:106E100010F87E1F41F0040101702AE0FFF7CAFD5F
:106E200027E001F074F824E0FFF764FD21E0FFF7AC
:106E3000CEFC1EE0A06900790DE0206910F8B01FBB
:106E400041F004010170A06902F0F7FD162810D18D
:106E5000A06902F0F6FDFFF7A7FC0AE0FFF757FC78
:106E600007E0E16919B1216981F8A60101E0FFF7A6
:106E7000EAFB2169F1E93002401C42F10002C1E95C
:106E800000027CBD70B5284CA07900074AD5A078D7
:106E9000002847D1206990F8E400FE2800D1FFDFE8
:106EA0002069FE21002580F8E41090F87D10192952
:106EB00006D180F8A75000F0C6FF206980F87D5009
:106EC000206990F87C101F2902D0272921D119E0D0
:106ED00090F87D0002F051FA78B120692621012353
:106EE00080F87C1090F87D200B21703002F05DFA64
:106EF00078B92A20FFF7BAFB0BE02169202081F83E
:106F00007C0006E0012180F8A51180F87C5080F813
:106F1000A250206990F87F10082903D10221217026
:106F200080F8E41030E40000F400002010B5FD4CBF
:106F3000216991F8B0210AB991F8642081F86420A0
:106F400091F8B1210AB991F8652081F8652010B156
:106F50000020FFF78BFB206902F0B2FD002806D06D
:106F60002069BDE8104000F5F77102F001BE24E48D
:106F700070B5EC4C06460D46206990F8E400FE28FA
:106F800000D0FFDF2269002082F8E46015B1A2F88A
:106F9000A400E5E422F89E0F01201071E0E470B532
:106FA000E04C01230021206990F87C20703002F031
:106FB000FCF900286AD0206990F8BA1111B190F854
:106FC000BB1139B190F8C41100295ED090F8C511F9
:106FD00019B35AE090F87D1024291CD090F87C1049
:106FE000242918D05FF0000300F5D87200F5DD7198
:106FF00002F038FD2169002081F8BA010146142011
:10700000FFF7B6FF216901F13000C28A21F8E62FAF
:10701000408B48803FE00123E6E790F87D20012384
:107020000B21703002F0C1F978BB206990F8640040
:1070300000F0F4FE0546206990F8650000F0EEFED1
:107040000646206990F8C611284600F0D9FE50B1D6
:10705000206990F8C711304600F0D2FE18B1002028
:10706000FFF704FB11E020690123032190F87D2044
:10707000703002F09AF940B920690123022190F89A
:107080007D20703002F091F908B1002068E4002101
:107090001620FFF76DFF012062E410B5F0BBA14C94
:1070A000206990F87E10CA0702D00121092051E022
:1070B0008A070AD501210C20FFF75AFF206910F832
:1070C000AA1F41F00101017046E04A0702D50121E3
:1070D00013203FE00A0705D510F8E11F4171012197
:1070E000072037E011F0300F3AD090F8BB11A9B962
:1070F00090F8BA11D9B190F87D1024292ED090F8CB
:107100007C1024292AD0002300F5D87200F5DD7107
:1071100002F0A8FC216911F87E0F00E020E020F0C9
:10712000200040F010000870002081F83C01206928
:1071300090F87E10C90613D502F0C2FCFFF7B7FA2B
:10714000216901F13000C28A21F8E62F408B488086
:1071500001211520FFF70CFF012008E70123D3E7E9
:10716000002004E770B56F4C206990F8E410FE2908
:1071700078D1A178002975D190F87F200123194694
:10718000703002F012F900286CD1206990F890114B
:1071900049B10021A0F89C1090F8911180F8E610F8
:1071A000002102205BE090F87D2001230421703053
:1071B00002F0FBF80546FFF770FF002852D1284681
:1071C00000F061FF00284DD120690123002190F8D3
:1071D0007C20703002F0E9F878B1206901230421A5
:1071E00090F87D20703002F0E0F830B9206990F816
:1071F000960010B10021122031E0206990F87C2027
:107200000A2A0DD0002D2DD101230021703002F06B
:10721000CCF878B1206990F8AC1104290AD105E0C6
:1072200010F8E21F01710021072018E090F8AA0071
:10723000800718D0FFF7B3FE002813D1206901237F
:10724000002190F87C20703002F0AFF8002809D0BF
:10725000206990F8A401002804D00021FF20BDE897
:10726000704085E609E000210C20FFF781FE2069CF
:1072700010F8AA1F41F0010101702BE43EB505464C
:107280006846FDF793FE00B9FFDF22220021009837
:10729000F6F79BF80321009802F0DFFA00980178D6
:1072A00021F010010170294602F0FDFA1D4C0D2D50
:1072B00043D00BDCA5F102050B2D19D2DFE805F058
:1072C0001F184B19191F185718192400152D5FD0B6
:1072D00008DC112D28D0122D0BD0132D09D0142D20
:1072E00006D155E0162D2CD0172D6AD0FF2D74D065
:1072F000FFDFFDF770FE002800D1FFDF3EBD2169F2
:10730000009891F8E6101AE0E2680098117801718F
:1073100091884171090A81715188C171090A01720C
:10732000E7E70000F40000200321009802F083FB4F
:107330000621009802F083FBDBE70098062101712B
:10734000D7E70098D4F8101091F8C621027191F88F
:10735000C7114171CDE72169009801F5887102F0EC
:1073600004FB21690098DC3102F004FBC1E7F94914
:10737000D1E90001CDE90101206901A990F8B0002F
:1073800000F025008DF80400009802F027FBB0E71C
:107390002069B0F84810009802F0F6FA2069B0F8B9
:1073A000E810009802F0F4FA2069B0F84410009850
:1073B00002F0F2FA2069B0F8E610009802F0F0FA54
:1073C00097E7216991F8C40100280098BCD111F811
:1073D000642F02714978BCE7FFE7206990F8A72184
:1073E000D0F8A811009802F06CFA82E7DA4810B5DC
:1073F000006990F8821041B990F87D2001230621A0
:10740000703001F0D2FF002800D00120AFE570B548
:10741000D14D286990F8801039B1012905D0022991
:1074200006D0032904D0FFDF14E4B0F8F41037E0ED
:1074300090F87F10082936D0B0F89810B0F89A204C
:1074400000248B1C9A4206D3511A891E0C04240C6A
:1074500001D0641EA4B290F8961039B190F87C2047
:1074600001230921703001F0A0FF40B3FFF7BEFFF8
:1074700078B129690020B1F89020B1F88E108B1CEA
:107480009A4203D3501A801E00D0401EA04200D260
:1074900084B20CB1641EA4B22869B0F8F41021447F
:1074A000A0F8F0103EE5B0F898100329BDD330F8ED
:1074B000701F428D1144491CA0F8801032E5002451
:1074C000EAE770B50C4605464FF4087200212046E5
:1074D000F5F77BFF258025E5F8F724BF2DE9F0417E
:1074E0000D4607460621F8F713FE041E3ED094F819
:1074F000CC010026B8B16E70072028700DE02684FC
:1075000084F8CC61D4F8CE01C5F80200D4F8D201D9
:10751000C5F80600B4F8D601688194F8CC010028BB
:10752000EDD1AE70B7E094F8D80190B394F8D801DB
:107530000B2813D00C2801D0FFDFACE02088F8F72F
:107540001AFF0746F8F7D7FB78B96E700C20287041
:1075500094F8DA01A8702088A88014E02088F8F751
:107560000AFF0746F8F7C7FB10B10020BDE8F0811D
:107570006E700B20287094F8DA01A8702088A8801B
:1075800094F8DE01A87184F8D8613846F8F7ADFBAD
:1075900081E0FFE794F80E0230B16E700E20287083
:1075A00084F80E626F8076E094F8E00180B16E702E
:1075B0000820287020886880D4F8E4116960D4F825
:1075C000E811A960B4F8EC01A88184F8E06162E0F8
:1075D00094F8080278B16E701620287006E000BF9B
:1075E00084F80862D4F80A02C5F8020094F8080288
:1075F0000028F5D14FE094F8EE01B0B16E70122082
:1076000028700DE084F8EE61D4F8F001C5F80200AE
:10761000D4F8F401C5F80600D4F8F801C5F80A005A
:1076200094F8EE010028EDD135E094F8FC0180B12A
:107630006E701820287084F8FC61D4F8FE01C5F83B
:107640000200D4F80202C5F80600B4F80602688108
:1076500021E094F8100240B11920287084F81062DB
:10766000D4F81202C5F8020015E094F816020028BA
:107670003FF47CAF6E701320287008E084F8166227
:10768000D4F81802C5F80200B4F81C02E88094F897
:1076900016020028F2D1012068E72F480021C161BD
:1076A00001620846704730B52B4D0C46E860FFF785
:1076B000F4FF00B1FFDF2C7130BD002180F87C1099
:1076C00080F87D1080F8801090F8FE1009B102213A
:1076D00000E00321FEF73FBB2DE9F0411E4C0546BB
:1076E000206909B1002104E0B0F80611B0F8F620D5
:1076F0001144A0F8061190F8901139B990F87F2044
:1077000001231946703001F050FE30B1206930F885
:107710009C1FB0F85A2011440180206990F8A230D3
:1077200033B1B0F89E10B0F8F6201144A0F89E10C6
:1077300090F9A670002F06DDB0F8A410B0F8F6207E
:107740001144A0F8A41001213D263DB180F88D60C0
:1077500018E0000060B30100F40000202278022A43
:107760000AD0012A11D0A2782AB380F88C1012F026
:10777000140F0DD01E2113E090F8E620062A3CD00D
:1077800016223AE080F88C1044E090F8922134E020
:10779000110702D580F88D603CE0910603D52321C6
:1077A00080F88D1036E0900700D1FFDF21692A2094
:1077B00081F88D002AE02BB1B0F89E20B0F8A030FF
:1077C0009A4210D2002F05DDB0F8A420B0F8A03006
:1077D0009A4208D2B0F89C30B0F89A20934204D371
:1077E00090F890310BB1222207E090F880303BB145
:1077F000B0F89830934209D3082280F88D20C1E771
:10780000B0F89820062A01D33E22F6E7206990F8C6
:107810008C1019B12069BDE8F0414EE7BDE8F04198
:107820000021FEF798BA2DE9F047FF4C81460D463E
:1078300020690088F8F7B1FD060000D1FFDFA078CD
:107840002843A070A0794FF000058006206904D578
:10785000A0F8985080F8045103E030F8981F491CB4
:107860000180FFF7C3FD012740B3E088000506D57E
:10787000206990F8821011B1A0F88E501EE02069A6
:10788000B0F88E10491C89B2A0F88E10B0F8902084
:107890008A4201D3531A00E00023B4F808C00CF167
:1078A000050C634501D880F89670914206D3A0F884
:1078B0008E5080F80E722079F3F792FBA0794FF08A
:1078C000020810F0600F0ED0206990F8801011B1FE
:1078D000032908D102E080F8807001E080F8808000
:1078E0000121FEF738FA206990F88010012904D1AF
:1078F000E188C90501D580F88080B9F1000F71D108
:10790000E188890502D5A0F8185104E0B0F81811F3
:10791000491CA0F8181100F07DFBFEF72DFDFFF7C4
:1079200021FC00F08EFD0028206902D0A0F8F8505C
:1079300003E030F8F81F491C018000F085FD38B1E4
:10794000206990F80411022907D8491C80F8041115
:10795000206990F80401022804D9206920F8F85F12
:107960004580057320690123002190F87D20703047
:1079700001F01BFD20B9206990F87D000C286AD128
:1079800020690123002190F87C20703001F00DFD6A
:1079900048B320690123002190F87F20703001F066
:1079A00004FD00B3206990F88010022953D190F8AB
:1079B0000401C0B93046F7F76EFFA0B1216991F814
:1079C000E400FE2847D1B1F8F200012843D981F83C
:1079D000FD70B1F89A20B1F89800931E984203DB2D
:1079E000012004E043E036E0101A401E80B2B1F8F6
:1079F000F82023899A4201D3012202E09A1A521CEC
:107A000092B2904200D91046012801D181F8FD5070
:107A100091F86F206AB98A6E5AB1B1F89420B1F822
:107A20007030D21A12B2002A03DD904200DB1046F9
:107A300080B291F8892192B1B1F8FA20B1F88A1197
:107A40008A4201D3012102E0891A491C89B2884285
:107A500005D9084603E02169012081F8FD5021691C
:107A6000B1F870201044A1F8F400FFF7D0FCE088D2
:107A7000C0F340214846FFF72FFE206980F8FE50F2
:107A8000BDE8F047FDF7CABA674902468878CB7867
:107A9000184312D10846006942B18979090703D514
:107AA00090F87F00082808D001207047B0F84C10EB
:107AB000028E914201D8FEF79AB80020704770B547
:107AC000594C05460E46E0882843E080A80703D5B8
:107AD000E80700D0FFDF6661EA074FF000014FF0D2
:107AE00001001AD0A661F278062A02D00B2A14D11E
:107AF0000AE0226992F87D30172B0ED10023E2E9CB
:107B00002E3302F8370C08E0226992F87D30112BF1
:107B100003D182F8811082F8A800AA0718D56269FB
:107B2000D278052A02D00B2A12D10AE0216991F8F5
:107B30007D20152A0CD10022E1E9302201F83E0C0B
:107B400006E0206990F87D20102A01D180F882108B
:107B5000280601D50820E07066E42DE9F84F324C84
:107B600000254FF00108E580A570E57041462570BD
:107B700061F3070220619246814680F8FE8000880A
:107B8000F8F70BFC070000D1FFDF20690088FDF744
:107B90000AFA20690088FDF72FFA2069B0F8F21080
:107BA00071B190F8E410FE290FD190F8901189B1CD
:107BB00090F87F2001231946703001F0F6FB78B170
:107BC000206990F8E400FE2804D0206990F8E400D1
:107BD000FFF754FB206990F8FF1089B1258118E068
:107BE0002069A0F89C5090F8911180F8E6100021CF
:107BF0000220FFF7BDF9206980F8FD500220E7E779
:107C000090F8CC1119B9018C8288914200D88188F2
:107C10002181B0F8F610491E8EB2B0F8F810314448
:107C2000A0F8F81002E00000F400002090F8FC102A
:107C300021B1A0F8FA5080F8FC5004E0B0F8FA1036
:107C40003144A0F8FA1030F8981F31440180FFF752
:107C5000CDFB20B1206930F88E1F314401802069AE
:107C6000B0F8F210012902D8491CA0F8F2100EB1A8
:107C700080F8045190F8FD10A1B1B0F8F800218906
:107C800088420FD23846F7F706FE58B1206990F8BF
:107C9000891139B1B0F8FA10B0F88A01814201D3E4
:107CA00000F0D5FB206980F8FD5090F87D100B297D
:107CB00001D00C2916D1B0F87020B0F8AE31D21A2C
:107CC00012B2002A0EDBD0F8B011816090F8B41126
:107CD0000173032101F02CFA206980F87D5080F8AF
:107CE000B28026E0242910D1B0F87010B0F8AE218F
:107CF000891A09B2002908DB90F8C401FFF716F9C8
:107D0000206900F87D5F857613E090F87C102429C7
:107D100001D025290DD1B0F87010B0F8AE01081AC5
:107D200000B2002805DB0120FFF700F9206980F888
:107D30007C5020690146B0F8F620703001F0A6FAB8
:107D4000206990F8891109B1A0F8FA50F74800901D
:107D5000F74BF84A4946504600F0B5FA216A11B18E
:107D60006078FCF71FFE20690123052190F87D2033
:107D7000703001F01AFB002803D0BDE8F84F00F086
:107D80000ABABDE8F88F00F021BBEB49C861704723
:107D9000E948C069002800D001207047E64A5070C9
:107DA0001162704710B504460088A4F8D001B4F8F9
:107DB000B401A4F8D201B4F8B601A4F8D401B4F81F
:107DC000B801A4F8D601012084F8CC01DA48007982
:107DD000F3F706F90221204601F0AAF9002004F881
:107DE0007D0F0320E07010BD401A00B247F6FE710F
:107DF000884201DC002801DC012070470020704728
:107E0000012802D0022805D102E0012904D001E0B6
:107E1000022901D0002070470120704710B50128C9
:107E200004D0022804D0FFDF204610BD0124FBE768
:107E30000224F9E7C0480021006920F8A41F8178D6
:107E4000491C81707047BC4800B5016911F8A60F44
:107E5000401E40B20870002800DAFFDF00BDB648BF
:107E60002721006980F87C10002180F8A411704758
:107E700010B5B14C206990F8AC11042916D190F8D6
:107E80007C2001230021703001F08FFA00B9FFDF60
:107E9000206990F8AA10890703D4062180F87C1085
:107EA00004E0002180F8A21080F8AC11206990F85D
:107EB0007E00800707D5FFF7C6FF206910F87E1FF8
:107EC00021F00201017010BD9B4910B5096991F8BC
:107ED0007C200A2A09D191F8E220824205D10020B3
:107EE00081F87C0081F8A20010BD91F87E20130774
:107EF00006D522F0080081F87E00BDE81040A2E718
:107F0000FF2801D0FFDF10BDBDE81040A7E7F8B59E
:107F1000894C01230A21206990F87C20703001F0FF
:107F200044FA38B3A06901F047FDC8B1A06901F077
:107F30003DFD0746A06901F03DFD0646A06901F040
:107F400033FD0546A06901F033FD01460097206925
:107F500033462A46303001F093FD206901F0B0FD30
:107F60002169002081F8A20081F87C00BDE8F8407A
:107F7000FEF79DBBA07840F00100A070F8BD10B5E1
:107F80006D4C01230021206990F87D20703001F0B4
:107F90000CFA30B1FFF74EFF2169102081F87D0007
:107FA00010BD20690123052190F87D20703001F07B
:107FB000FCF908B1082000E00120A07010BD70B5E8
:107FC0005D4C01230021206990F87D20703001F084
:107FD000ECF9012588B1A06901F0B0FC2169A1F894
:107FE000AE01B1F87010FFF7FFFE40B12069282103
:107FF00080F88D1080F88C50AEE5A570ACE5216955
:10800000A06901F5D87101F094FC21690B2081F879
:108010007D00A1E510B5FEF735FFFEF71CFE464CCE
:10802000A079400708D5A07830B9206990F87F0082
:10803000072801D101202070FEF73CFAA079C00684
:1080400009D5A07838B9206990F87D100B2902D1A4
:108050000C2180F87D10E07800070ED520690123FF
:10806000052190F87D20703001F09FF930B1082093
:10807000A0702169002081F8D80110BDBDE8104032
:10808000002000F01EBB10B52B4C216991F87D201B
:1080900048B3102A06D0142A07D0152A1AD01B2A52
:1080A0002CD11AE001210B2019E0FBF759FB0C2819
:1080B00017D32069082100F58870FBF755FB28B11C
:1080C00020690421DC30FBF74FFB00B9FFDF012101
:1080D000042004E000F017F803E001210620FEF779
:1080E00047FF012010BD212A08D191F8970038B927
:1080F00091F8C40110B191F8C50108B1002010BD7C
:1081000001211720EBE770B50B4C0025206990F892
:108110009311012912D002292DD190F8A810E9B1AC
:10812000062180F8E610012102201FE027780100D7
:10813000897A0100BF7A0100F400002090F8D8117C
:10814000002918D100F1C80300F58471002200F560
:10815000CA7001F0CAF80121052007E090F8B000CC
:10816000400701D5112000E00D200121FEF700FF9E
:10817000206980F89351EFE4F5480078002800D09A
:108180000C20704710B50446FFF7F6FF00B1FFDF83
:10819000EF48047210BDEE490120C871704770B5F8
:1081A0000C460546082B01D0194600E00421104674
:1081B00001F081F90DB9001D80B2844200D2204641
:1081C000C0B270BD70B5E24934314C6804F170053D
:1081D00088B1628F218F94F86530A87CFFF7DFFFAC
:1081E000A97C01B10421084494F86510C0B2BDE82F
:1081F0007040FCF790B8FF2094F86410F7E72DE981
:10820000F0478146D2483430446804F17005628FEB
:10821000218F94F86530A87CFFF7C1FFCC4F06464C
:10822000CC4878620120FFF7CDFFA87C4FF0000812
:1082300040B305F15801C84891E80E1000F1080A52
:108240008AE80E10A96EC0F82110E96EC0F825105A
:10825000FE38FCF73EFBC048012108300176D5E925
:108260001412C0E90412A0F58372796AFBF717FFB4
:1082700094F8650000F0AEFB024631460120FBF7A2
:108280001CFF04E0786AFCF724FBFBF73AFFB9F126
:10829000000F03D141469620FCF747FB94F8642079
:1082A00001210020FCF703FC94F82C00012801D1E7
:1082B000FCF7DCFB02203870FCF75EFD002800D0E4
:1082C000FFDFBDE8F0872DE9F043A14D87B0804680
:1082D00028780E9F1C461646894610B90EB104B187
:1082E00007B9FFDFEF61C5E905640020C5E90D8925
:1082F000E871A871E870A8702871954F6871A8811D
:108300003437E8817E68344636F8700BF8F745F864
:10831000E8622088F8F72FF82863FCF706F894F94C
:108320006700FCF7C7F804F11200FCF7B4FA04F197
:108330000E00FCF7C5F80120FCF7C8FA182287499F
:108340006846F5F718F8864804906846FCF7B2FAD4
:10835000F07EFCF7BFF8FCF7B3FA94F86F0078B939
:10836000A06E68B1B08C3188884209D1B4F86C1025
:1083700001220844B08494F86E00A16EF9F7EDFD77
:10838000628F218F94F86530B07CFFF708FFB17CD5
:1083900001B10421084494F86540C0B22146FBF7BE
:1083A000BAFF786890F8880108B1FCF743F82146D5
:1083B0000120FCF749F97868D0F80001FCF78DFA44
:1083C0000120FFF71CFF07B0BDE8F083604800B54F
:1083D0000078022800D0FFDF00BD5D4810B53430C2
:1083E0004468FCF7F2FAFCF7D0FAFCF71FFAFCF746
:1083F00058FAFBF786FE94F82C00012801D1FCF70F
:108400002BFB94F86F0038B9A06E28B1002294F8C5
:108410006E001146F9F7A1FD4D4CE08900F0E4FA39
:10842000E269A179A07890470020207010BD4848EB
:1084300010B50078022800D0FFDFBDE81040CCE77F
:10844000CBE74348007970474148C07870474049BE
:108450000120487170472DE9FC473D483C4E3430BF
:10846000A0F1140744684FF0000A254694F87500FF
:108470004FF00108703458B3012875D0022877D026
:10848000032870D0FFDF316AB1460826087820F053
:1084900008000870A37906EAC303184320F004001B
:1084A0000870E379042606EA8303184320F01000DD
:1084B00008706779D9F82C00F7F7FDF90646FCF744
:1084C000C0FD022F69D0012F67D0032F68D06AE06A
:1084D00000F096FAAA8E0146104600F0ECFF298EB5
:1084E000814200D208464C21ADF80400485338467A
:1084F000FCF785FD48B14FF48060316A00F079FAED
:108500000320607184F80380BDE76A4601A9F06A20
:1085100000F05EFA306210B194F8371029B1384695
:10852000FCF73EFD84F80580ADE79DF8001031B9F9
:10853000A0F800A080F802A0012101F08EF9BDF89A
:108540000410306A01F07FFA022060719BE70BE0B3
:1085500018010020780B0020780D002068B301007E
:108560008F5D010004E011E03846FCF719FD8AE751
:10857000B5F84C00ADF804006A4601A9F06A00F0B5
:1085800027FA30620028BFD1FFDF7CE73846FCF7CE
:1085900036FD0028B8D1FFDF75E7B04301D002E017
:1085A0000EB1012100E00021D9F820004E460278EA
:1085B00042EA01110170617C51B36179012927D030
:1085C00004F15801F7488EC900F1080989E88E00C6
:1085D000A16EC0F82110E16EC0F82510FE38FCF73E
:1085E00078F9F048083080F818A0D4E91212C0E9F0
:1085F0000412A0F58371326AFBF751FD95F864000F
:1086000000F0E8F90246FB210020FBF756FD03E0ED
:10861000FCF75FF9FBF775FD012195F86520084629
:10862000FCF745FA86F80480316A0A883282897834
:10863000B17486F80080FCF7ABFB002800D0FFDFA8
:10864000BDE8FC8770B5D84C054639B9012D05D178
:10865000E078401CC0B2E070012820D8A16928460B
:108660008847E0B16179D14831B1012D04D1417819
:1086700011B90178C90612D5A17981B98DB9CA4954
:1086800010310978CA0602D40078C00607D5A0893F
:1086900028B9A06A28B9608918B1C80601D4012098
:1086A00070BD002070BD10B5BF4CA06A00B9FFDFDF
:1086B0006289D4E90910D21CF4F75DFEA06A6062F9
:1086C00010BD2DE9F0470600B748B74D00F1340062
:1086D0004468686A04F17004477801D0012E03D120
:1086E000296B02F001F9687068784FF000084FF0CC
:1086F000010938B1012816D002282FD0032844D010
:10870000FFDFDEE5012E30D0FFF7CDFF3946012235
:10871000286BF7F741F926E084F8078030E000BFC6
:1087200084F807902CE0012E08D0FFF7BCFF3946F3
:108730000022286BF7F730F9022EE2D0D4E91401B9
:10874000401C41F10001C4E91401E079012802D084
:1087500084F80790B5E584F80780B2E5012E04D0CF
:10876000286BF7F79DFA022ECBD0D4E91401401CF8
:1087700041F10001C4E91401E0790128D0D1CBE72F
:10878000287ABDE8F047F2F72BBC012EB9D0286B50
:10879000F7F786FAF4E770B58349834A3431002647
:1087A0004C68516A012570340B7803F00303012BE8
:1087B00014D0022B12D0032B03D0907940F0040088
:1087C00023E0A570D08940F40060D081012000F042
:1087D00010F91CE0E67170BDE57170BD4978B1B16A
:1087E000D38943F40063D381936A002BF5D0FB292E
:1087F00008D8D17921B1BDE87040802000F0F4B8EC
:10880000057070BD907940F01000907170BDE079F6
:108810000128E1D1DEE770B56348634D3430446828
:1088200028787034012800D0FFDFA07838B100200C
:10883000A0700146042000F0DCF801202071296AB4
:108840000878C043800705D1A889400502D50220D9
:1088500000F0CFF801210020FFF7F4FE10B1BDE8D1
:108860007040BAE5BDE870400020C8E42DE9F84F3B
:108870004D4F4D4C343700267D6882468DF80060A0
:1088800020787035022800D0FFDFE08940F40070C6
:10889000E0810020FFF796FCA87CBAF1000F5BD0C6
:1088A000FBF752FCFBF742FC4FF0010968B9A87CCA
:1088B00058B1606A417841B10078E979C0F3C000ED
:1088C000884202D184F8029059E0606A417861815F
:1088D00021B1206BF7F71AF8A06200E0A662E089E8
:1088E000B84640F02000E081E670786800F170073B
:1088F000064690F82C00012816D1FCF7ADF8394651
:10890000304600F010FD78B1D8F804003188A0F8A6
:108910000A12397A80F80C12797A80F80D1280F8F0
:108920000892207AF2F75CFB606AA9790078C0F3BC
:108930008000884205D000F094F8E08940F480700F
:10894000E081606AE9790078C0F3C00088420AD10A
:108950006846FFF720FF06E008B1FBF726FCE08938
:1089600040F04000E08151460120FFF76BFE0028F7
:108970009DF8000007D010B10020FFF7A2FEFFF71E
:108980002CFDBDE8F88F10B10120FFF79AFEFFF72C
:1089900062FD9DF800000028F3D00220FFF791FE51
:1089A000EFE70000780D002018010020780B002070
:1089B00070B5064654480D464468FBF75EFC034616
:1089C00094F8642029463046BDE87040FDF7FCB9B4
:1089D000F6F7ABBE00B5012802D0022802D0FFDFB7
:1089E000002000BD012000BD474A0021343A5269F1
:1089F0001047454A343A938903439381526910479B
:108A0000414810B5446804F17001087B24280ED059
:108A1000497B24290BD01F280CD020280AD02229DA
:108A200012D094F86400042800D1082010BD94F8F6
:108A3000B01106E0222907D094F8C60100F04FF8E3
:108A4000014694F8640008E094F8C60114F85D1F2C
:108A5000084000F044F80146E079BDE8104000F01D
:108A600048B870B52848446894F8750070340028F8
:108A700032D0022810D1244D343DE86AF6F781FE49
:108A800000B9FFDFD4E91201401C41F10001C4E943
:108A90001201287AF2F7A4FA00256571207920B135
:108AA000257100211020FFF7A4FFE07878B1E57070
:108AB000FCF7B4FA00B9FFDF00210820FFF799FFA7
:108AC000D4E91201401C41F10001C4E91201A0796E
:108AD000012802D00120A07170BDA57170BDC10731
:108AE00001D001207047800701D502207047002087
:108AF0007047002904D0012803D0012901D00220A9
:108B000070470120704700004C0100202DE9F04122
:108B10000F4606460024FE4D0FE000BF05EBC400E3
:108B200090F85311B14206D10622394600F5AA70D9
:108B3000F4F7F4FB38B1641CE4B22878A042EDD815
:108B40001020BDE8F0812046FBE7F0B50746F0486D
:108B500016460478621C027000EBC4050868C5F86C
:108B600054018888A5F85801102C00D3FFDF85F840
:108B7000537185F85A612046F0BD70B5054600F086
:108B800017FA10281CD1E24C2078401EC0B2207089
:108B9000A84215D004EBC00204EBC50102F58070B9
:108BA000D2F85321C1F85321D0F85700C1F857012A
:108BB000207800F0FDF9102802D0204480F80351FD
:108BC00070BD2DE9F047D24C0646A719A078401E8B
:108BD000C5B2A57097F80381AE422AD004EB051AFE
:108BE00004EB06190AF1030109F103001022F4F75E
:108BF000C2FB0AF1830109F183001022F4F7BBFBE9
:108C0000601905EB450290F8031187F8031106EB94
:108C1000460104EB420204EB4101D2F80B31C1F8EA
:108C20000B31B2F80F21A1F80F2190F83B0187F822
:108C30003B0104EBC80090F85A01C00703D140463D
:108C4000BDE8F04799E7BDE8F087B1498A788242EC
:108C500003D9084490F8430170470020704710B5CD
:108C600040F2D3120021AA48F4F7AFFB0822FF21FB
:108C7000A848F4F7AAFBA74800210C38417081707E
:108C80004FF46171818010BD70B50D460646FFF747
:108C90003DFF9F4C102807D004EBC00191F85A11FA
:108CA000C90701D0012070BD6178082910D21028B1
:108CB00008D004EBC000012180F85A116078401CF4
:108CC0006070EFE7012229463046FFF73EFFF5E7E7
:108CD000002070BD70B58E4D2878401E44B20AE069
:108CE00005EBC40090F85A01C00702D0E0B200F0D2
:108CF00070F9641E64B2002CF2DA864900200C3947
:108D0000887070BD82498A78824203D901EB0010D5
:108D1000C01C7047002070472DE9F04798469146E7
:108D20000C460546FFF7F2FE0646102805D000F077
:108D30003FF9102801D0122085E7754FB878082830
:108D40002AD2102E05D1002221462846FFF7FDFE2B
:108D50000646BC781022601CB87007EB0415E81CAE
:108D6000494600F0B5FA05F183001022414600F0B3
:108D7000AFFA1021404600F09CFA3C44102184F8E0
:108D80004301484604F5967400F093FAE07704F83E
:108D9000296C0020E07356E7072054E75C4810B5C3
:108DA0008078401E44B204E0E0B2FFF70AFF641E80
:108DB00064B2002CF8DA10BD56490C39487070477F
:108DC00054480C384078704740B14AF2B811884294
:108DD00004D850490C398880012070470020704722
:108DE0004C480C388088704710B5FFF78FFE10286C
:108DF00003D000F0DDF8102800D1082010BD444950
:108E00008A78824203D901EB00108330704700203A
:108E100070473F4B10B59C7884420FD9184490F8A6
:108E2000030103EBC00090F853310B70D0F85411DC
:108E30001160B0F858019080012010BD002010BDD5
:108E4000334A114491F8032132490C390A700268FF
:108E5000C1F8062080884881704770B52D4B0C3BC7
:108E60005B7873B12A4B9C785CB1451821460AB1F6
:108E7000D81C01E0264883302A46FBF77CF8012005
:108E800070BD002070BD10B5FBF7C3F818B1BDE888
:108E90001040FBF7CEB8FF2010BD1D498A788242F2
:108EA00009D9084490F8030101EBC00090F85A0179
:108EB00000F001007047002070472DE9F0410024C8
:108EC0002546134E2CE0284600F072F88046FFF746
:108ED00019FF06EBC50797F85A11C9071ED060B1F4
:108EE000B8F1100F05D006EB080191F83B110129EC
:108EF00003D0102100F0DDF980B10649204601F8C9
:108F00000480641C97F8532107F5AA71E4B203E0CA
:108F1000A80D002060010020FBF7A7FA6D1CEDB240
:108F20003078A842CFD80CE6012296E72E4A01EB12
:108F3000410102EB41010268C1F80B218088A1F8D0
:108F40000F01704701461022284800F0C1B9274898
:108F5000704725498A78824203D9084490F83B013A
:108F600008B100207047012070472DE9F0410E46FE
:108F7000074615460621304600F09BF91A4C58B1B9
:108F8000002004E02118401C81F83B51C0B2A178B8
:108F90008142F7D80120D4E531463846FFF724FF57
:108FA000082803D0204480F83B51F3E70020C8E5AF
:108FB0000D4910B5034600208A7806E00C1894F895
:108FC00003419C4204D0401CC0B28242F6D810201B
:108FD00010BD05494A78521E4A7001EBC0010022BB
:108FE00081F85A21C9E50000A80D00207B0F002060
:108FF00000F00101400800F001021144400800F0B7
:1090000001021144400800F001021144400800F040
:1090100001021144400800F001021144400800F030
:109020000102114401EB5000704710B50024048583
:10903000848DDB004C43B3FBF2F394FBF2F45B1C36
:1090400084859BB203FB02F44385B4F5C84F01DD70
:109050005B1E43854FF4FA43B3FBF2F35B1C0386BC
:10906000438C02EBC3035B1EB3FBF2F30384C38B9D
:109070004B43B3FBF2F1C18310BD70B50546087BCD
:109080000E4600F01F000873002068760446301971
:10909000007AFFF7ADFF2919641C0875697EE4B2F8
:1090A00008446876052CF2D3C0B2252800D9FFDF2A
:1090B00070BD0023C383428401EBC202521EB2FB87
:1090C000F1F101847047F0B56FF01F02010C02EA64
:1090D00090261F25A1F5AA4054380DD0A1F5AA402D
:1090E000553809D0A1F52850AA3805D0A1F52A4055
:1090F000AA3801D0012000E00020002213461446C7
:1091000082EA0107FF431F437F1C0FD006F00107CF
:10911000520842EAC73205F001075B0876086D087D
:10912000641C43EAC733162CEAD3F0BD0020F0BD1F
:109130002DE9F04101260446002500F1700751B1E8
:10914000012974D0022971D003296CD10146384617
:10915000BDE8F04191E7802200213846F4F735F967
:10916000BD71FD713D737D73FD733D747D71BD7681
:10917000FD76212087F84000412087F84100FE203D
:1091800087F874002788702200212046F4F71DF923
:10919000278084F8646084F86560282084F866007D
:1091A00004F130000021074600F071FC1B21F98317
:1091B0003984A4F85210A4F854104FF4A470A4F801
:1091C0005600A4F8580066734FF448606080A4F815
:1091D000F050A4F8F250A4F8F450A4F8F650A4F813
:1091E000F850A4F8FA5084F8FD5084F8FF50A4F821
:1091F000065184F80451A4F81851A4F81A5184F8BF
:10920000BA5184F8BB5184F8C45184F8C55184F82C
:10921000895184F8905184F8935184F8AC51C4F882
:10922000A451C4F8A851BDE8F08100E025E0A4F8FD
:10923000065184F8FE506188FE480A460844B0FB97
:10924000F1F0A4F890004BF68030A4F89200E38887
:109250003846FFF7EAFE21463846FFF70EFFFAF7D9
:10926000E1F920B1D4F80E00FFF72DFF10B184F81A
:109270008851D8E784F88861D5E74188B4F8B831D7
:10928000B4F8B4213846BDE8F041CEE6437E0BB1D8
:10929000252B01D9122070472AB14B7B2BB1012B12
:1092A00005D01F2070470020704700F0EEB900F095
:1092B00092B910B500231A4603E0845C2343521C84
:1092C000D2B28A42F9D30BB1002010BD012010BDEB
:1092D00030B5134606E0CC18D51A14F8014C5B1EC5
:1092E0004455DBB2002BF6D130BD70B50E468CB0C4
:1092F000144601461D4610226846FFF7E9FF10227A
:10930000314604A8FFF7E4FF684600F059FD08A9BC
:109310004FF0100228461CB1FFF7DAFF0CB070BD09
:10932000F4F729F8FAE738B505460C466846FBF726
:10933000A8FB002820D09DF900002072E17E617218
:1093400094F90A100022411A00D5494295F82D30AF
:109350008B4210DCFF2B0ED0E17A491CC9B2E172BE
:1093600095F82E30994202D8A17A7F2903D1A072B4
:109370000020E0720122104638BD0C2813D00B28C3
:1093800011D00D280FD01F280DD020280BD0212858
:1093900009D0222807D0232805D0242803D0262846
:1093A00001D0002070470120704710B5A2F10F03D3
:1093B0000C2941D2DFE801F006080D1215181C40F7
:1093C000243E272EAAB337E0072A37D0082A35D003
:1093D00032E00C2A32D00B2A30D02DE00D2A2DD0CD
:1093E0002AE00C2B2AD927E0103A0B2A26D923E0B1
:1093F000032B23D990F83800F0B11B2A1ED91BE0AB
:10940000062A1BD018E01C2A18D01D2A16D01E2AA6
:1094100014D011E01F2A11D0202A0FD0212A0DD0FC
:10942000222A0BD0232A09D0242A07D0262A05D0A5
:1094300002E003E00E2A01D0002010BD012010BD83
:109440002DE9F0410C46054640F23577866805E087
:10945000F8F7D5FF3946F8F7A6FCA8602846F9F7D3
:1094600083F90028F4D08CB13046A968F9F7C8FC1C
:1094700000280BDD2044401EB0FBF4F707FB04F18D
:109480003046F8F790FCA8603846CCE60020CAE6E3
:1094900070B5044690420BD2101B642800D26420A1
:1094A00025188D4205D80421F9F7DDFC08B12846BE
:1094B00070BD204670BD11F00C0F19D04A074FF453
:1094C0001671002A03DA00BF4FF0100201E04FF0DE
:1094D000400201DA4FF0960101F5BC71A0EB0103E7
:1094E000884202D993FBF2F000E0002080B270477E
:1094F000022904D06FF00D0101EBD000F6E76FF008
:109500000E0101EB9000F1E70844184498300AB1CD
:10951000042100E0002108447047012070471068D2
:1095200008667047C10701D001207047810701D547
:1095300002207047400701D508207047002070477F
:109540002DE9F0410546164688460124084600F0FC
:1095500054FA0746404600F052FA0346FFF7E2FF8E
:1095600002463846FFF7DEFF52EA000100D1002430
:10957000990700D10022B90700D1002095F86410A6
:10958000914200D10022327095F86510814200D1DD
:109590000020707072B968B9404600F032FAB5F830
:1095A0007010401A00B247F6FE71884201DC0028B4
:1095B00000DC0024204636E610B540F6C4125410F4
:1095C000012903D0022902D0FFDF02E008B11046D2
:1095D00010BD204610BDF0B50C7C8B7BCD7B5C4074
:1095E0004B7C02886B4044EA0324467E62400023A1
:1095F000D5B2120A95FAA5F592FAA2F22D0E120E24
:1096000045EA022202EB02125B1C2244DBB292B258
:10961000032BEDD362402523B2FBF3F403FB1423A9
:1096200001EBD304837603F007070125247A05FABA
:1096300007F701E0FFDB05003C4201D0C3761AE0EA
:109640005643320C521CD2B2002403191B7D9342A4
:1096500013D300230E19367A05FA03F73E4201D0E0
:10966000521ED2B222B15B1CDBB2082BF4D306E04F
:1096700003EBC401C1760020F0BDD21AD2B2641C43
:10968000E4B2052CE1D31F20F0BDF0B5837E0C7E43
:10969000012504FB02322523B2FBF3F403FB142261
:1096A00001EBD204827602F00703247A05FA03F371
:1096B0001C4201D0C2761EE0437EB2FBF3F403FBF2
:1096C0001422521CD2B20023C418247D944214D315
:1096D0000024CE1896F8086005FA04F73E4201D03F
:1096E000521ED2B222B1641CE4B2082CF4D306E0BC
:1096F00004EBC301C1760020F0BD121BD2B25B1C8B
:10970000DBB2052BE0D31F20F0BD000030B50546CD
:10971000007801F00F0220F00F0010432870092993
:1097200012D2DFE801F0050705070509050B0F0058
:1097300006240BE00C2409E0222407E00124002089
:10974000E87003E00E2401E00024FFDF6C7030BD00
:10975000007800F00F0070470A6840F8032F8988EE
:10976000818070470A6840F8092F89888180704796
:109770000278402322F0400203EA81110A4302707A
:109780007047027822F0800242EAC11202707047EC
:1097900070B514460E4605461F2A00D9FFDF224643
:1097A000314605F10900F3F7E6FDA41D6C7070BDAC
:1097B00070B514460E4605461F2A00D9FFDF224623
:1097C000314605F10900F3F7D6FDA41D6C7070BD9C
:1097D00030B5017801F00F01032920D0052921D1EE
:1097E0004578B0F81910B0F81B40B0F81730827DFA
:1097F000222D17D1062915D34FF44865A94211D857
:10980000B4F5FA7F0ED26AB1082A0BD88A4209D27F
:109810008B4207D8B0F81D00A84205D902E0407875
:109820000C2801D0002030BD012030BD40787047A9
:1098300000B5027801F0030322F003021A4302701C
:10984000012905D0022903D0032903D0FFDF00BD81
:10985000002100E00121417000BD00B5027801F057
:10986000030322F003021A430270012905D00229E2
:1098700003D0032903D0FFDF00BD002100E0012158
:10988000417000BD007800F003007047417841B19D
:10989000C078192803D2704A105C884201D1012097
:1098A00070470020704730B501240546C170192962
:1098B00002D26948445C02E0FF2900D0FFDF6C70EF
:1098C00030BD70B514460E4605461B2A00D9FFDF91
:1098D0006C7022463146E81CBDE87040F3F74BBD82
:1098E000B0F807007047B0F809007047B0F80B00F7
:1098F000704770B5B0F80720B0F80940B0F80530EF
:109900000179951F40F67A46B54210D8B4F5FA7F32
:109910000DD261B108290AD8914208D2934206D8E3
:10992000B0F80B00B0F5486F01D8012070BD0020E1
:1099300070BD42680A60007A08717047B0F809008B
:1099400070470079704742680A60806848607047D5
:1099500080890880704750F80E2F0A604068486080
:109960007047D0F81600086070470A68426049687E
:10997000816070470968C16070470079704742682C
:109980000A608068486070470171090A4171704738
:109990008171090AC17170470172090A41727047E9
:1099A0008172090AC172704780887047C088704709
:1099B000008970474089704701891B290CD3418970
:1099C0004FF4A472914207D381881B2904D3C08825
:1099D000904201D301207047002070470A6842601E
:1099E0004968816070470179490704D04079400790
:1099F00001D00120704700207047007970474079FE
:109A00007047C08870470CB514A2D2E90012CDE9A6
:109A100000120179407901F0070269461DF8022021
:109A2000012A04D800F00700085C012801D90020B1
:109A30000CBD01200CBD0171704700797047417168
:109A400070474079704730B50C460546FB2900D970
:109A5000FFDF6C7030BD000080B301000001010227
:109A60000102020310B58C880A894B88C988A0F8C6
:109A70004430A0F84810A0F84640A0F84A2010BD95
:109A800010B5029C8181C2810382448210BD1B22D9
:109A900002838282C281828142800281028042846A
:109AA0008284828300290AD14FF4A4714183C18248
:109AB00041820182C18041818180C18401857047DA
:109AC000F0B5B0F84830818F458EC48E8B4200D3FC
:109AD0000B46B0F84A10B0F84020914200D20A4636
:109AE0004386C286068F478F00F130019E4200D226
:109AF0001E46974200D217460E814F81AB4201D1DC
:109B0000A24201D0012400E00024B0F84420C38F19
:109B1000068E858E9A4200D31A46B0F84670B0F889
:109B200042309F4200D23B4690F85A70022F08D133
:109B3000964200D232469D4200D22B46002780F842
:109B40005A700A808B80B24201D1AB4201D0012011
:109B500000E000202043F0BD508088899080C889B3
:109B6000D080088A1081488A508101201070704787
:109B700070B502884A80048E8C80838ECB80428EA2
:109B80000A81C58E4D81B0F85660AE420BD1B0F857
:109B90005250954207D1B0F858509D4203D1B0F8C9
:109BA0005430A34201D0012300E000230B73A0F83E
:109BB00052204A89A0F856208A88A0F85420CA88E2
:109BC000A0F858200120087070BD70B50C46088EB2
:109BD00091F8641000F016F8A18E0546A94200D253
:109BE0000D46208F94F8651000F00CF8618F8142CB
:109BF00000D2084601462846BDE8704000221346C0
:109C0000FFF782BC11F00C0F04D04FF4747101EB1C
:109C1000801006E0022902D0C000703001E0800010
:109C20003C3080B2704700002DE9F0410C461249EB
:109C30000D68114A114908321160A0F12001312943
:109C400001D301200CE0412810D040CC0C4F94E807
:109C50000E0007EB8000241F50F8807C3046B84788
:109C600020600548001D0560BDE8F081204601F038
:109C7000CDF8F5E70620704710050240010000010D
:109C80009CB3010010B55548F9F7ECFC00B1FFDFBB
:109C90005248401CF9F7E6FC002800D0FFDF10BD59
:109CA0002DE9F14F4E4E82B0D6F800B001274B4857
:109CB000F9F7E0FCDFF8248120B9002708F1010062
:109CC000F9F7EEFC474C00254FF0030901206060D6
:109CD000C4F80051C4F80451029931602060DFF8E3
:109CE00008A11BE0DAF80000C00617D50E2000F02E
:109CF00068F8EFF3108010F0010072B600D0012078
:109D00000090C4F80493D4F8000120B9D4F80401F9
:109D100008B901F085F8009800B962B6D4F80001DE
:109D200018B9D4F804010028DCD0D4F804010028C4
:109D3000CCD137B1C6F800B008F10100F9F79AFCB0
:109D400011E008F10100F9F795FC0028B6D1C4F83C
:109D50000893C4F80451C4F800510E2000F031F803
:109D60001E48F9F79DFC0020BDE8FE8F2DE9F04369
:109D70008DB00D46064600240DF110090DF12008A6
:109D800018E000BF04EB4407102255F8271068467E
:109D9000F3F7F1FA05EB8707102248467968F3F7E5
:109DA000EAFA6846FFF77CFF10224146B868F3F7ED
:109DB000E2FA641CB442E5DB0DB00020BDE8F0839C
:109DC0006EE7002809DB00F01F02012191404009E5
:109DD000800000F1E020C0F8801270476801002088
:109DE00004E5004000E0004010ED00E0B64900202E
:109DF0000870704770B5B54D01232B60B44B1C68DB
:109E0000002CFCD0002407E00E6806601E68002EBF
:109E1000FCD0001D091D641C9442F5D3002028606D
:109E200018680028FCD070BD70B5A74E0446A94D37
:109E30003078022800D0FFDFAC4200D3FFDF716929
:109E4000A548012903D847F23052944201DD03228C
:109E50004271491C7161291BC1609F49707800F0F3
:109E600030F9002800D1FFDF70BD70B5964C0D466B
:109E70006178884200D0FFDF964E082D4BD2DFE894
:109E800005F04A041E2D4A4A4A382078022800D09C
:109E9000FFDF03202070A078012801D020B108E066
:109EA000A06800F055FD04E004F1080007C8FFF7C2
:109EB000A1FF05202070BDE87040F8F79EB9F8F7C3
:109EC0009EFA01466068F8F79BFFB04202D26169D2
:109ED00002290BD30320F9F7ECFA12E0F8F78FFA16
:109EE00001466068F8F78CFFB042F3D2BDE87040DD
:109EF0009AE7207802280AD0052806D0FFDF042040
:109F00002070BDE8704000F0D2B8022000E00320CD
:109F1000F9F7CFFAF3E7FFDF70BD70B50546F8F744
:109F20006EFA694C60602078012800D0FFDF6A4932
:109F3000012008700020087104208D604871654878
:109F4000C86002202070607800F0BBF8002800D1C3
:109F5000FFDF70BD10B55C4C207838B90220F9F7EE
:109F6000BEFA18B90320F9F7BAFA08B1112010BDEA
:109F70005A48F8F7BFF960701F2804D001202070FC
:109F80000020606110BD032010BD2DE9F04714468C
:109F9000054600EB84000E46A0F1040800F0EBFC3F
:109FA00007464FF0805001694F4306EB8401091FBB
:109FB000B14201D2012100E0002189461CB10069B3
:109FC000B4EB900F02D90920BDE8F0872846E7F7E7
:109FD0002BF990B9A84510D3BD4205D2B84503D29C
:109FE00045EA0600800701D01020EDE73046E7F78C
:109FF0001BF910B9B9F1000F01D00F20E4E7384880
:10A0000038490068884205D0224631462846FFF785
:10A01000F1FE1AE0FFF79EFF0028D5D12A48002163
:10A020008560C0E903648170F9F7C5FA08B12E486C
:10A0300001E04AF2F87060434FF47A7100F2E730C1
:10A04000B0FBF1F01830FFF768FF0020BCE770B5F7
:10A0500005464FF0805004696C432046E7F7E4F86A
:10A0600008B10F2070BD00F086FCA84201D8102076
:10A0700070BD1B481B490068884203D0204600F091
:10A0800067FC10E0FFF766FF0028F1D10E480121C0
:10A0900084608170F9F78FFA08B1144800E0144821
:10A0A0001830FFF73AFF002070BD00F067BE10B512
:10A0B000054C6078F8F780F900B9FFDF00202070C8
:10A0C00010BDF8F7CDBB00006C01002004E5014095
:10A0D00000E40140105C0C008C0F00206B9E01001E
:10A0E0005C000020BEBAFECA50280500645E010074
:10A0F000A85B0100714909680160002070476F4941
:10A1000008600020704701218A0720B1012804D08F
:10A1100042F204007047916700E0D1670020704769
:10A1200067490120086042F20600704708B5042321
:10A13000634A1907103230B1C1F80433106840F097
:10A14000010010600BE0106820F001001060C1F801
:10A1500008330020C1F808015A4800680090002028
:10A1600008BD011F0B2909D8554910310A6822F092
:10A170001E0242EA400008600020704742F20500DB
:10A180007047000100F18040C0F8041900207047BA
:10A19000000100F18040C0F808190020704700015C
:10A1A00000F18040D0F800090860002070470128C5
:10A1B00001D907207047444A52F8200002680A4338
:10A1C000026000207047012801D9072070473E4AED
:10A1D00052F8200002688A4302600020704701287C
:10A1E00001D907207047384A52F8200000680860FB
:10A1F00000207047020035494FF0000003D0012ACB
:10A2000001D0072070470A60704708B54FF400720C
:10A21000510510B1C1F8042308E0C1F8082300205B
:10A22000C1F8240127481C3000680090002008BDB8
:10A2300008B58022D10510B1C1F8042308E0C1F8A7
:10A2400008230020C1F81C011E481430006800904B
:10A25000002008BD08B54FF48072910510B1C1F817
:10A26000042308E0C1F808230020C1F820011548A4
:10A27000183000680090002008BD10493831096886
:10A2800001600020704770B54FF080450024C5F88C
:10A290000841F9F79CF910B9F9F7A3F928B1C5F805
:10A2A0002441C5F81C41C5F820414FF0E020802131
:10A2B00080F800140121C0F8001170BD00040040B6
:10A2C000000500400801004060B40100780500402E
:10A2D0006249634B0A6863499A42096801D1C1F334
:10A2E00010010160002070475C495D4B0A685D49C0
:10A2F000091D9A4201D1C0F3100008600020704788
:10A300005649574B0A68574908319A4201D1C0F360
:10A31000100008600020704730B5504B504D1C684D
:10A3200042F20803AC4202D0142802D203E0112802
:10A3300001D3184630BDC3004B481844C0F810156F
:10A34000C0F81425002030BD4449454B0A6842F24C
:10A3500009019A4202D0062802D203E0042801D360
:10A3600008467047404A012142F8301000207047EB
:10A370003A493B4B0A6842F209019A4202D0062848
:10A3800002D203E0042801D308467047364A01216F
:10A3900002EBC00041600020704770B52F4A304E7C
:10A3A000314C156842F2090304EB8002B54204D037
:10A3B000062804D2C2F8001807E0042801D3184682
:10A3C00070BDC1F31000C2F80008002070BD70B568
:10A3D000224A234E244C156842F2090304EB800202
:10A3E000B54204D0062804D2D2F8000807E00428B9
:10A3F00001D3184670BDD2F80008C0F31000086001
:10A40000002070BD174910B50831184808601120A8
:10A41000154A002102EBC003C3F81015C3F8141548
:10A42000401C1428F6D3002006E0042804D302EBD5
:10A430008003C3F8001807E002EB8003D3F800485C
:10A44000C4F31004C3F80048401C0628EDD310BD27
:10A450000449064808310860704700005C0000208D
:10A46000BEBAFECA00F5014000F001400000FEFF48
:10A47000814B1B6803B19847BFF34F8F7F4801683A
:10A480007F4A01F4E06111430160BFF34F8F00BFC9
:10A49000FDE710B5EFF3108010F0010F72B601D098
:10A4A000012400E0002400F0DDF850B1E6F761FF80
:10A4B000F7F73FFDF8F79FFFF9F7CAFC7149002055
:10A4C000086004B962B6002010BD2DE9F0410C46C9
:10A4D0000546EFF3108010F0010F72B601D001268F
:10A4E00000E0002600F0BEF820B106B962B60820F0
:10A4F000BDE8F08100F01AFDE6F73FFF02460020BC
:10A5000001234709BF0007F1E02700F01F01D7F83A
:10A510000071CF40F9071BD0202803D222FA00F1A6
:10A52000C90727D141B2002904DB01F1E02191F8EC
:10A53000001405E001F00F0101F1E02191F8141D74
:10A540004909082916D203FA01F717F0EC0F11D0C8
:10A55000401C6428D5D3F9F759FC4B4A4B490020DD
:10A56000F9F79CFC47494A4808602046E6F763FE35
:10A5700060B904E006B962B641F20100B8E73E48AE
:10A5800004602DB12846E6F7A3FE18B1102428E098
:10A59000404D19E02878022802D94FF4805420E079
:10A5A00007240028687801D0D8B908E0C8B120286D
:10A5B00017D8A878212814D8012812D001E0A8784B
:10A5C00078B9E8780B280CD8E6F7D7FE2946F8F7D3
:10A5D000F8FEF7F76DFC00F001FA2846E6F796FE64
:10A5E000044606B962B61CB1FFF753FF20467FE769
:10A5F00000207DE710B5044600F034F800B10120DA
:10A600002070002010BD244908600020704770B5FC
:10A610000C4622490D682149214E08310E60102850
:10A6200007D011280CD012280FD0132811D00120E8
:10A6300013E0D4E90001FFF748FF354620600DE044
:10A64000FFF727FF0025206008E02068FFF7D2FF12
:10A6500003E0114920680860002020600F48001DB9
:10A66000056070BD07480A490068884201D1012091
:10A670007047002070470000840100200CED00E0CE
:10A680000400FA055C0000204810002000000020B3
:10A69000BEBAFECA68B401000400002010050240E2
:10A6A0000100000100B58F49022835D015DC10F1FA
:10A6B0000C0F2AD009DC10F1280F2CD010F1140F48
:10A6C00027D010F1100F29D121E010F1080F1AD076
:10A6D00010F1040F15D008BB1EE0C01E06281DD2C5
:10A6E000DFE800F00D0B09070503082014E0072040
:10A6F00012E0062010E005200EE004200CE003200C
:10A700000AE0FC2008E0F82006E0F42004E0F02055
:10A7100002E0EC2000E0D820086000BDFFDF00BDB3
:10A72000704900B5091D012803D0022803D0FFDFBE
:10A7300000BD032000E00420086000BD2DE9F041C9
:10A7400005460C4617461046F9F740FD4FF47A7659
:10A75000022C10D0012C10D040F634014418384699
:10A76000F9F79CFD204449F679710844B0FBF6F0F6
:10A77000281ABDE8F0813146F0E74FF4C861EDE7F3
:10A7800070B505460C460846FAF7D6FA022C10D0EA
:10A79000012C11D04FF4AF5149F6CA62511A084446
:10A7A0004FF47A7100F2E140B0FBF1F0281A801EFC
:10A7B00070BD40F24C41EFE740F63401ECE770B574
:10A7C000064615460C460846FAF7B6FA4FF47A7173
:10A7D00040F63402022D11D0012D11D01346022C67
:10A7E00011D0012C01D04FF4AF529A1A104449F6FF
:10A7F000FC621044B0FBF1F0301A70BD0B46EEE77E
:10A800004FF4C863EBE740F24C42EEE770B5044604
:10A810000E460846F9F7DAFC05463046F9F73EFDE4
:10A8200028444AF2AB3108444FF47A71B0FBF1F09E
:10A83000201A801E70BD2DE9F04106461D460C46CB
:10A840001746104600F045F806EB4601C1EBC6116D
:10A8500000EBC100022C15D0012C16D04FF4AF51E3
:10A8600046182046FAF768FA301A4FF47A7100F663
:10A87000B730B0FBF1F43846F9F718FD204428440E
:10A88000401D76E740F24C41EAE740F63401E7E745
:10A8900070B5044615460E460846F9F797FC04EBDA
:10A8A0004401C1EBC411C0EBC1043046F9F7F6FC1A
:10A8B000241A284600F00DF820444FF47A7100F66F
:10A8C000B730B0FBF1F42846F9F7F0FC2044401D06
:10A8D00070BD082803D0042801D0F9F777BC4EF6E4
:10A8E000283070470C150040F0B585B00C46054681
:10A8F000FEF7C8FF07466E78204603A96A46F5F7BB
:10A90000D6F981198EB258B1012F02D0032005B0BB
:10A91000F0BD204604AA0399F5F7EBF8049D01E089
:10A92000022F0FD1ED1C042E0FD32888BDF8001084
:10A93000001D80B2884201D8864202D14FF000004B
:10A94000E5E702D34FF00200E1E74FF00100DEE758
:10A950000B4A022111600B490B68002BFCD0084BFD
:10A960001B1D186008680028FCD0002010600868D3
:10A970000028FCD070474FF08050406970470000BD
:10A9800004E5014000E4014002000B464FF00000E6
:10A99000014620D0012A04D0022A04D0032A0DD176
:10A9A00003E0012002E0022015E00320072B05D27E
:10A9B000DFE803F00406080A0C0E100007207047B9
:10A9C000012108E0022106E0032104E0042102E065
:10A9D000052100E00621F7F7AEBC0000E2480521A2
:10A9E00081700021017041707047E0490A78012AA6
:10A9F00005D0CA681044C8604038F8F7CEB98A68F4
:10AA000010448860F8E7002819D00378D849D94A5B
:10AA100013B1012B0ED011E00379012B00D06BB9DB
:10AA200043790BB1012B09D18368643B8B4205D27A
:10AA3000C0680EE00379012B02D00BB100207047F3
:10AA400043790BB1012BF9D1C368643B8B42F5D23A
:10AA500080689042F2D801207047C44901220A70F0
:10AA6000027972B100220A71427962B104224A71FC
:10AA7000826852328A60C068C860BB490220887010
:10AA800070470322EFE70322F1E770B5B74D0446A4
:10AA900000202870207988B100202871607978B171
:10AAA0000420B14E6871A168F068F7F77CF9A860DE
:10AAB000E0685230E8600320B07070BD0120ECE720
:10AAC0000320EEE72DE9F04105460226F8F78FF85E
:10AAD000006800B1FFDFA44C01273DB12878B8B170
:10AAE000012805D0022811D0032814D027710DE0C9
:10AAF0006868C82808D30421F8F7B5F920B1686858
:10AB0000FFF773FF012603E0002601E000F014F9CF
:10AB10003046BDE8F08120780028F7D16868FFF75B
:10AB200072FF0028E2D06868017879B1A078042823
:10AB300000D0FFDF01216868FFF7A7FF8B49E078AD
:10AB400000F003F90028E1D1FFDFDFE7FFF785FF21
:10AB50006770DBE72DE9F041834C0F46E1788842CE
:10AB600000D0FFDF00250126082F7DD2DFE807F0A7
:10AB7000040B28283D434F57A0780328C9D002284A
:10AB8000C7D0FFDFC5E7A078032802D0022800D095
:10AB9000FFDF0420A07025712078B8BB0020FFF7EC
:10ABA00024FF72480178012906D08068E06000F037
:10ABB000F9F82061002023E0E078F7F74CFDF5E795
:10ABC000A078032802D0022800D0FFDF207880BBC5
:10ABD000022F08D05FF00500F8F76BFCA07803287F
:10ABE00040D0A57095E70420F6E7A078042800D0AF
:10ABF000FFDF022004E0A078042800D0FFDF01205E
:10AC0000A1688847FFF75EFF054633E003E0A078C0
:10AC1000042800D0FFDFBDE8F04100F08DB8A07837
:10AC2000042804D0617809B1022800D0FFDF207821
:10AC300018B1BDE8F04100F08AB8207920B10620B3
:10AC4000F8F737FC25710DE0607840B14749E078AE
:10AC500000F07BF800B9FFDF65705AE704E00720D9
:10AC6000F8F727FCA67054E7FFDF52E73DB1012D4E
:10AC700003D0FFDF022DF9D14BE70420C0E703200A
:10AC8000BEE770B5050004D0374CA078052806D182
:10AC900001E0102070BD0820F8F721FC08B1112058
:10ACA00070BD3548F7F726FBE0701F2806D001215C
:10ACB000F8F7FAF90020A560A07070BD032070BD00
:10ACC000294810B5017809B1112010BD81780529F6
:10ACD00006D0012906D029B101210170002010BD44
:10ACE0000F2010BD00F033F8F8E770B51E4C054694
:10ACF000A07808B1012809D155B12846FFF783FE95
:10AD000040B1287840B1A078012809D00F2070BD4B
:10AD1000102070BD072070BD2846FFF79EFE03E09F
:10AD200000212846FFF7B1FE1049E07800F00DF849
:10AD300000B9FFDF002070BD0B4810B5006900F0BE
:10AD400029F8BDE81040F7F758BAF7F789BD06486B
:10AD500010B5C078F7F730FB00B9FFDF0820F8F72F
:10AD6000A8FBBDE8104039E6880100209C0F0020B8
:10AD70003D860100FF1FA10755AB010010B5134C24
:10AD80002060201D0160114810300260001D03602A
:10AD9000002010BD0E490A6848F202139A4302438C
:10ADA0000A6070470A4A116848F2021301EA030078
:10ADB000994311607047054B02465B4210201344D3
:10ADC000FC2B01D8116000207047000000060040F5
:10ADD000C806024070477047704700001EF0040F1D
:10ADE0000CBFEFF30880EFF30980014A1047000021
:10ADF000B73E010001B41EB400B5F8F77DFD01B403
:10AE00000198864601BC01B01EBD0000826903495D
:10AE100081614FF00100104470470000F5AD010062
:10AE20000FF20C0000F10000694641F8080C20BF49
:10AE300070470000FEDF18490978F9B9042071460F
:10AE400008421BD10699154A914217DC069902293E
:10AE500014DB02394878DF2810D10878FE2807D0A3
:10AE6000FF280BD14FF001004FF000020C4B1847A8
:10AE700041F201000099019A094B1847094B002B38
:10AE800002D01B68DB6818474FF0FF3071464FF067
:10AE90000002034B1847000028ED00E000C001004D
:10AEA00071A4010004000020174818497047FFF7FB
:10AEB000FBFFE6F773F900BD15481649096888429B
:10AEC00003D1154A13605B68184700BD20BFFDE73A
:10AED0000F4810490968884210D1104B18684FF08C
:10AEE000FF318842F2D080F308884FF02021884259
:10AEF00004DD0B48026803210A43026009488047C9
:10AF000009488047FFDF0000B00F0020B00F00208D
:10AF100000100000000000200400002000C001001C
:10AF20001409004091B00000B9AE0100F0B44046F1
:10AF3000494652465B460FB402A0013001B50648AF
:10AF4000004700BF01BC86460FBC8046894692463A
:10AF50009B46F0BC704700000911000004207146B8
:10AF6000084202D0EFF3098101E0EFF3088188691C
:10AF700002380078102813DB20280FDB2C280BDB8D
:10AF80000A4A12680A4B9A4203D1602804DB094A34
:10AF90001047022008607047074A1047074A1047C9
:10AFA000074A12682C321268104700005C0000202B
:10AFB000BEBAFECA7F130000299C01000FA6010043
:10AFC000040000200D4B0E4908470E4B0C49084762
:10AFD0000D4B0B4908470D4B094908470C4B0849D5
:10AFE00008470C4B064908470B4B054908470B4BD4
:10AFF000034908470A4B02490847000051AC0000CA
:10B00000B5B00000B12F000043A80000D1A7000098
:10B01000D9AE00009B1300007577000055B000000A
:10B02000DDAD0100878200002F8400008D850000C7
:10B03000F7850000318600006586000097860000D5
:10B04000C78600005B8700006F830000B7850000A3
:10B0500013120000CD210000172200007B22000007
:10B06000012300001D240000DF2400001125000042
:10B07000EF250000D72600002B270000AD27000099
:10B08000CD270000C52D0000E92D0000092D00008E
:10B09000652D00001B2E0000AF2E00002F3D00008C
:10B0A000093E00003D4100003D420000B342000067
:10B0B0001D4300008143000017120000754400008A
:10B0C000E1440000EF270000F52700001712000000
:10B0D000171200001712000017120000FF270000CF
:10B0E00037280000AD2800001712000017120000DA
:10B0F0003922000093290000B5290000012A000030
:10B1000013120000131200001312000013120000AB
:10B110001153000097530000B3530000CF530000B9
:10B120005D550000F9530000035400004554000031
:10B1300067540000435500008555000013120000BD
:10B14000131200008F6E0000AF6E0000B96E000099
:10B15000F36E0000216F0000117000009F7000006E
:10B16000B37000000171000017720000BD73000091
:10B17000E5740000115E0000FD7400001312000071
:10B1800013120000D9A000003BA2000095A200000D
:10B190000FA30000BBA30000100110013A02000041
:10B1A0001A0200040506000007000000FFFFFFFF71
:10B1B0000000FFFF1B9D0000BF1C0000A34E00000D
:10B1C0005B5E0000117B000000000000C97D0000F4
:10B1D000A57D0000B77D0000000002000000000017
:10B1E000000200000000000000010000000000005C
:10B1F0003B6C00001B6C0000896C00007D5200005D
:10B200003F5200005F52000059940000719400000A
:10B210007B96000041370000A96C00000000000090
:10B22000D96C0000CB5200000000000000000000BC
:10B23000000000005B95000000000000C137000026
:10B24000555555D6BE898E0000006506650C651201
:10B2500000000903AD055108000055044508350CF0
:10B26000B9DF000021E100001BDF0000B7DF0000B4
:10B270008F5D0100EFE100000000000048080000C1
:10B28000480800005135000051350000A72100009A
:10B290007B9B0000DF600000B34D0000C374010021
:10B2A0008135000081350000CB2100000D9C00009D
:10B2B00067610000274E0000D97401007001700121
:10B2C000400038005C002400200200000300656C90
:10B2D0007462000000000000000000000000000098
:10B2E00000008700000000000000000000000000D7
:10B2F0000000BE83605ADB0B376038A5F5AA918346
:10B30000886C000001000000DF080100B117010097
:10B31000000000010206030405000000070000FB16
:10B32000349B5F80000080001000000000000000DF
:10B3300000000000060000000A00000032000000CB
:10B3400073000000B4000000F401FA0096006400ED
:10B350004B0032001E0014000A000500020001002C
:10B3600000410000000000002F8401006D880100F2
:10B37000178801004184010000000000B18901002C
:10B380000C0802170D010102090901010602091842
:10B39000180301010909030305000000D1A20100FF
:10B3A000E9A2010001A3010019A3010049A30100C2
:10B3B00071A301009BA30100CFA301004FA00100D6
:10B3C0008B9F0100ABA00100B7AD01006536010005
:10B3D00075360100A1360100733701007B3701008B
:10B3E0008D37010007A1010021A10100F5A0010096
:10B3F000FFA001002DA1010063A10100759C0100C7
:10B4000083A1010091A101009FA10100AFA1010052
:10B41000C7A10100DFA10100F5A10100759C010099
:10B4200000000000EFA9000045AA00005BAA000090
:10B4300089A90100A19C01006D9D010083AC010060
:10B44000C1AC0100EBAC010055340100B53901007D
:10B450000BA2010031A2010055A201007BA2010054
:10B460001C05004020050040001002008CB40100C3
:10B47000080000209401000044110000ACB4010059
:10B480009C010020140E00008011000001190545E8
:10B49000481000200539A00500200DA5C70900208F
:0CB4A000840900200A0A00200248100065
:10C0000000000220D5820400FD820400FF820400AB
:10C010000183040003830400058304000000000082
:10C0200000000000000000000000000059AD030007
:10C03000098304000000000079AD03000D830400B3
:10C04000CD5404000F83040035B8040071B404001B
:10C050000F8304000F830400994F04000F83040032
:10C060000F8304000F8304000F8304001D5304009A
:10C070000F83040019AF04000F8304000F83040032
:10C080003D53040055A903000F8304000F830400EF
:10C090000F8304000F830400457104000F83040024
:10C0A0000F8304000F8304000F8304000F83040038
:10C0B0000F8304000F830400000000000000000054
:10C0C0000F8304000F8304000F83040081B4040075
:10C0D0002D5304000F830400B5D001000F8304002A
:10C0E0000F830400000000000000000000000000BA
:10C0F000000000000F8304000000000091B4040061
:10C10000000000000000000000000000000000002F
:10C11000000000000000000000000000000000001F
:10C12000000000000000000000000000000000000F
:10C1300000000000000000000000000000000000FF
:10C1400000000000000000000000000000000000EF
:10C1500000000000000000000000000000000000DF
:10C1600000000000000000000000000000000000CF
:10C1700000000000000000000000000000000000BF
:10C1800000000000000000000000000000000000AF
:10C19000000000000000000000000000000000009F
:10C1A000000000000000000000000000000000008F
:10C1B000000000000000000000000000000000007F
:10C1C000000000000000000000000000000000006F
:10C1D000000000000000000000000000000000005F
:10C1E000000000000000000000000000000000004F
:10C1F000000000000000000000000000000000003F
:10C2000010B5054C237833B9044B13B10448AFF390
:10C2100000800123237010BD904800200000000022
:10C220003022050008B5034B1BB103490348AFF3A7
:10C23000008008BD00000000944800203022050066
:10C24000A3F5803A704700BF174B002B08BF134B74
:10C250009D46FFF7F5FF00218B460F461348144A11
:10C26000121A19F035FA0E4B002B00D098470D4BDF
:10C27000002B00D098470020002104000D000D483D
:10C28000002802D00C48AFF3008019F0DFF920003D
:10C29000290000F013F819F0B3F900BF00000800FE
:10C2A0000000000000000000000002209048002074
:10C2B00004770120000000000000000010B58AB0E3
:10C2C00000F0AEFE00F002FF28F000FC28B1852847
:10C2D00003D00121084600F075FE29F0D9F84FF08F
:10C2E0008042D2F81834DB03FBD52E4B2E4C40F2A3
:10C2F0000112C3F84025002000F052FA00F002FAC3
:10C300002A4B2B4A2B4900932B482C4B19F044F80D
:10C3100006F0B6FD012028F006FB002028F0CCFA3C
:10C32000274902A81AF00DF802A801F0E5FA254BFA
:10C330002549E41AE408240444F0030420460122B9
:10C340002BF07AF920461E4A20492BF075F9204639
:10C350001F4A20492BF070F920461F4A1F492BF035
:10C360006BF920461E4A1F492BF066F91E4A1F49E9
:10C3700020462BF061F927F09FFC1D49024620461C
:10C380002BF05AF908F0E2FD1A49024620462BF03C
:10C3900053F901F0E7F8184C22467A210F2029F0D2
:10C3A00025F9F9E700E001406C220500CDCD010040
:10C3B00091CD0100812F0200712F0200B1CD01004B
:10C3C00030C60400342205003DC6040058C60400EF
:10C3D0000022050068C604001922050078C6040082
:10C3E0002422050082C6040001C7040089C6040097
:10C3F0009AC6040095C604009DC60400704738B56F
:10C400008AB204460D460146002000F0DDF82A0CF1
:10C4100021460120BDE8384000F0D6B8F7B5012626
:10C42000324601A91F208DF8026000F023FA04466D
:10C43000002840F08380019DB5F5003F4FEA154785
:10C440007FD20146324600F089F832463146304606
:10C4500000F084F8B74269D1C5F30725B54265D12C
:10C46000394B019301990520FFF7C9FF012201A96A
:10C470001C2000F0FFF9044600285FD10199092033
:10C48000FFF7BDFF012201A9112000F0F3F90446D6
:10C49000002853D1019A052100F0C2F80446002873
:10C4A0004CD1012201A9132000F0E4F90446002830
:10C4B00044D1019A092100F0B3F8044600283DD187
:10C4C000012201A91E2000F0D5F90446002835D12B
:10C4D000019B03F07F038DF801302BB101221B4833
:10C4E0000DEB02010FF016FD012201A9182000F04A
:10C4F000C1F9044610BB019B8BB11B0C01220DF14D
:10C50000030113488DF803300FF004FD019B11481F
:10C510008DF8033001220DF103010FF0FBFC012225
:10C520000DF102010C480FF0F5FC07E0012201A912
:10C530001A2000F09FF90446002893D0204603B04B
:10C54000F0BD6FF00B04F9E7EE3FEE3F07C70400C4
:10C5500011C7040023C7040035C70400F0B58BB031
:10C5600005AC8DF80620164A8DF80710034602F137
:10C570001007264610685168254603C50832BA429E
:10C580002C46F7D10F4C1278616820682A7002AAF5
:10C5900003C2218911802BB13033DBB28DF8173003
:10C5A0008DF80B300DF10701012230460FF0B2FC7F
:10C5B00001220DF1060102A80FF0ACFC0BB0F0BD9A
:10C5C0004FC7040060C70400F0B589B0134B019257
:10C5D00003AA05460C4603F1100C17461868596863
:10C5E000164603C6083363453246F7D119889B784F
:10C5F0003180B370019BA3F57A5330353034B3F5F5
:10C600007A7F8DF80F508DF8134005D804220DEB7A
:10C61000020138460FF07EFC09B0F0BD6AC7040085
:10C62000F0B5254B8DB003AC06468C4603F1200EC9
:10C63000254618685968274603C7083373453C46A2
:10C64000F7D119889B78BB70A2F10133B3F1FD3F9C
:10C6500039802CD8D3B2C2F30721994229D1C2F331
:10C6600007438B4225D1B3EB126F4FEA126120D101
:10C670000CF1300330360DF1070260468DF80F6083
:10C680008DF8133009F096FB044668B99DF8072031
:10C69000130443EA0223134343EA026302A9042278
:10C6A000284602930FF036FC20460DB0F0BD002462
:10C6B000FAE76FF00A04F7E77DC7040007B5094DF4
:10C6C000002428688DF807404FF0FF320DF1070174
:10C6D00000F0B0FE0028F4D12AF048FE0028FBD17B
:10C6E000EFE700BFAC48002008B500F047F808BDF0
:10C6F000034B186810B1012100F093BE704700BFD2
:10C70000AC48002037B5164916482AF0D5FD18B1B7
:10C71000154A2D2128F06AFF2BF000F800F061FE89
:10C72000124C2060D0B14FF4407000F00DFD104D60
:10C730004FF440730622CDE90032286003460D4ACB
:10C740000D48002100F092FE40B9286800F03AFD43
:10C75000206803B0BDE8304000F057BE03B030BDE4
:10C7600040420F00E9C60100A0C70400AC48002009
:10C77000B0480020F7C70400BDC6010000F03AB879
:10C7800000F052B8054AD2E900316FF07F401B1823
:10C7900041F10001C2E90031704700BFB8480020F4
:10C7A00008B50E4A0E490F4828F002FD60B10E4B45
:10C7B0000E480F49C01AC0080004BDE80840022214
:10C7C00040F001002AF038BF064828F02FFDBDE8F0
:10C7D00008400448012128F091BD00BF45C901006F
:10C7E00030C8040004400020342205006C220500FB
:10C7F000FEC70400094B0A4A1B68D3F80415094B0D
:10C80000D3E900030918A1FB020143F1000302FB75
:10C810000311C00B40EA4140C90B7047044000209F
:10C8200040420F00B848002038B50F4B1A680D463B
:10C83000D2F80415D2F804359942FBD00B49D1E95E
:10C8400000240B499B1844F10002A3FB013401FBB7
:10C850000244DB0B43EA4443E40BC0E9003427F015
:10C86000D1FB286038BD00BF04400020B84800203C
:10C8700040420F002DE9F8430646894617460AB3A1
:10C880007F2822D81318802B1FD800F07FFD804608
:10C8900000F0D2F8054648B100F0AAF8044628B1E5
:10C8A000404600F078FD2046BDE8F8833A46494608
:10C8B000B0B227F079FD1DB100F086F80446EFE72D
:10C8C0002C46EDE76FF00A04EDE76FF00804EAE7A5
:10C8D000074930B50023142404FB03F5DAB26D5C7C
:10C8E000854203D00133042BF6D11A46104630BDE1
:10C8F000C048002010B5094B00211A465C788442DC
:10C9000001D11C7C34B90131042903F11403F5D1A0
:10C91000002010BD142000FB0120FAE7C0480020D1
:10C92000074A00231046117C31B10133042B02F178
:10C930001402F8D100207047142202FB0300704754
:10C94000C0480020052813B504D102B0BDE810404E
:10C95000FFF718BF0190FFF7BBFF032802461CD862
:10C96000144B142404FB0034D4E901309847637C51
:10C970000199114863B10368D3F80425E3681A44A8
:10C9800022F07F42012302B0BDE8104028F074BCC1
:10C9900002B0BDE8104028F055BC0848084B0949D2
:10C9A0001B1ADB081B0443F0010002B0BDE8104075
:10C9B0002AF042BEC04800200C400020342205006E
:10C9C0006C22050036C8040038B5084D00F0DEFCC6
:10C9D0002B78044623B9022027F078FB01232B7023
:10C9E000204600F0D8FC002038BD00BF14400020D5
:10C9F00038B50F4D00F0CAFC2B7804469BB14FF4BC
:10CA0000A0610C4800F042F84FF4C87000F098FDA7
:10CA10004FF41061074800F039F84FF4FA7000F055
:10CA20008FFD00232B70204600F0B5FC002038BDA0
:10CA30001440002024400020014B1878704700BFAC
:10CA40001440002070B5084C064600252368B34208
:10CA500003D163680BB1A06898470435182D04F121
:10CA60001004F3D170BD00BF104900201F2886BFFD
:10CA700000F01F00044B4FF0A04300F5E07053F8A6
:10CA8000200000F00100704700030050D0E90032A0
:10CA900003F01F0370B543EA421369B91F2B86BF29
:10CAA00003F01F031A4A4FF0A04203F5E07302217E
:10CAB00042F82310002070BD480754BFC1F3C004E2
:10CAC000032411F400650CBF00260326C1F30022E5
:10CAD0001F2B88BF03F01F0342EA420242EA84028E
:10CAE0008CBF0B484FF0A04003F5E07442EA0622E9
:10CAF00040F824201DB101229A40C0F808254A05BB
:10CB000042BF012202FA03F3C0F80C35D2E700BF9E
:10CB100000030050D0E9000300F01F0040EA431377
:10CB200089B11F2B8ABF094A4FF0A04203F01F03AF
:10CB3000D2F81005D84010F001001DBF01230020DD
:10CB40000B70087070476FF00A00704700030050C8
:10CB500073B5D0E9005305F01F0506460C4645EABB
:10CB6000431528F0E1F878B114F4805313D13E4A0C
:10CB700052F823108D4217D12846FFF777FF01287E
:10CB800023D16FF00A000DE028F088F80028EBD0E0
:10CB90006FF0050006E0284628F09EF9284628F0A8
:10CBA000BDF9002002B070BD0433182BE0D12F482E
:10CBB0002F4B32682F491B1ADB081B0443F002007D
:10CBC0002AF03AFD6FF01800ECE714F4F83F0AD1B0
:10CBD0002748264B2849C01AC008000440F001002D
:10CBE0002AF026FDCDE704F4C033B3F5803F2FD003
:10CBF000B3F5C03F07D0B3F5004F2DD11F4BB3F8AD
:10CC000003205B7902E01D4B1A889B78ADF8042065
:10CC10008DF80630019BADF8003022074FEA134330
:10CC20008DF8023044BF01238DF80130630748BFFF
:10CC30000323134A48BF8DF801306946284628F07F
:10CC40007DF80028BED10121284628F0F7F8A8E792
:10CC50000A4BDA881B7AD9E70548044B0949C01A00
:10CC6000C0080004BAE700BF1049002034220500C4
:10CC70006C220500A9C8040052C8040041C9040080
:10CC800045CA010071C8040070B5D0E9004304F042
:10CC90001F0444EA43142046FFF7E8FE01282CD085
:10CCA000174B00200501EE58B44207D12B449A607F
:10CCB0000122C3E900411A73002020E00130062858
:10CCC000F0D10F4D00202E7B16B903EB0013EEE7D9
:10CCD0000130062805F11005F5D10A4B0A480B4929
:10CCE000C01AC008000440F001002AF0A1FC204650
:10CCF00028F0F2F86FF0180001E06FF00A0070BD44
:10CD000010490020342205006C220500EEC8040002
:10CD100048F21953984222DC48F20253984205DC4B
:10CD2000002814BF6FF0040000207047A0F50540F4
:10CD30000338162810D8DFE800F00C220F0F0F0F71
:10CD40000F0F0F0F0F0F0F2828282828250F28282E
:10CD500025006FF0110070476FF00400704748F233
:10CD60005053984211D0A0F50540D4BF41386038E7
:10CD7000032834BF6FF00A006FF0040070476FF0B3
:10CD8000050070476FF0100070476FF00A007047A1
:10CD900008B5064B1A783AB901221A702BF05CFCE0
:10CDA000BDE80840FFF7B4BF002008BDA44A00203A
:10CDB00008B5054B187828B12BF06AFCBDE808408F
:10CDC000FFF7A6BF08BD00BFA44A002008B52BF09E
:10CDD000D3FDBDE80840FFF79BBF07B504210DEB6D
:10CDE00001002BF0C9FD019803B05DF804FB0000C1
:10CDF00010B588B007ACCDE903340023CDE90112AA
:10CE00000792009305490346022205482BF0DCFBFC
:10CE100008B0BDE81040FFF77BBF00BFB01B0500A6
:10CE20007049002010B588B007ACCDE90334002369
:10CE3000CDE90112079200930549034602220548F5
:10CE40002BF0C2FB08B0BDE81040FFF761BF00BF88
:10CE5000D41B05007049002010B504462BF058FC87
:10CE60002046BDE8104000F0ADB9000037B50546DA
:10CE70004C20019100F068F9044660B1019A07491D
:10CE80002BF02EFC20B103B0BDE83040FFF740BFCF
:10CE90002C6003B030BD6FF01000FAE71C1C0500D9
:10CEA00030B589B0CDE900239DF840500C9C069523
:10CEB0000F9DCDE904450D9D0A46CDE902450D23A0
:10CEC00001212BF03BFC09B0BDE83040FFF720BF4B
:10CED00030B587B00D9D0A9C04950C9DCDE90245A7
:10CEE0000B9DCDE90045FFF7DBFF07B030BD30B546
:10CEF00089B0CDE900239DF840500C9C06950F9D0C
:10CF0000CDE904450D9D0A46CDE902450D230021DA
:10CF10002BF014FC09B0BDE83040FFF7F9BE30B586
:10CF200087B00D9D0A9C04950C9DCDE902450B9D93
:10CF3000CDE90045FFF7DBFF07B030BD70B5054612
:10CF40004FF4A4700C46164600F0FEF878B1214666
:10CF500000F59A7304F1100251F8044B43F8044BA6
:10CF60009142F9D180F844612860002070BD6FF0D3
:10CF70001000FBE700F026B930B589B007ADCDE968
:10CF80000335CDE9011200230093079200F59A734F
:10CF900090F8442103492BF017FBFFF7B9FE09B0C5
:10CFA00030BD00BFF81B050038B5054D044645F0FF
:10CFB00001054FF47A40A847013CFAD138BD00BFC3
:10CFC00050C90400144B2DE9F047DFF850A0197048
:10CFD00005460C464FF0A0480DB9BDE8F08726463F
:10CFE000002EF9D003279AF800004FF0100928F01E
:10CFF0001BFA6420C8F80C95FFF7D6FFC8F808950F
:10D000006420FFF7D1FF013FEDD14FF47A70FFF7B5
:10D01000CBFF013EE4E700BFA54A0020A64A00205E
:10D020004FF08053D3F830210D2A36D1D3F8343164
:10D03000022B34D81B4AD35C002B0CBFFF225A2290
:10D040004FF01023D3F80832DBB2934229D01649AF
:10D050000123C1F80435D1F80034002BFBD04FF088
:10D060001020D0F8083223F0FF031343C0F8083231
:10D070000D4A0023C1F80435D2F80034002BFBD050
:10D08000BFF34F8F09490A4BCA6802F4E0621343A9
:10D09000CB60BFF34F8F00BFFDE7FF22D0E75A22DE
:10D0A000CEE7704756C9040000E0014000ED00E003
:10D0B0000400FA05044B9A6BF1EE103A136C23F05E
:10D0C0009F031364704700BF00EF00E0034BC022D2
:10D0D00083F8262340225A60704700BF00E100E039
:10D0E000024A136801331360704700BFA84A00204A
:10D0F000014B187828F098B9A64A00201FB50E4AAF
:10D10000044607CA01AB83E807000C49029418469D
:10D1100028F02AF918B10A4A282128F067FA0948A4
:10D1200028F05CF918B1064A2A2128F05FFA28F0A5
:10D1300047F904B010BD00BFB4C90400E1D001003C
:10D1400059C90400A64A002010B5044608B90020B9
:10D1500010BD083000F021F90028F8D0002303703A
:10D16000044A054B4480436013681B1B136008305E
:10D17000EEE700BF54400020ADDEADDE414338B5E0
:10D180000C4602D10023184638BD01F1080000F01A
:10D1900004F905460028F5D000F1080322460021D5
:10D1A000184618F095FA00222A70044A6A60044A68
:10D1B0006C801168091B03461160E4E7ADDEADDE4B
:10D1C0005440002010B508B30828A0F1080318D077
:10D1D00010F8082C0E495868884205D00D4B0E4AAD
:10D1E00034210E4818F0EAF9022A03D90C4B0A4AF6
:10D1F0003521F6E70B485C8850F82210214440F8AE
:10D200002210BDE81040184600F0C9B80346F8E700
:10D21000ADDEADDEC8C90400B9CA0400DFC9040030
:10D2200042CA04005440002070B50C4658B130F892
:10D23000066C10F8085CA0F10803A21B3CB9FFF7CC
:10D24000C1FF002070BD034606460546F5E7022DE6
:10D2500005D9154B154A4921154818F0AFF93BB1CE
:10D2600058681449884203D0134B104A4A21F3E707
:10D27000002A04DB114951F825108A42E1D804F153
:10D280000801184600F08DF80028DAD0094B4360F9
:10D290000A4B44800570341B53F82560344443F82E
:10D2A00025400830CEE700BF42CA0400B0CA0400DF
:10D2B000DFC90400ADDEADDE5ECA040054400020CC
:10D2C00070B50C46054608B9002070BD022905D985
:10D2D0000D4B0E4A0E48602118F070F90D4E56F8AD
:10D2E00021308342F0D3083000F057F80028EBD00B
:10D2F000094B45800470436056F824305B1B46F8A8
:10D3000024300830E1E700BF7DCA0400A2CA04004F
:10D31000DFC9040054400020ADDEADDE4143F8B566
:10D3200015460C4602D100231846F8BD022A05D93D
:10D33000114B124A1248772118F040F9114F57F853
:10D3400022308B42EFD301F1080000F026F80646A8
:10D350000028E8D000F1080322460021184618F002
:10D36000B7F9094A74803570726057F82510091BA7
:10D3700047F825100346D7E77DCA040094CA040085
:10D38000DFC9040054400020ADDEADDE08B51DF05D
:10D39000CBFA002008BD1DF0D1BA1DF0E7BB1DF08F
:10D3A00061BC70B50C46064628B9C1B1BDE87040F5
:10D3B00008461DF0DBBB91B108461DF0D7FB0546C2
:10D3C00058B156F8042C083AA24228BF22463146EA
:10D3D00018F070F930461DF045FC284670BD254612
:10D3E000FBE738B50420FFF7AFFE044658B105222D
:10D3F0000421002000F0BBF80546206018B9204643
:10D40000FFF7E0FE2C46204638BD10B5044638B183
:10D41000006800F0DDF82046BDE81040FFF7D2BEFE
:10D4200010BD07B50068019101A900F0E3F803B051
:10D430005DF804FB006800F005B90000034B0360D1
:10D44000034B0B6080231360704700BF084B002024
:10D45000644D0020034B0360034B0B60802313607B
:10D46000704700BFAC4A0020644B00202DE9F04318
:10D4700085B089469DF8347016469846054620B911
:10D480000024204605B0BDE8F083002AF8D0002B28
:10D49000F6D0062FF4D86020FFF756FE0446002889
:10D4A000EED00346002243F8042B0C9AC7F106077E
:10D4B0000332CDE90183284600974B469208314656
:10D4C0001CF0AAFB054620600028DAD12046FFF7B1
:10D4D00079FE2C46D5E710B5044620681CF02EFCDA
:10D4E00018B901201CF094FDF7E7002010BD10B51D
:10D4F0000468FFF767FE20461CF0D6FB002010BD35
:10D5000008B51CF091FC044B002158434FF47A738A
:10D51000B0FBF3F008BD00BF40420F0013B5074C4D
:10D5200023782BB901902AF09FFE012301982370E4
:10D5300002B0BDE810402AF0B5BE00BF644F002025
:10D5400013B5074C23782BB901902AF08DFE0123E7
:10D550000198237002B0BDE810402AF097BE00BFCA
:10D56000644F002008B51CF01DFC002008BDF7B575
:10D5700005465C200F461646FFF7E6FD044670B1EF
:10D580000023456580F858307DB906FB07F0FFF7AA
:10D59000DBFD606530B92046FFF714FE002420460D
:10D5A00003B0F0BD012384F8583000230093626D6E
:10D5B000231D394630461BF031FF20600028EED194
:10D5C00094F85830002BE6D0606DFFF7FBFDE2E7E2
:10D5D00010B5044668B190F8583013B1406DFFF7AC
:10D5E000F1FD20681CF0AAF92046BDE81040FFF7C5
:10D5F000E9BD10BD1FB50446019100F04BF801993B
:10D600000346C0B100232068039303AA1BF0D8FF90
:10D61000039B012B08D10A4B4FF080525A6040BF48
:10D62000BFF34F8FBFF36F8F00280CBF6FF00B005D
:10D63000002004B010BD024620681BF02BFFF3E76A
:10D6400000ED00E030B5144685B00546F8B1019113
:10D65000E9B100F01FF8019960B100232868039335
:10D6600003AA1CF015F9002814BF00206FF00B006E
:10D6700005B030BD631C05D024B14FF47A735C4310
:10D68000B4FBF3F4286822461BF0F2FFEBE76FF0DF
:10D690000A00EDE7EFF30580003818BF012070475E
:10D6A00076DF704778DF70477ADF70477CDF70473E
:10D6B0008FDF704708B50648042102F0AFFE30B195
:10D6C000BDE80840034A4FF4007127F08FBF08BD42
:10D6D000684F0020BFCA0400014AB82127F086BF66
:10D6E000BFCA0400024A40F21D1127F07FBF00BFED
:10D6F000BFCA0400032809D0042811D0B8B90C48C7
:10D700000C4B0D49C01AC008000405E00848094B3D
:10D710000A49C01AC008000440F0030029F088BF7D
:10D720000348044B0649C01AC0080004F4E77047D8
:10D730006C220500342205003ACB040016CB04000D
:10D7400028CB04000388212B13B5044651D005D8FB
:10D75000102B16D0112B3BD002B010BD3B2B59D053
:10D76000562B65D0262BF7D1BFF34F8F3549364B5B
:10D77000CA6802F4E0621343CB60BFF34F8F00BF6F
:10D78000FDE7324B3248A2883249C01AC008000473
:10D7900040F0030029F050FFA08800F0E1FA2E4885
:10D7A00042884FF6FF739A4208D1A18803F02AF904
:10D7B00020B12A4A40F27B1127F018FF02F070FCDA
:10D7C0000028C9D1002002B0BDE81040FFF772BFA9
:10D7D0001E4B1F482249C01AC008000440F0030035
:10D7E00029F026FF002027F07BF8A08800F094FAAB
:10D7F000E4E7002380888DF8043001A98DF8053016
:10D80000FFF756FF0028A7D0144A4FF4CE7127F037
:10D81000EDFEA1E780881321FFF742FF00289BD08F
:10D820000E4A4FF4D27102B0BDE8104027F0DEBEC0
:10D8300080881321FFF734FF00288DD0074A40F27B
:10D84000AB11F0E700ED00E00400FA05342205001A
:10D850006C2205004CCB04007C500020BFCA0400A1
:10D8600069CB040010B50378022B044609D1104897
:10D87000104B1149C01AC008000440F0030029F001
:10D88000D7FE2378032B09D109480A4B0B49C01A4C
:10D89000C008000440F0030029F0CAFE237833B921
:10D8A000A28A21692089BDE8104000F085B910BD29
:10D8B0006C2205003422050076CB04008ECB0400D8
:10D8C00010B5044601F014FB2046BDE8104001F0FD
:10D8D000BBB8000008B503785BB940883B21FFF76F
:10D8E000DFFE30B1BDE80840024A40F2111127F0D6
:10D8F0007DBE08BDBFCA040010B5ACB0044629F017
:10D900000FFB29F0CFFA20B16F4A4FF4E37127F0F3
:10D910006DFE002301A90120019329F091FB20B1A4
:10D92000694A4FF4E67127F061FE01A829F0DEFB99
:10D9300020B1654A4FF4E87127F058FE11232046C4
:10D940008DF8003018F005FD214682B26846FFF7D9
:10D95000ADFE18B15C4A932127F048FE4FF40070E9
:10D96000FFF7A0FE18B1584A962127F03FFE142376
:10D97000ADF80430C823ADF806300623ADF8083002
:10D9800001A84FF4C863ADF80A30FFF78DFE18B157
:10D990004D4AA02127F02AFE4C48002102F0C6FE85
:10D9A00018B1494AAA2127F021FE494B4948019361
:10D9B00001A903F015F818B1434ACD2127F016FE4E
:10D9C000454B46480093694600F0B4FA18B13E4A08
:10D9D000D62127F00BFE424800F04CFC18B13A4A21
:10D9E000DA2127F003FE00F03BFD18B1364AE621AC
:10D9F00027F0FCFD31238DF8043007238DF8053026
:10DA000010238DF8063001A803238DF807308DF818
:10DA1000083000F0C5FD18B12B4AF92127F0E6FDCA
:10DA2000304800F0A5FD18B1274AFC2127F0DEFDA3
:10DA3000AC22002101A817F04BFE06232A4A8DF8DC
:10DA400007300123ADF8143006928DF87C300222A5
:10DA50008DF881304FF4C8638DF8402025934FF442
:10DA6000A072224B2248239201A92A9302F066FC5D
:10DA700020B1154A4FF4FA7127F0B8FD1C48012176
:10DA800002F059FC1422002101A817F021FE47F2F0
:10DA9000305341F28832CDE9022302238DF8103051
:10DAA000144B069301A8144B079302F0A7F920B179
:10DAB000054A40F2351127F099FD104800212CB09D
:10DAC000BDE8104029F058BBBFCA040064500020D4
:10DAD000D9D601007C50002065D801008840002084
:10DAE00064400020C1D8010060400020F5D601004C
:10DAF000684F0020D5D80100E5D60100B5D6010059
:10DB000073B50D4DADF8062004460E4623460DF1C3
:10DB100006023146284600F0BBFA082809D013282F
:10DB2000F4D0052805D020B1044A40F21F2127F087
:10DB30005DFD02B070BD00BF88400020BFCA040078
:10DB4000F0B5194B1F884FF6FF739F4291B0064600
:10DB50000D460CD1154B16481649C01AC0080004D2
:10DB600040F0020011B0BDE8F04029F061BD084668
:10DB700018F0EFFB841C2F23E4B228468DF8003008
:10DB80008DF801408DF8026018F0E3FB294602464B
:10DB90000DF1030017F08EFD621C69463846FFF751
:10DBA000AFFF11B0F0BD00BFAC4000203422050033
:10DBB0006C220500A7CB04002DE9F043464B474CEF
:10DBC000E41AE4082404161E99B00746894644F076
:10DBD000030502DC424928465FE0424BB3F800806F
:10DBE000804507D040490246284619B0BDE8F043B9
:10DBF00029F022BD0B780C2B61D005D80A2B09D057
:10DC00000B2B35D03949E6E7202B62D0212BF9D1F7
:10DC10003749E0E73749284629F00AFD512200211B
:10DC200003A817F055FD01238DF80C308DF80D3049
:10DC3000142300218DF811300DF11D0207AB384679
:10DC40008DF80E1017F06EFC20B12B4944F0010046
:10DC500029F0EEFC0DF10D0000F080FB9DF81C207A
:10DC600003A911323846FFF74BFF19B0BDE8F08326
:10DC70002249284629F0DCFC0023721E0093D2B210
:10DC80001F4B09F10101404617F0AEFB831C09D080
:10DC9000013009D11B4944F0010019B0BDE8F0433F
:10DCA00029F0C6BC1849F6E71849284629F0C0FCF7
:10DCB00002238DF80C30012203A94046D3E7144912
:10DCC000284629F0B5FC0021404617F00BFC032341
:10DCD000EFE710497FE700BF342205006C22050002
:10DCE000F2CB0400AC40002017CC04001ACD040095
:10DCF00005CD040037CC04005ACC040088CC0400C5
:10DD0000B0400020A6CC0400B5CC0400D4CC040064
:10DD1000DCCC0400EECC040038B50D4D2B888342DA
:10DD200002464FF6FF7404D1002117F0DBFB2C8074
:10DD300038BDA342FCD00748074B08491B1ADB0833
:10DD40001B0443F00200BDE8384029F075BC00BF59
:10DD5000AC400020342205006C22050032CD0400C6
:10DD60000A4A13884FF6FF718B4201D11080704729
:10DD700083420AD0064A074B07499B1ADB081B045B
:10DD8000024643F0030029F057BC7047AC40002026
:10DD9000342205006C22050052CD0400A8DF704734
:10DDA000ADDF7047AEDF704762DF7047F0B5044605
:10DDB0008BB00D46002979D0002877D00388502BEE
:10DDC00043D0572B00F08680102B6FD18188686973
:10DDD000002301AA019302F073FE50B15248534B45
:10DDE000A2885349C01AC008000440F0010029F07D
:10DDF00023FC0023ADF80A302989A088CDF80CD087
:10DE0000022302AAADF80830FFF7CAFF00284DD15F
:10DE1000AB69002B4AD0039802F0CBF9002845D01B
:10DE2000019E0EB1012333701822002104A817F0BF
:10DE30004FFC02238DF81030A388ADF81830AB6981
:10DE40000595079604A8984730E08188686902AA7A
:10DE500002F036FE50B13448344BA2883449C01A1F
:10DE6000C008000440F0010029F0E6FB1822002160
:10DE700004A817F02DFCA3882989ADF81830E38891
:10DE8000029A05959942079217D1268A022E14D13B
:10DE900062B104F1120002F08CF9029B40B1012240
:10DEA0001A708DF81060AB69002BCBD10BB0F0BDB0
:10DEB000187003238DF81030F5E7AA899A42F5D13E
:10DEC000AB69002BF2D004F112020892228AADF85D
:10DED0002420B7E78188686902AA02F0F1FD0146B3
:10DEE00058B1124B1048A2881149C01AC00800044A
:10DEF00040F0010029F0A0FBD8E7029F3B78002BFF
:10DF0000D4D0AE69002ED1D0182204A817F0E0FBBF
:10DF100001238DF81030A3880595ADF818300797C8
:10DF200004A8B047C2E700BF6C22050034220500F8
:10DF30006FCD0400F0B5534B91B004AD04460A46D2
:10DF400003F1100C2F46186859682E4603C6083393
:10DF500063453546F7D14C4B18689B880290ADF865
:10DF60000C30002C00F08C80002A00F089801368AF
:10DF7000A36121463846FFF717FF00287ED12246CD
:10DF800001A912F8023B8DF80630012048F6D07343
:10DF9000ADF80430FFF702FF00286FD120220146C0
:10DFA00027460DEB020017F093FB49F21C43ADF836
:10DFB000203017F80C3B8DF822300623ADF82430C2
:10DFC00002AB0A939DF82D30608843F002030125CF
:10DFD0008DF82D303A46022308A98DF834508DF87B
:10DFE000313002F0EAF8002848D1202201460DEB3A
:10DFF000020017F06DFB49F68A13ADF82030237844
:10E000008DF82230BDF82C30204E6088099623F41C
:10E010004F6323F00F0343F440632B433A4608A9B0
:10E02000ADF82C308DF831508DF8325002F0C5F833
:10E0300020BB202201460DEB020017F049FB2246CF
:10E0400049F6F223ADF8203012F8043B8DF8223067
:10E05000BDF82C306088099623F4875323F01F0302
:10E0600043F480532B43ADF82C3008A940F2011340
:10E070008DF83150ADF8323002F09FF811B0F0BD9C
:10E080000E20FBE7B5CD0400AFCD04006100010018
:10E09000F0B50F4687B016461C46054610B34069DA
:10E0A00001AA194602F00CFDD0B94FF6FF739C424D
:10E0B0001AD0019BC3B11B78C3B13388612B17D829
:10E0C000AB88CDF80B008DF80F00ADF8083002A931
:10E0D00001232046CDE904678DF80A30FFF762FE80
:10E0E00007B0F0BD0E20FBE70520F9E70820F7E7B1
:10E0F0000720F5E7A8DF7047ADDF704762DF7047A4
:10E1000070B504468AB00D46002900F0A0800028B2
:10E1100000F09D800388502B42D0572B00F0858063
:10E12000102B40F0948081886869002301AA019334
:10E1300002F0C6FC50B14C484C4BA2884C49C01A66
:10E14000C008000440F0010029F076FA0023ADF881
:10E150000A302989A088CDF80CD0022302AAADF894
:10E160000830FFF7C9FF002871D1AB69002B6ED0D2
:10E17000039802F01EF8002869D0019E0EB1012319
:10E1800033701822002104A817F0A2FA02238DF898
:10E190001030A388ADF818300595AB69079630E0CC
:10E1A0008188686902AA02F08BFC50B12E482F4B7F
:10E1B000A2882F49C01AC008000440F0010029F0CD
:10E1C0003BFA1822002104A817F082FAA3882989B3
:10E1D000ADF81830E388029A05959942079218D154
:10E1E000268A022E15D1002A31D004F1120001F046
:10E1F000E0FF029B40B101221A708DF81060AB69FC
:10E200002BB304A8984722E0187003238DF8103030
:10E21000F5E7AA899A421AD1AB69C3B104F1120297
:10E220000892228AADF82420EBE78188686902AA67
:10E2300002F046FC014660B10B480C4BA2880C4929
:10E24000C01AC008000440F0010029F0F5F90AB036
:10E2500070BD029E3378002BF9D0182204A817F065
:10E2600037FA012393E700BF6C2205003422050032
:10E270006FCD04002DE9F041344B92B002AA044660
:10E2800003F11006904618685968154603C508330F
:10E29000B3422A46F7D12E4B06AA03F110071646C1
:10E2A00018685968154603C50833BB422A46F7D19A
:10E2B000002C48D0274D284F00212B4608463A46CF
:10E2C00017F030F92B782146103340462B70FFF7BA
:10E2D00015FFA8BB224601A912F8023B8DF80630B3
:10E2E00001204FF47953ADF80430FFF703FF38BB3A
:10E2F0000DF103013046FFF701FF08BB0146202264
:10E300000AA817F0E5F94DF6D513ADF828309DF8B9
:10E3100003308DF82A302B78ADF82C3001238DF89E
:10E320003C309DF8353060880C9743F002038DF83F
:10E330003530221D02230AA98DF8393001F03DFF46
:10E3400012B0BDE8F0810E20FAE700BF23CE040032
:10E3500033CE0400D850002088500020094B1B7891
:10E36000502B01460AD9084A08480949801AC008B2
:10E370000004502240F0010029F067B905481A4610
:10E3800017F098B9D8500020342205006C220500FF
:10E39000C5CD040088500020F8B5074D074E07464C
:10E3A00000243378A34200DCF8BD55F8043B38461E
:10E3B00098470134F5E700BFE4500020F3500020F7
:10E3C00070B5204B1B7886B00446002B37D00388ED
:10E3D00085881D4E102B2DD10021142201A88DF807
:10E3E000031017F075F901238DF804304FF6FF7311
:10E3F000ADF8083004F10803039301A80DF10303FD
:10E400000493ADF80650FFF7C7FF28469DF8032098
:10E41000317801F083FE9DF8030080B9204603F0B7
:10E420003DFA204601F0ACFB204606B0BDE8704046
:10E4300002F050BE3178284601F058FEEDE706B0F4
:10E4400070BD00BFF2500020F840002008B1FFF777
:10E45000A3BF7047FFF7A0BFFFF79EBFFFF79CBFAA
:10E4600010B503F06BFB80B127F0B6F8324C334A9D
:10E47000334903463348241AE408240444F00100D5
:10E4800029F0E3F80324204610BD03F0E1FD50B16C
:10E4900027F0A2F8284C294A2B4903462948241A78
:10E4A000E4082404EAE701F03DFB50B127F094F8BA
:10E4B000214C224A254903462248241AE408240410
:10E4C000DCE700F03FFE50B127F086F81A4C1B4AFB
:10E4D0001F4903461B48241AE4082404CEE702F02F
:10E4E00061FD50B127F078F8134C144A19490346DE
:10E4F0001448241AE4082404C0E702F02DFF04465F
:10E5000050B127F069F80C4C0C4A134903460D48EA
:10E51000241AE4082404B1E7104B4FF6FF721A8066
:10E520000F4B18600F4B18700F4B01221A7001F03F
:10E53000D3FD0E4B1870A6E7AC220500DCCF04001B
:10E5400043CE0400342205006DCE040097CE0400B3
:10E55000C0CE0400EACE040014CF0400F050002026
:10E56000F8500020F4500020F2500020F840002025
:10E57000084B1B7853B1084A1378022B08D8074977
:10E5800041F82300013313700020704708207047C2
:10E5900004207047F2500020F3500020E450002087
:10E5A000034B1B780BB101F005BB0820704700BF7F
:10E5B000F250002008B5054B1B782BB101F018FB79
:10E5C000082808BF112008BD0820FCE7F2500020F1
:10E5D000034B1B780BB101F0E3B90820704700BF73
:10E5E000F2500020034B1B780BB103F0F3B8082066
:10E5F000704700BFF25000202DE9F04F87B08146F0
:10E600000193334B1B7888461646002B5ED04FF69D
:10E61000FF7003F0B8FB00250423CDE9025302ABE1
:10E62000059304AA03AB06210446049503F0D2FA2D
:10E63000072849D04FF6FF77BB464FF0FF3AF0B1BD
:10E64000052825D04FF6FF739C422DD1A34529D034
:10E65000A7420CBF05200020B9F1000F01D0A9F896
:10E6600000B0B8F1000F01D0C8F8005006B13780F3
:10E67000019B0BB1C3F800A007B0BDE8F08F029B6F
:10E68000AB4224BFA3461D4653453CBF27469A468E
:10E69000204603F078FB03AB04AA0621044603F0EE
:10E6A00099FACCE70520D7E726F096FF094D0A49ED
:10E6B00002460A482D1AED082D0445F001002346B4
:10E6C00028F0C3FF0320D7E70520D5E70820D3E7CC
:10E6D000F2500020AC2205003FCF04003422050098
:10E6E00038B50C4C0C4D00231A4621462846FFF73E
:10E6F00083FF05280AD14FF6FF732B800023236088
:10E70000431F58425841054B187038BD0028F7D1B7
:10E710000120F8E7DC500020F0500020F4500020E9
:10E72000F0B5044687B0808802F0E6FF2378608069
:10E73000093B032B20D8DFE803F002253569637A13
:10E740005BB9414A116851B1E068814207D1136059
:10E750003E4AA1881180E3600EE0012B0CD13C4BB6
:10E760001B784BB1394BA2881B889A4204D1237A7B
:10E77000062B01D1FFF7B4FF204607B0BDE8F040FB
:10E78000FFF70ABE637A002BF6D12F4A11680029E1
:10E79000F2D0E0688142EFD12E4913600A68013A55
:10E7A0000A60D8E72C4F3B786BB90125284B1B78C2
:10E7B00033B1264BA2881B889A4201D1FFF790FF04
:10E7C000002D3ED0D8E74FF6FF7003F0DCFA4FF68D
:10E7D000FF7398420546E8D103F0D7FAA8420646EF
:10E7E000E3D100251422294601A83D7016F070FFE0
:10E7F0000D2320468DF80430ADF80860ADF80660B2
:10E80000FFF7CAFD01A8FFF7C7FDCFE7124B1A7843
:10E81000002AB1D00021142201A8197016F058FF67
:10E820000E238DF804304FF6FF73ADF80830ADF8C5
:10E8300006302046A3680393FFF7AEFD01A8FFF75B
:10E84000ABFD07B0F0BD00BFF8500020F050002035
:10E85000F4500020DC500020E05000202DE9F04171
:10E86000374B1B7888B00546002B65D0354B364CAE
:10E8700093E80300237801AF87E803004BB1DFF88A
:10E88000D480D8F8004054B11124204608B0BDE827
:10E89000F081FFF725FF2378002BF5D0EFE72B4A17
:10E8A0002B4E12883368AA421DD1F3B1142221469F
:10E8B00003A816F00DFF092328468DF80C3002F04E
:10E8C0001BFF0623ADF814309DF81C30ADF80E0088
:10E8D00064F3000303A8ADF8105006948DF81C30C3
:10E8E000FFF75AFDD1E75A1C28D00133194A33608B
:10E8F0003946284603F0DAF904460028C5D000233B
:10E90000C8F800303368112803F1FF333360BBD0FF
:10E910008628BAD00728B8D026F05EFE0E4C0F49E4
:10E9200002460F48241AE408240444F001002B4650
:10E9300028F08BFE0324A8E70824A6E71324A4E705
:10E94000F2500020D4CF0400F4500020F0500020FA
:10E95000DC500020F8500020AC22050087CF0400D6
:10E960003422050076DF704773B5054679B901A9F1
:10E97000FFF72EFE43F20202904204D018B12A4A59
:10E98000B22126F033FE9DF804309B074AD40021C3
:10E990002846FFF70FFE0646002843D0112841D035
:10E9A000224C234BE41AE4080D284FEA044416D104
:10E9B00044F002041F4920462A4628F03DFE132158
:10E9C0002846FFF7CFFF68B326F006FE1A49024635
:10E9D0002B46204602B0BDE8704028F036BE0B281A
:10E9E00008D116492A4644F0020002B0BDE8704042
:10E9F00028F022BE43F20203984202D110492A466F
:10EA0000F1E726F0E9FD0F4902462B4644F00100EC
:10EA100028F01BFE044AE121304602B0BDE87040F8
:10EA200026F0E4BD02B070BDE4CF0400C4220500AE
:10EA3000342205006CD00400DDD0040014D10400A1
:10EA400072D10400BCD104002DE9F0410378152BEC
:10EA500086B0044604D8062B05D84BB3032B50D000
:10EA600006B0BDE8F081073B0E2BF9D801A252F8A1
:10EA700023F000BF21EB010061EA0100EDEB010092
:10EA800061EA0100EDEB010061EA010061EA0100C9
:10EA900061EA010061EA010061EA010061EA010046
:10EAA00061EA010061EA0100F5EB010041EC0100BF
:10EAB0008088FFF7D3FE862801D0112813D167493B
:10EAC000674A0B68A08822F8130001335A4202F00B
:10EAD000070203F0070358BF53420B6006B0BDE8BE
:10EAE000F04100F0D3B8132803D85E4BC340DB07D6
:10EAF000B6D45D4A4FF4AE7106B0BDE8F04126F0E1
:10EB000075BD037A012BABD884881422002101A89B
:10EB100016F0DEFD01A8ADF80840FFF795FF9FE76E
:10EB2000524E3378002B9BD1514B524D524F53498B
:10EB3000ED1AED082D0445F00308404628F078FD55
:10EB40003B78002B43D101A827F004FD044620B1F7
:10EB5000454A40F2811126F049FDBDF80A30002BEC
:10EB600014BF012200223A702ED101AA194618467C
:10EB7000FFF742FD044690B9BDF8042040494046E5
:10EB800028F05AFDBDF80400FFF72CFD044620B123
:10EB9000354A4FF4C67126F029FD01233B70052C40
:10EBA00005D1384945F0010028F042FD58E7062C10
:10EBB00003D1354945F00200F6E744B12A4A40F254
:10EBC0009911204626F012FD002C7FF449AF27F062
:10EBD0006BFC10B90123337042E748F207629042A0
:10EBE0003FF43EAF204A4FF4D37185E7224B012218
:10EBF0001A7035E71D4B1A4D00241C701E4B1C70FB
:10EC0000164B1F684FF6FF76E3195A4202F00702CF
:10EC100003F0070358BF534235F81380B0450BD0BB
:10EC200025F813601422002101A816F051FD01A857
:10EC3000ADF80880FFF708FF0134082CE4D10FE796
:10EC40000A4B00221A70836848F20D6293423FF427
:10EC500045AFB3F5064F7FF403AF3FE70051002007
:10EC6000FA400020C1000800E4CF0400FC5000205E
:10EC700034220500C4220500F9400020F7D1040029
:10EC800012D204003CD204005AD204007FB51422F0
:10EC9000002101A816F01CFD072301A88DF80430FF
:10ECA000FFF7D2FE07B05DF804FB000030B5027834
:10ECB00085B00446152A00F2E780DFE812F02C0048
:10ECC0002C002C0016002E002C002C0047005400B5
:10ECD00061007C009700A500B900C2002C00CD00A7
:10ECE0002C002C002C002C00D80040886B4D01F02B
:10ECF0008DF96B4B227A6B49ED1A6B4BED0853F88B
:10ED000022306A4A00932D0452F82020638845F08F
:10ED1000030028F0A4FC05B030BD40885F4D01F031
:10ED200075F95F4B6249ED1A63890193227A5E4B54
:10ED300053F8223000935D4A638852F82020ED0892
:10ED40002D0445F0030028F096FCE4E75348544BAB
:10ED50005849C01AC008000440F0020005B0BDE8E0
:10ED6000304028F065BC806826F036FC4B4B524999
:10ED700002464B481B1ADB081B0443F001003EE02F
:10ED8000474B4648617A4D4D227AC01A4C4B53F896
:10ED90002110237C13F0010F4A4B18BF2B46CDE9FD
:10EDA0000013C008484B494953F82230A288000498
:10EDB00040F00300C7E7017A434B828853F82130C3
:10EDC000407A3F49039251F8205020690293334C16
:10EDD00026F002FC3249641AE4082404CDE900500C
:10EDE000DDE902323A4944F00200ACE72B482C4BF3
:10EDF000A2883849C01AC008000440F0010005B0DC
:10EE0000BDE8304028F018BC82888068029226F065
:10EE1000E3FB224C029A304903462148241AE408B5
:10EE2000240444F0010005B0BDE8304028F00DBCDA
:10EE30001A481B4B2949C01AC008000440F00300BF
:10EE40008CE7806826F0C8FB144B2549024614481D
:10EE50001B1ADB081B0490E7114B104862882149FC
:10EE6000C01AC0080004A38840F00200DBE78068F5
:10EE700026F0B2FB094B1C49024609481B1ADB0865
:10EE80001B0443F00200BAE70448054B1749C01AB7
:10EE9000C008000440F00200B1E700BFC422050032
:10EEA0003422050099D2040064D6040058D6040028
:10EEB000D6D2040028D304003ED304005E08050027
:10EEC00028D6040069D3040030D6040075D30400AA
:10EED000B8D3040002D4040029D4040056D404009A
:10EEE00069D404008DD40400C9D40400F8D404000B
:10EEF00010B50446FFF7DAFE217821B96088BDE835
:10EF00001040FFF731BD082912D10A480A4B0B49BE
:10EF10001B1ADB081B0443F0010028F089FBA068E2
:10EF200030B1BDE81040064A40F2271126F05EBB22
:10EF300010BD00BF34220500C422050016D5040010
:10EF4000E4CF04007EDF70477FDF704786DF7047C5
:10EF500010B50378182B044602D101F0BDF82070DB
:10EF600010BD10B50446408802F098FBA0802046F2
:10EF7000BDE8104000F078BD10B586B004461422FC
:10EF8000002101A816F0A4FB052301A88DF8043088
:10EF9000ADF80640FFF7E5FF06B010BD30B587B00D
:10EFA00005460C461422002101A816F091FB082307
:10EFB00001A88DF80430ADF806500394FFF7D1FF97
:10EFC00007B030BDF0B587B004460F4616460021A5
:10EFD000142201A81D4616F07BFB04238DF8043093
:10EFE000094BADF8064019788DF80C7000222046C8
:10EFF000ADF80E608DF8105001F090F801A8FFF701
:10F00000B0FF07B0F0BD00BF0B4100207FB5032368
:10F010008DF804300388ADF8063043798DF80D1073
:10F0200013F0040F14BF0123022301A88DF80C3044
:10F03000FFF797FF07B05DF804FB000030B5144BF5
:10F0400087B00C4601221978054601F067F8114B8C
:10F05000221E1978284618BF012201F05FF8631EAE
:10F060005A425A410C4B2846197801F057F814229D
:10F07000002101A816F02CFB022301A88DF8043012
:10F08000ADF806508DF80C40FFF76BFF07B030BDB0
:10F090000B4100200D4100200C4100202DE9F047DC
:10F0A000224B0F4619780446904601F01FF80028BD
:10F0B00039D01F4B2046197801F018F8014678B373
:10F0C0001C4B2046197801F011F8002804F58070D7
:10F0D0004FF0070180B214BF4FF001094FF0020951
:10F0E00003F074F8064698B1052811D026F074FA9A
:10F0F000114D1249024612482D1AED082D0445F013
:10F100000100234628F0A1FA31462046FFF746FFCA
:10F1100043463A4649462046BDE8F047FFF752BF0E
:10F1200043463A46F7E7BDE8F08700BF0B410020B1
:10F130000D4100200C410020EC22050070D6040097
:10F1400034220500F8B5154F154E164D164C3846AD
:10F15000FFF7FEFE3046FFF7FBFE2846FFF7F8FEFE
:10F160002046FFF7F5FE3B78182B08D03378182B94
:10F1700005D02B78182B02D02378182B0BD10B4BF2
:10F180000B480C49C01AC008000440F0010028F0E8
:10F190004FFA0320F8BD0020FCE700BF0B41002020
:10F1A0000D4100200C4100200A41002034220500BE
:10F1B000EC220500D9D604002DE9F0418AB00D46B5
:10F1C0009046044600F022FF20220646002102A8B5
:10F1D00016F07EFA012E08D1424B00221978204603
:10F1E00000F09CFF35B9852716E0002EFAD143F2D6
:10F1F00002014AE0204602F051FA4FF6FF739842AE
:10F2000012D100272B78DB0722D4374BCDF814809E
:10F210000993012E18BF0025394602AB2A46204625
:10F22000FFF792FE014630E0012EEAD12D4F204635
:10F23000397800F05BFF0028E3D12046FFF79CFE01
:10F240003978204600F052FF0028DAD18527D9E727
:10F25000852FDED004F5807007216B46012280B235
:10F2600002F042FF112801460FD090B126F0B4F908
:10F270001E4D1F4902461F482D1AED082D04234636
:10F2800045F0010028F0E1F9032108460AB0BDE885
:10F29000F0810198502216F01BFA01990B46204686
:10F2A00003F8346B029301F1180306934B1C079388
:10F2B00011310D4BCDF81480099302F001FA0028AA
:10F2C000A7D026F089F9094D0B49024609482D1AA5
:10F2D000ED082D04234645F0020028F0B6F9082178
:10F2E000D3E700BF0A41002004510020EC220500B2
:10F2F00048D7040034220500AAD7040038B50546D3
:10F300000C4600F083FE012808D154B1214628465E
:10F31000FFF718FE042808BF112038BD43F2020091
:10F32000FBE72046F9E700002DE9F0470388113B91
:10F330008AB00446092B65D8DFE813F00A006400A0
:10F3400019003A006400640064006400A6005301E0
:10F35000037A80883D2B41F23D014FF0000218BF37
:10F360004FF488510AB0BDE8F047FFF797BE808898
:10F3700000F04CFE012808D1217AA08801F001019B
:10F38000C1F10201C9B2FFF759FE34F8045F14223B
:10F3900000210DEB020016F09BF9043406238DF8D2
:10F3A0001430ADF81650079405A8FFF7DAFD29E0F0
:10F3B00000F11007384602F0E2F94FF6FF73984269
:10F3C0000546A08821D102F069F90546A0880021F0
:10F3D000FFF734FE4FF6FF739D421AD1002600233B
:10F3E000A0881A463146FFF7B1FD0828074629D103
:10F3F00099489A4B9A49C01AC008000440F002008C
:10F4000028F016F90AB0BDE8F087294602F0D8F9CD
:10F41000DCE705AA0721284602F062FE0028DDD1BC
:10F42000A37ED907DAD5069E96F84430DA0701D5CF
:10F430003436D4E7394606F1460002F08CF900284C
:10F44000F6D1CBE798B126F0C7F8834E0095024677
:10F450008248A3888349361AF608360446F001002C
:10F4600028F0FDF8A0883946FFF798FDCAE7A37E8B
:10F47000DB07C7D5002EC5D1A088334641F206026E
:10F480003146FFF79FFDBDE790F808808588B8F109
:10F49000000F40F0A080744B061D197842462846A4
:10F4A00000F03CFE617A11F0040105D130460AB04B
:10F4B000BDE8F047FFF7AABD05F580791FFA89F985
:10F4C00003AB01220721484602F00EFE0746B0B109
:10F4D00026F082F8604C654902466048241AE40828
:10F4E00024042B4644F0010028F0AFF839462846A2
:10F4F000FFF754FD41463046FFF788FD82E7284676
:10F5000002F0CCF84FF6FF7398420446824630D1A1
:10F510000146049802F0A6F850450446804600F0E3
:10F520008580DFF858A10146284602F049F99AF88B
:10F530000010284600F0DAFD8046D0B92846FFF7D3
:10F540001BFD9AF80010284600F0D0FD0146002867
:10F55000D1D048462246072102F08AFE814650B9A2
:10F560000121C8E72146284602F02AF94FF0010898
:10F57000EFE7B846EDE786280ED1142200210DEB07
:10F58000020016F0A5F8072305A88DF81430ADF891
:10F590001650FFF7E6FCE3E726F01EF82E4F34493D
:10F5A000009402462D483F1AFF083F042B4647F0BF
:10F5B000010028F054F849462846FFF7EFFC0021E7
:10F5C0003046FFF723FDB8F1000F3FF41BAF204694
:10F5D00002F000F916E7427A414602F0030228469B
:10F5E000C0E6244B8088197800F080FD054600288D
:10F5F0007FF408AFA08800F01DFD0146A08839B94E
:10F60000012341F206020AB0BDE8F047FFF7DABC79
:10F61000154B2A46197800F081FD03238DF814302C
:10F62000A388ADF81630ADF81C50BDE602F09AFB89
:10F630004045044696D1094B07480F49C01AC008F7
:10F64000000440F0010027F0F3FF04212846FFF7F3
:10F65000A5FC39464FE700BFEC2205003422050027
:10F66000F8D7040068D804000B410020D8D8040063
:10F6700065D904000D41002033D904000A4100205F
:10F6800058B3027802F08203802B25D0C2F3021314
:10F69000042B21D802F0F203322B1DD0417883785D
:10F6A000994219D8062917D9102B15D8C17811F00D
:10F6B000040311D1007943070ED4084301070BD48A
:10F6C000D30700F0030003D4B0FA80F0400970477C
:10F6D000003818BF012070470020704770B51546EC
:10F6E0000E4614220021044615F0F2FF284601F0D0
:10F6F000D5FF2670A0806580204670BDFEF7A6BEAF
:10F7000010B50378182B044602D100F0E5FC2070F8
:10F7100010BD0000F0B531F0080387B006460D4675
:10F72000174628D0112926D01D4C1E4BE41AE40898
:10F730000D294FEA044422D102461B4944F002003D
:10F7400027F07AFF042132460DEB0100FFF7C6FFD8
:10F750009FB13B7803F00103C3F10203DBB28DF8E4
:10F760000C3000238DF8103041F20113ADF80E304B
:10F7700001A8FFF7C3FF07B0F0BD0223EFE708467B
:10F7800025F02AFF09490246334644F0010027F0DC
:10F790005CFF3246082101A8FFF7A0FF0395E7E7C9
:10F7A000E422050034220500CCD9040081DA0400EB
:10F7B0002DE9F0411B4B88B00027CDE904771B6889
:10F7C000039303AD0446884695E807006E4686E835
:10F7D0000700224606212846FFF780FF2846CDE98C
:10F7E0000586FFF78BFF104B00991A682046FFF73C
:10F7F000E3FCA0F111035A425A410C4B054619781B
:10F80000204600F08BFC0A4B3A461978204600F05F
:10F8100085FC009A29462046FFF77CFF08B0BDE82A
:10F82000F08100BF505100204451002011410020C0
:10F83000104100200021FFF7BBBF00002DE9F0437D
:10F84000054689B0914698460E4601BB3F4BCDE92F
:10F8500004111B68039303AC94E807006F4687E824
:10F8600007002A4606212046FFF738FF2046CDE94B
:10F870000567FFF743FF364B009F1B7843B99DF8A0
:10F8800009302BB90526304609B0BDE8F0830027C2
:10F890004A4639462846FFF731FDA0F111035A4286
:10F8A0005A412C4B04461978284600F037FC112C9D
:10F8B00020D8072C02D80CBB26463DE0A4F1080353
:10F8C000092B1BD801A252F823F000BFB9F80100A0
:10F8D000FDF80100FDF80100B9F80100FDF8010094
:10F8E000B9F80100FDF80100FDF80100FDF8010084
:10F8F0001FF9010043F202039C42DDD0204625F0AF
:10F900006BFE154E154902461548361AF6083604A0
:10F9100046F001002B4627F098FE03260CE0114B21
:10F9200032461978284600F0F9FB0F4B4A46197801
:10F93000284600F0F3FB0026B8F1000FA3D03A46AA
:10F9400021462846FFF7E6FE9DE700BF5051002004
:10F950004D51002010410020E4220500ECDA0400A3
:10F96000342205000F4100200E41002013B50A4B40
:10F970001978044600F0BAFB084B0190197820462C
:10F9800000F0B4FB019A01460123204602B0BDE815
:10F990001040FFF753BF00BF0E4100200F41002071
:10F9A000F7B507460C46002945D000F031FB054667
:10F9B000002842D0384601F071FE06464FF6FF702F
:10F9C000301AA5F1020318BF01205D425D41237882
:10F9D00045EAC00523F009031D432570384600F0B1
:10F9E00029FB237860F341032370384600F034FB91
:10F9F000237860F382032370384600F03FFB05460E
:10FA0000B8B9384600F016FB50B16A4607213046B7
:10FA100002F066FB58B9019B93F8440000F0010026
:10FA2000237860F304132370002003B0F0BD284650
:10FA3000F6E70120F4E70E20F7E743F20200F4E7CF
:10FA400013B5E0230C4601A98DF80430FFF7A8FF99
:10FA50009DF80420237828B993430CBF012000208F
:10FA600002B010BD0020FBE713B50378062B044657
:10FA700007D0132B0CD0204602B0BDE81040FFF792
:10FA80003DBE8168408802B0BDE81040FFF790BEDF
:10FA9000134B1A68FAB1408800F0CCFA0146E0B185
:10FAA000227A6088C2F34003C2F300019B00C2F3D4
:10FAB000800243EAC10343EA021301A98DF804302E
:10FAC000FFF7BEFF80F00100C2B200216088012371
:10FAD000FFF7B4FECFE70121F8E70246F6E700BFE3
:10FAE0005051002008B503780C2B0FD8082B0FD9E4
:10FAF000084B09491878002200F02AFB074B0849F7
:10FB000018780022BDE8084000F022BB142BEFD08B
:10FB100008BD00BF1141002035F801001041002050
:10FB20006DF9010010B50F480F4CFFF7E9FD0F48C4
:10FB3000FFF7E6FD0E48FFF7E3FD2046FFF7E0FD87
:10FB40002378182B0BD10B4B0B480C49C01AC0085B
:10FB5000000440F0010027F06BFD032010BD0020E1
:10FB6000FCE700BF10410020114100200E410020A1
:10FB70000F41002034220500E4220500D9D60400FC
:10FB800008B5FFF7D1FB074B07491878002200F0B2
:10FB9000DFFA064B064918780022BDE8084000F05D
:10FBA000D7BA00BF1141002035F8010010410020F4
:10FBB0006DF9010010B5044630B90A4B18600A4BC4
:10FBC00001221A70002010BDFFF75AFD38B1074B13
:10FBD00022681A6022791A71024A1360EFE707203F
:10FBE000F1E700BF505100204D5100204851002046
:10FBF00000230A461946FFF721BE75DF704776DFFE
:10FC000070477ADF70477BDF70470000034B1A882C
:10FC100082420CBF18460020704700BF7051002080
:10FC2000024B9B6903B11847704700BF5451002035
:10FC300073B585B22846FFF7E9FF044638B3174E7F
:10FC4000027A337B9A420CD200F10A012846FFF770
:10FC5000D4FFF0B111281AD002B0BDE87040FFF710
:10FC6000DFBF00230372337C43B13B212846FFF7FB
:10FC7000C6FF30F0080301D0FFF7D2FF736933B13C
:10FC800000228DF80420ADF8065001A8984702B074
:10FC900070BD237A01332372F9E700BF545100206D
:10FCA00037B50B46497A0F4A79B9D2E901141D7A62
:10FCB0000246002D18BF2146586825F0E1FC78B1B6
:10FCC00003B0BDE83040FFF7ABBF002119725369A4
:10FCD00033B10122ADF806008DF8042001A8984741
:10FCE00003B030BD545100204B8802889A4212D88C
:10FCF00042889A420FD380888B8840F2F311884261
:10FD000094BF021A421A9A4205D80844984234BF56
:10FD10000020012070470020704700000388122B4C
:10FD200070B5014659D004D8102B1ED0112B44D0E9
:10FD300070BD502BFCD12F4BC288DB899A42F7D182
:10FD4000038A022BF4D186883046FFF75FFF054611
:10FD50000028EDD001F1120000F02BFA38BB6868E2
:10FD600025F0DEFC0028E3D009E0C37B012BDFD1C6
:10FD70004FF6FF70FFF74AFF054620B90420BDE8A3
:10FD80007040FFF74DBF1C4A8E8806800023037227
:10FD90001368C0F80A305368C0F80E3010310A30CA
:10FDA000FFF7A2FF134B6872DB89002BC0D12946F5
:10FDB0003046BDE87040FFF773BF8088FFF726FF2D
:10FDC00004460028B4D0406825F0AAFC08B1FFF72B
:10FDD00027FF4FF6FF732380AAE786883046FFF798
:10FDE00015FF05460028A3D008310A30FFF77CFF35
:10FDF0006872DCE75451002084510020F8B50646B3
:10FE000048B305460FCD154F3C460FC495E8070093
:10FE100084E807003068124C3C60B0B1FFF7F1FE97
:10FE2000C0B9326813682360536863600D480E4A96
:10FE30004FF6FF7303800D4B40F8043F002125F07F
:10FE4000F1FB002818BF032004E02046FFF7DBFE8B
:10FE50000028EBD0F8BD0E20FCE700BF5451002075
:10FE6000845100207051002031FC01008C51002091
:10FE7000F7B5174601900E4691B1019C6CB1002573
:10FE80002C46294601A826F0B0FC18B13946A8B284
:10FE9000B04701340135142DF3D1204603B0F0BD35
:10FEA0000C46FAE70AB126F07FBC26F094BC73B585
:10FEB0000191019C06466CB100252C46294601A8FB
:10FEC00026F093FC18B106EB440301349D80013504
:10FED000142DF3D13046346002B070BD2DE9F043EB
:10FEE00003888488103B8DB00A2B20D8DFE803F00C
:10FEF00006381F1F1F1F1F1F1F5D3F002F4FBB68AE
:10FF0000DB4300937968684624F083FD009901A8DB
:10FF1000FFF7CDFF0DF108080026019B9E4209D393
:10FF2000132C14D9264AF021042025F05FFB0DB0D4
:10FF3000BDE8F08338F8029B00250135494607EB00
:10FF4000850026F048FC1E2DF7D10136E5E7214655
:10FF50001C4826F029FC1C48214626F025FCE6E733
:10FF6000184821460DB0BDE8F04326F034BC027AB3
:10FF700016483F2A4FEA1215214694BF002201225B
:10FF8000FFF790FF022D94BF002201221048214666
:10FF9000FFF788FF012D0F4894BF00220122214660
:10FFA0000DB0BDE8F043FFF77DBF037A002BBED153
:10FFB000427A0648C2F3C0022146F1E7AC51002064
:10FFC00051DB0400B4510020B0510020C451002086
:10FFD000C0510020BC51002037B5002401902546B7
:10FFE000214601A826F001FC00B101350134142C92
:10FFF000F6D1284603B030BD1328014602D8024886
:020000022000DC
:1000000026F0F3BB00207047B0510020FFF7F4BF8B
:1000100007B50190FFF7F0FF019930B1044826F0D1
:10002000E4FB002814BF0220012003B05DF804FBAC
:10003000B451002007B50190FFF7DEFF019928B108
:10004000044803B05DF804EB26F0CFBB03B05DF8C5
:1000500004FB00BFBC51002007B50190FFF7CCFFA7
:10006000019928B1044803B05DF804EB26F0BDBB4C
:1000700003B05DF804FB00BFC051002007B501903C
:10008000FFF7BAFF019928B1044803B05DF804EB0B
:1000900026F0ABBB03B05DF804FB00BFC4510020E9
:1000A00007B5074AD368DB430193916801A824F0A0
:1000B000B0FC0198FFF790FF03B05DF804FB00BFB0
:1000C000AC51002010B50446FFF796FF002814BF7E
:1000D0002046142010BD000008B51821024826F063
:1000E0008DFBC0B208BD00BFAC51002070B50A4EF8
:1000F000054630460C4626F078FB58B12846FFF7F7
:100100007BFF38B10734294606EB8400BDE8704018
:1001100026F06BBB002070BDAC510020F8B50B4F32
:10012000054638460C46164626F05FFB60B1284669
:10013000FFF762FF40B107343246294607EB8400DF
:10014000BDE8F840FFF7AEBEF8BD00BFAC510020DF
:1001500073B50B4D019204460E460146284626F023
:1001600044FB50B1063405EB8404019A60683146C3
:1001700002B0BDE87040FFF77BBE02B070BD00BFAB
:10018000AC510020AADF7047002301380B7004280F
:1001900006D8DFE800F00306080A0C0011230B70F4
:1001A00070472123FBE73123F9E71223F7E72223E6
:1001B000F5E7008800F001007047F0B58B7891B04A
:1001C0000C46012B38BF012300278DF80E30054661
:1001D0000B88607CADF80C306946ADF800708DF886
:1001E0000270FFF7D1FFA07C0DF10101FFF7CCFFFA
:1001F0001646237BE27B217D43EAC203227C43EA4D
:1002000002139DF80220B94222F0190203F01903EB
:1002100014BF02210121134361F342031C2239461A
:1002200009A88DF8023015F053FA637B13F0300FF4
:1002300014D00DF10901E07CADF808708DF80A705A
:10024000FFF7A2FF11238DF808309DF80A30012135
:1002500002AA61F342038DF80A300E92637B8DF897
:100260002430A37B8DF825300023CDE90633089395
:1002700003AB0493A388ADF81C30A368CDF814D069
:100280001BB1E288ADF818200893A36973B301A9E4
:100290000022ADF804208A701A88ADF82C205A8804
:1002A000ADF82E205A680D91187B0A92FFF76CFF6B
:1002B000A3690DF10501587BFFF766FFA3699A7AE0
:1002C000197A41EAC201DA7A9B7B41EA02119DF870
:1002D0000620002B01F0190122F0190214BF02239D
:1002E0000123114363F342018DF80610E36903B162
:1002F0000C93334604AA09A92846FFF743FF11B01F
:10030000F0BD72DF704773DF704738B501220446D5
:100310000D46B0F8D810D0F8D40002F042FB00B17E
:10032000057004F13C0204F1D40104F15400BDE86D
:100330003840FFF7E6BF80F830107047F8B5044644
:100340000F46002966D0002864D091F87A301BB19E
:1003500091F89830002B5FD1D7F8A030042B5BD0F8
:10036000D7F89C30042B57D04FF0000C84F802C013
:1003700007F178060FCE251D0FC50FCE0FC596E8E5
:10038000070085E8070084F830C0D7F8A43063631D
:10039000D7F8A830A36304F1D4024FF6FF73C4F872
:1003A000EAC0A4F8E830C4F8E420C4F8EDC022782C
:1003B0000AB984F85430224604F155011F25C4F8C7
:1003C000D410384622F8D85F02F0FDF808BB224668
:1003D00004F19301C4F8DC1007F13C0022F8E05F5F
:1003E00002F0F1F8A8B9A369A4F848304FF480737B
:1003F0000125A4F8503063692064014684F83C501C
:10040000636404F13C0204F15400FFF77AFF00B981
:100410002570F8BD0E20FCE70720FAE7F8B507784D
:1004200004460D46002F00F0F6800023C0F8EA30A5
:10043000C0F8ED30C388817000F1EA060BB10129E4
:1004400003D0E37943B1022D06D1636BABB1012236
:1004500084F8F1200820984704F1EB0304F1F1013E
:1004600013F8012B12B99942FAD117466B1E032BD0
:100470004ED8DFE803F0050B0F1284F8F130EBE7FC
:10048000A3791BB194F8243003B95FB9E3790BB1B8
:10049000002F3FD1237A002B3ED1637A002B0CBF73
:1004A00000250425636BA570002B37D0033D012D7B
:1004B00034D8627992B394F8F2207ABB84F8F420AD
:1004C000012284F8F3200720984704F13C05182204
:1004D0000021284615F0FCF8E26A531E0121022B88
:1004E00094F8243084F83C1028BF0A4684F8512040
:1004F00033B1A36A5A1E022A28BF0B4684F8523031
:10050000A378042B1CD8DFE803F06D0D23335300D0
:100510000025C7E70225C5E70325C3E7002384F8C4
:10052000F330D2E7012384F831300023C4E91063AB
:10053000C4F8E430022384F83C308023A4F8483027
:10054000A378002B52D1636B002B60D100205DE0BB
:10055000022384F83130032384F83C302369A4F863
:1005600048300023C4F8E430E36826646364E7E7B6
:1005700063696364A369A4F848306379B3B194F8FC
:10058000F2309BB994F8F43083B1022384F85030F0
:1005900004212046FFF7B9FE0028D1D1052384F8B5
:1005A000313004F1D403C4F8E430C9E70323F6E79B
:1005B000E3696364236AA4F84830637983B194F8EB
:1005C000F2306BB994F8F43053B1022384F8503010
:1005D00004212046FFF799FE0028B1D10623DEE76B
:1005E0000423DCE7002384F83130A9E7D4F8E410D1
:1005F0002A4604F15400FFF784FE38B994F830100D
:1006000094F85400FFF77FFE00289CD0F8BD94F8C2
:10061000310098479AE70820F8E70388112B10B5B6
:100620000C460AD0262B1FD0102B05D1C37B012BE3
:1006300002D18388A1F8E83010BD0022838881F8B8
:10064000F220B1F8E8209A42F6D10B79002BF3D1D1
:1006500001212046FFF7E2FE0028EDD0A36B002B1E
:10066000EAD0BDE810401847037A013B012BE3D8DC
:10067000897805230131B1FBF3F303EB8303C91A36
:10068000C9B2E6E790DF7047A5DF7047B5DF704776
:100690007FB5204B204CE41AE40824040E460346A0
:1006A0000A4605461D4944F0040026F0CEFF00230B
:1006B0006A4602A92846ADF80860ADF80A60ADF8B0
:1006C0000C30ADF80E300093ADF80430FFF7DAFFD0
:1006D0000646D8B124F080FF44F0010403461049D7
:1006E0002A46204626F0B1FFBDF80020BDF80230B2
:1006F00052EA030103D00B49204626F0A6FFBDF8BD
:1007000004201AB10849204626F096FF304604B06E
:1007100070BD00BF342205007C220500CDDB040043
:10072000FCDB040046DC040085DC040080B14FF0F3
:10073000641303601B2303716423C38017230381A5
:1007400041F61B32002301614381828118467047C4
:100750000E2070472DE9F047868886B005460C4686
:10076000002E40F007810388242B00F0A58023D8B9
:10077000112B70D0232B00F0D880102B5DD0A37AE2
:10078000002B00F0F780E1880020FFF77DFF034693
:10079000002840F0DD807948794D7A492D1A4FF4D0
:1007A0008072ED0862812D04E28845F0040006B0F5
:1007B000BDE8F04726F049BF3A2B55D0552BDED186
:1007C0006E4B6F4DC7887049ED1AED082D0445F04A
:1007D00004003B463246039026F037FFE3886B491E
:1007E0000398A672172F3A4638BF17229A4228BF9D
:1007F0001A462281009626F032FFE1883046FFF744
:1008000045FF38B124F0E8FE6149024645F0010099
:1008100026F012FFE27A002AB1D12369002BAED074
:1008200040F67721ADF812202289ADF81010ADF80E
:10083000142004A920469847A1E7C37B09792173B6
:10084000012B04BF2388E380637B8B4297D2002077
:10085000FFF71EFF93E76423CB8017230B8141F63C
:100860001B334E818B818AE74289CB8844489A4268
:1008700028BF1A46414BC01A172A4FEAD00038BF8A
:10088000172200040A813346424940F0040026F052
:10089000DCFE23696BB1E27A5AB140F67722ADF8FB
:1008A00010202289ADF81260ADF8142004A920466A
:1008B00098470023638162E7B0F80890B0F80AA077
:1008C0008789B0F80E80027A2C4B2D484A73C01AE3
:1008D000C0080004334640F004002F49039026F07E
:1008E000B4FE2E490398524626F0A6FE2C490398E2
:1008F0004A4626F0A1FE2B490398424626F09CFE6C
:10090000294903983A4626F097FE2369002B3FF4C5
:1009100036AF4DF67A22ADF81020627B8DF8156067
:10092000ADF812608DF8142083E7077A134B144852
:100930001E49C01AC008000440F004003B4632467D
:1009400026F083FE217BA888B94228BF39467FE77D
:1009500011280FD024F040FE094B154902460748E4
:100960001B1ADB081B0443F0010006B0BDE8F0478A
:1009700026F062BE06B0BDE8F08700BF3422050055
:100980007C2205006EDE040016DD040050DD04004C
:100990008FDD0400DBDC0400BEDD0400EDDD0400BF
:1009A000FFDD040011DE040021DE040031DE04005E
:1009B000B3DE0400B0DF704766DF704710B500217A
:1009C00004464088FFF7F8FF034608B9237210BDBC
:1009D000112801D10123F9E76368BDE810401847E9
:1009E00060B159B10378DE2B0AD00B684360DE2377
:1009F00003704FF6FF734380002070470E2070474E
:100A00000820704728B10378DE2B04D141800020F4
:100A100070470E20704708207047F0B5054685B036
:100A20000C46002942D0002840D00B78DE2B3DD167
:100A300082884B889A4204D10B7A13B10846FFF79B
:100A4000BDFF2B88112B33D0512B0FD0012B2DD173
:100A50002B7A012B2AD1A9886288914226D120467F
:100A6000237205B0BDE8F040FFF7A8BFAE886388E9
:100A7000B3421BD1AF79022F18D1AD7B2B1F022BB4
:100A800014D800211022684614F022FE052D18BF4C
:100A90004FF4C0736946304618BFADF804308DF886
:100AA0000070FFF787FF08B16368984705B0F0BD95
:100AB0006388AA889A4204BF4FF6FF736380F5E704
:100AC00070B50546164608460AB90E2070BD0023CB
:100AD0001360002DF9D02B68002BF6D0EB8813F0B3
:100AE00003040ED1FFF7EEFAC0B214280BD02B7915
:100AF00083420AD9EA882B6800FB02303060204626
:100B0000E4E70720E2E70520E0E70420DEE7A0DFD6
:100B10007047A1DF7047ADDF7047B3DF7047B4DFC8
:100B2000704710B50446408800F0B8FDA08020460C
:100B3000BDE81040FDF78EBC30B587B005460C46C9
:100B40001422002101A814F0C3FD082301A88DF888
:100B50000430ADF806500394FFF7E3FF07B030BD53
:100B600070B586B005461422002101A814F0B0FD2E
:100B70004FF6FF739D42ADF806503FD0284600F077
:100B80007FFC1128044633D016D8D8B10B2820D0CA
:100B9000204624F021FD1A4E1A4902461A48361AF8
:100BA000F608360446F001002B4626F04EFD21469D
:100BB0002846FFF7C1FF03E043F202039842E7D162
:100BC000002216E00F238DF8043001A8FFF7A9FFDB
:100BD000F6E710238DF8043009480B4B0B49C01A77
:100BE000C00800042A4640F0020026F025FDECE78C
:100BF0000122074B28461978FFF790FA06B070BD1E
:100C0000B422050071DF040034220500F1DE040087
:100C10002F520020FFF7A4BF024B0349187800228F
:100C2000FFF796BA315200202D0C02002DE9F04753
:100C3000DFF8348188B098F800100446FFF756FAC0
:100C40000646002840F08480204600F07DFC0828FD
:100C5000054632D016D808B306285BD0284624F0C3
:100C6000BBFC3D4F3D4902463D483F1AFF083F044B
:100C700047F00100234626F0E8FC29462046FFF70E
:100C80005BFF09E043F20203984205D043F20143BF
:100C9000984259D01128E1D1012546E0314614226D
:100CA00003A814F015FD112303A88DF80C30ADF83E
:100CB0000E400126FFF735FFEEE70DF10600FFF7C6
:100CC0002CFF354601274FF0020A0DF10809BDF847
:100CD0000630BB421ED9002249463846CDE903A959
:100CE000FFF71DFFB0B9BDF808303DB942F6052544
:100CF0005B1B5D425D410137BFB2E8E742F602127D
:100D00009342F8D101AB03AA394620460493FFF77A
:100D100002FF30B1204600F0C1FC00F041FC00258C
:100D200003E0BDF80430002BF4D00E4B2A461978AE
:100D30002046FFF7F3F998F800103246204608B035
:100D4000BDE8F047FFF7EAB92046FFF709FFA3E740
:100D500008B0BDE8F08700BFB4220500C2DF040080
:100D600034220500315200203252002013B50446CF
:100D700000F094FC00236A46092100F02BFF0528AF
:100D800005D1044B012219782046FFF7C7F902B0BC
:100D900010BD00BF2D52002008B5084B0849187837
:100DA0000022FFF7D5F9024630B9064B06491878FC
:100DB000BDE80840FFF7CCB908BD00BF30520020A5
:100DC000090E02002D520020CD0D020037B542F66B
:100DD000A623ADF800300A4B04461868019001259F
:100DE00001AA69462046ADF80250FFF790FE28B9E7
:100DF000044B2A4619782046FFF790F903B030BD1E
:100E000090E104002C52002070B5012186B0064606
:100E10002B4823F0DBFD0446BFF35F8F00284AD147
:100E2000304600F0A1FA1128054639D018D800281C
:100E300043D00B2832D0284624F0CEFB214C224947
:100E400002462248241AE408240444F001003346F0
:100E500026F0FBFB29463046FFF76EFE00241DE01E
:100E6000862803D043F202039842E3E71422214686
:100E700001A814F02DFC07238DF804301148134B02
:100E80001349ADF80660C01AC008000440F0020023
:100E9000324626F0D1FB01A8FFF743FE224600E0D0
:100EA00001220C4B30461978FFF738F91CB9BFF313
:100EB0005F8F034B1C6006B070BD01240246F0E753
:100EC00028520020B422050037E004003422050037
:100ED00002E004003052002038B503780446A3B97C
:100EE0004088FFF73DFE6588284600F01BFB28B1CF
:100EF000064B012219782846FFF710F96088FFF7A2
:100F000035FFBDE83840FFF747BF38BD31520020FC
:100F100037B50378092B044630D1427A72BB057A83
:100F2000072D1BD0082D2ED0012D27D180886A4691
:100F3000294601F0D5F808BB019B1B78F3B1A088C6
:100F400000F0DAFB4FF6FF73984217D0124B2A4697
:100F50001978FFF7E3F8FFF75FFE0FE0808800F0F5
:100F6000CBFB4FF6FF739842044607D00B4B012290
:100F70001978FFF7D3F82046FFF7F8FE03B0BDE875
:100F80003040FFF709BF064B19680129F6D1BFF3BE
:100F90005F8F1A60F2E700BF31520020305200200C
:100FA000285200202DE9F843FFF796F8DFF8B090BB
:100FB000DFF8B08089F80000FFF78EF888F80000AD
:100FC000FFF78AF81D4F1E4E3870FFF785F8307016
:100FD000FFF782F81B4D1C4C2870FFF77DF820703E
:100FE000FFF77AF8194B187099F80030182B11D0C8
:100FF00098F80030182B0DD03B78182B0AD0337896
:10100000182B07D02B78182B04D02378182B01D05D
:1010100018280CD10E4B0F480F49C01AC008000405
:1010200040F0010026F004FB0320BDE8F8830B4BE1
:1010300000201860BFF35F8FF7E700BF3152002038
:10104000325200202D5200202C5200202E5200201F
:1010500034220500B4220500D9D60400285200200D
:10106000305200202F52002037B5134B0022CDE91B
:101070000032124B0D4619780446FFF74FF810491D
:10108000104B2046002D08BF0B46019300F006FBD5
:101090000022694600F00AFE60B124F09DFA0A4B76
:1010A0000A4902460A481B1ADB081B0443F00200E7
:1010B00026F0C2FA03B030BD010009002D52002015
:1010C00094E1040098E10400B422050074E00400F7
:1010D0003422050070B503888488502B86B00546FD
:1010E00039D00FD8352B49D0362B00F08D80584B96
:1010F000584918780022FFF72BF806B0BDE8704079
:10110000FFF78ABD522B22D0542BF0D1142200219C
:1011100001A814F0DDFA122320468DF80430ADF852
:10112000064000F0BBFAADF8080000F039FA4A4B6F
:10113000204619780022FEF7F1FF484B2046197827
:101140000022FEF7EBFF01A8FFF7EBFCCFE72046FC
:10115000FFF706FDCBE7037B012BC8D1827A012A7A
:10116000C5D1018942F602139942C0D13C4B2046B9
:101170001978FEF7D3FFFFF70FFEB8E7394E204688
:101180003178FEF7B3FF0028B1D000223178204635
:10119000FEF7C4FFEA88B2F5857F0AD072B1324803
:1011A000324BC01AC0080004314940F0020026F05A
:1011B00043FA00212046FFF757FF98E76A89012A82
:1011C00009D02948294B2B49C01AC008000440F017
:1011D000020026F031FAAE89012E07D02248234BB7
:1011E000C01AC008000432462349DEE7E98900221C
:1011F0002046FFF78EFC0028DBD1204B32461978C1
:101200002046FEF78BFF72E71C4E20463178FEF732
:101210006DFF00283FF46BAF317800222046FEF7C7
:101220007DFFEE8836B11048104BC01AC00800048C
:101230003246B9E7EA89012A05D00B480B4BC01AA0
:10124000C0080004D0E7297C003918BF0121B1E7AC
:101250002F520020150C0200325200203152002083
:10126000305200202C520020B42205003422050008
:10127000D1E004000BE1040045E104002E520020FF
:10128000AFDF7047B1DF7047B2DF7047B3DF704741
:1012900010B50446808800F02FFA60802046BDE833
:1012A0001040FDF7D9B80000F0B5204B204E93E870
:1012B000030089B001AD85E803004FF6FF77308861
:1012C000B84217D00022294600F0F0FC044638B39B
:1012D0001422002103A814F0FBF93388ADF8103074
:1012E000112C07D0862C07D107238DF80C3003A8CA
:1012F000FFF7CEFF09B0F0BD204624F06DF90D4D8B
:1013000033880D4902460D482D1AED082D0445F08D
:10131000010026F09AF908238DF80C300594E6E7D1
:10132000308800F030FD3080C9E700BF80E3040062
:1013300034520020BC2205009CE104003422050048
:10134000044B1A884FF6FF739A4201D0FFF7ACBFE7
:10135000704700BF34520020024B4FF6FF721A80D4
:1013600000207047345200202DE9F04F87B08046AE
:1013700000F094F94FF6FF739842064675D03C4D45
:101380003C4BED1AED082D0445F0010501273A46C6
:1013900002AB0821304600F0A7FE0137BFB2044679
:1013A00000285DD1DDF80CB0DA464FF003094AF8A9
:1013B000069B4B460BF1040251464046FFF764FF83
:1013C000034698BB04AA0821304600F089FE58B1B4
:1013D000052814D024F000F9274902464346284640
:1013E00026F033F94B4610E00599BBF804308A88A3
:1013F0009A4204D10631504614F04CF948B13246B5
:101400000821304600F034FF0346184607B0BDE817
:10141000F08F0821304600F0D9FE28B124F0DCF826
:10142000164903463246DAE70B23EEE70C2815D0BF
:10143000052800D1234608213046019300F0C6FE5E
:10144000019B40B124F0C8F80C49034632462846B7
:1014500026F0FBF80323002C99D1D6E70124EAE714
:10146000072814BF03460C23CFE743F20203CCE75F
:10147000BC22050034220500F1E1040029E2040049
:101480002DE9F341054600F009F94FF6FF73984244
:1014900022D10024032627464FF001083346224676
:1014A00039462846FFF7EEFE04282BD0082830D016
:1014B0000B2828D116F0020319D1E7B9FCB9164858
:1014C000164B17491B1ADB081B042A4643F0010080
:1014D00026F0B2F80B2019E06A46082100F000FE61
:1014E0000028D6D1019B9C881E689F1DD4E7012649
:1014F0004FF00008D2E703261C461F46F8E70326F4
:101500003C46F5E71120B8F1000FE3D002B0BDE88A
:10151000F0810020F7E700BF34220500BC2205005F
:10152000A8E204001FB50DF10703039300F0B6F81D
:1015300002AA012100F0D4FD20B9039B187805B060
:101540005DF804FB0020FAE770B505461048FFF788
:101550009DFE70B90E4C43F2030621884FF6FF72D0
:101560002846FFF78DFEB04211D123880133238036
:10157000F3E724F031F8074B0749024607481B1AE6
:10158000DB081B0443F0010026F056F8032070BD71
:1015900036520020BC22050020E30400342205005E
:1015A00013B5074A044692E803006B4683E803003C
:1015B00000221946204600F079FB02B010BD00BFA2
:1015C00088E3040046DF7047421E00F10F0312F863
:1015D000010F10B99A42FAD170470120704708B53F
:1015E00070B171B103780A78534013F0FE0F08D13F
:1015F00006220131013014F04DF8B0FA80F04009B4
:1016000008BD0020FCE72DE9F04700F101084F1C60
:1016100006460D4600F1110901F1110A1022394662
:10162000404614F037F80446D0B94046FFF7CCFFE7
:1016300018B13846FFF7C8FF044651464846FFF741
:10164000CEFF737C03F0FC03042B05D06B7C03F00E
:10165000FC03042B18BF044604F00100BDE8F0872A
:101660000024EAE77FB505460E4600F0E9FA02AA33
:101670000DF10601072000F0EBFA10B94FF6FF74E8
:1016800009E0BDF80640B442F1D003992846FFF7BF
:10169000BAFF0028EBD0204604B070BD132810B567
:1016A000044602D94FF6FF7010BDFEF7A5FC0028D6
:1016B000F8D00A20014B4443185BF5E7385200206C
:1016C000132838B505460C4602D943F2020038BD4E
:1016D000FEF792FC0028F8D0064B0A2000FB0530EC
:1016E000D0F802302360C388A380037AA37100205E
:1016F000EDE700BF385200204FF6FF7398422DE906
:10170000F04105460CD00C4F00244FF00A0808FBAE
:1017100004F3A6B2DB5BAB4205D00134142CF6D146
:101720004FF6FF7604E03046FEF766FC0028F4D062
:101730003046BDE8F08100BF38520020038843B92D
:10174000821C0A3012F8013B1BB98242FAD11846BA
:1017500070470120704710B50446FFF7EFFF58B1FE
:1017600022880B889A4208D108220231A01C13F06B
:1017700091FFB0FA80F0400910BD0020FCE730B5C1
:1017800085B0044600F05CFA02AA0DF106010720BC
:1017900000F05EFA10B94FF6FF700FE0039D20468F
:1017A00005F14601FFF7D7FF30B905F12A012046C0
:1017B000FFF7D1FF0028E7D0BDF8060005B030BD27
:1017C00013289FBF0A235843014B1952704700BF8B
:1017D0003852002038B50546FFF78EFF04462846EC
:1017E00000F0FEFC38B9132C05D80A235C43024BE9
:1017F0004FF6FF721A5338BD3852002070B58CB0C6
:1018000014466A460D4600F11003164613F8011DF2
:1018100002F8011B9842F9D10D22002104A813F00F
:1018200057FF2B788DF81F306B788DF81E303046BF
:10183000AB788DF81D30FFF7C5FE9DF82F30237073
:101840009DF82E3063709DF82D30A3700CB070BDE4
:101850001FB5034608461A7802F0FE02042A1BD17F
:10186000DA78B3F801108DF806209A88ADF80410E4
:101870009B79ADF80C2003A902AA8DF80E30FFF772
:10188000BDFF032202A901A813F004FFB0FA80F003
:10189000400905B05DF804FB0020FAE730B5038885
:1018A000102B91B04ED1041D0FCC06AD0FC50FCC3F
:1018B0000FC59DF81C3094E8030003F0FE03062BCF
:1018C00085E8030009D000F0BBF99DF81C30032B1C
:1018D0004FEA530204D9022A3DD04FF6FF7310E0BD
:1018E00001AA0DF10201072000F0B2F90028F4D09E
:1018F000029907A81131FFF772FE0028F0D0BDF859
:101900000230BDF8184018480A22624381188352F9
:101910009DF8222007980A724FF6FF72C1F8020064
:101920009342BDF82000C8800CD0ADF8083001A863
:101930000023ADF806408DF80430FCF78FFD01A8B8
:10194000FFF7CAFA11B030BD029907A80131FFF7BD
:101950007FFF0028D3D101AA0DF10201072000F07A
:1019600077F90028F0D1B8E738520020012804D0D8
:10197000043805288CBF0020012070474FF6FF7304
:10198000438000F0DBBA00002DE9F041264F002330
:101990008AB04FF6FF70CDE900333B7000F01CFDBC
:1019A0004FF6FF78044648F20966444513D0A4F583
:1019B0008045ADB26A4602A9284624F0B5FDB04282
:1019C0000CD0284624F048FD48F2076398420646AA
:1019D0000CD101233B700AB0BDE8F081204600F035
:1019E0009DFC204600F0F8FC0446DEE7002EF2D015
:1019F0000E480F4D0F492D1AED082D04234632468F
:101A000045F0010025F021FE142200210DEB02001B
:101A100013F05EFE082305A88DF81430ADF81840C9
:101A20000796FFF7ABFFD6E70853002034220500E6
:101A3000DC220500A8E3040070B5044686B0142635
:101A40003246002101A813F043FEA0892378304DCF
:101A500000F5804080B2042BADF808003CD008D8D7
:101A60005A1E022A11D92B780BB1FFF78DFF06B051
:101A700070BD052BF7D16368002B43D18DF804604E
:101A80004FF6FF73ADF808301DE043F6FE76B04226
:101A9000E18904D901F5804292B2B242E3D8DA1E5C
:101AA000534253418DF80D30A368049363688DF859
:101AB0000C1063B909238DF804309DF8143043F0FD
:101AC00001038DF8143001A8FFF758FFCBE70A2275
:101AD0008DF804200593F6E743F6FE739842C2D8CA
:101AE000E389002BBFD163683BB90B238DF8043029
:101AF00000F014FC01232B70E5E70C228DF8042084
:101B00000393F7E715228DF804200393B8E700BF8D
:101B10000853002007B50023A1F58041A0F58040BF
:101B2000CDE9003389B26B4680B224F0E3FC002893
:101B300018BF052003B05DF804FB000030B5204855
:101B400089B024F003FB70B11E4A1F4B1F499B1A3A
:101B5000DB081B04024643F0010025F06DFD032461
:101B6000204609B030BD24F007FB044660B1154B98
:101B700015481749C01AC0080004224640F0010069
:101B800025F05AFD8624EBE700F0A8FBCDE90344DD
:101B900003AA05A94CF2070024F0B9FC0028DFD104
:101BA00001A905A824F002FC019B9D8805F580454C
:101BB000ADB205A824F020FC284600F097FBE7E72B
:101BC000391A020034220500DC220500F4E3040087
:101BD00036E40400F0B5FF2887B004460E461546EB
:101BE0001F462BD80846FFF7C1FE38B303AA20468C
:101BF000FFF790FF18B10524204607B0F0BD01A9FA
:101C000003A824F0D3FB04460028F4D1019BAE7056
:101C10005E8802992E8027B9696003A824F0ECFB46
:101C2000EAE73F686868B600B74228BF37463A46D9
:101C300013F040FDBE42F0D90C24DDE70724DBE7BA
:101C4000024B0022C3E90022704700BF005300206E
:101C5000F0B587B00646FFF789FE0F4615460446E5
:101C6000F8B1A6F58040104A03A980B224F04FFCD9
:101C700018B10024204607B0F0BD01A903A824F044
:101C800095FB0028F5D1019BAE705A889B882A806D
:101C900003F58043029A6A6003A83B8024F0ACFB02
:101CA000E8E70124E6E700BF0053002070B5FF28F5
:101CB00086B006460B4615464AD889780846FFF78F
:101CC00055FE002844D0A6F58042ADF80020A1F5CD
:101CD0008042ADF802205A6801921B88029303AA41
:101CE0003046FFF717FF0528694603A812D124F0F4
:101CF000A7FB0446A8B1A0F50643023B0B2B19D85D
:101D00000B2B17D8DFE803F0141616160926161643
:101D10001616162624F098FBEBE78624204606B01C
:101D200070BD002DFAD0294603A824F00AFCF5E77F
:101D30001024F3E70848094D09492D1AED082D0430
:101D40002246334645F0010025F07FFC0324E5E7F9
:101D50000724E3E71124E1E734220500DC22050033
:101D600074E404004FF6FF7000F0C0BAFF2808B515
:101D700005D800F0C1FAFFF707FE002008BD0720D4
:101D8000FCE700F0E1BA00F00DBB00F025BB00005D
:101D90000A68084B70B50C25032A01D9002006E01B
:101DA00005FB02F4E65A864202D10A60181970BD9A
:101DB0000132F1E76054002037B500230D46044698
:101DC000019301A9FFF7E4FF38B18378AB4206D154
:101DD000837A9B0703D143680BB903B030BD019BE5
:101DE0000133019301A92046ECE710B50446FCF746
:101DF00097FC2046FDF776FE2046FFF7A1FA204625
:101E0000BDE81040FFF784B870B50E4E04460025BB
:101E1000237AAB420DD84FF6FF732380A3700023C3
:101E200063604FF47F432381A37A23F00303A372FB
:101E300070BD617A2944C9B2304600F000FB01351B
:101E4000E6E700BF5054002037B50023CDE900334A
:101E5000417A83788DF802300446324800F0D6FA91
:101E600060B93148314B627A3149C01AC008000468
:101E700040F0010025F0E0FB032046E0237AA27841
:101E80008DF8022003EB83039B00ADF80030531E56
:101E90000190072B08D8DFE803F022070707072285
:101EA00004241423ADF800302246694632F8040BAE
:101EB000FFF7FCFE11282AD017D810B3072824D02A
:101EC00023F08AFB184D23881A49024617482D1A19
:101ED000ED082D0445F0010025F0B7FBCCE7012308
:101EE000E0E7838809339B08DCE78628E8D1A37AFA
:101EF00023F0030343F00103A3720F4B01221A7076
:101F000003E0A37A23F00303A37203B030BDA37AE6
:101F100023F0030343F00203A372074B01221A705C
:101F20000020F2E750540020D4220500342205009E
:101F3000DBE404001BE504004C5400202DE9F047CD
:101F40003E4FC16886B005463A4600233E4650687B
:101F500081421BD10C2000FB03602B78DFF8EC8062
:101F60000A2B1AD0142B4AD0092B4AD16C7A002C98
:101F700047D1002847D0FFF747FF2846FFF735FF36
:101F800098F800308BB906B0BDE8F0870133042B18
:101F900002F10C02DBD10020DFE76C7A8CBB90B33E
:101FA000837A446043F002038372002588F800506E
:101FB0004FF00C094FF0010A09FB05639B7A990762
:101FC000C3F3400201D4DB0732D588F800A002B980
:101FD00074B33846FFF738FF50B34FF6FF72ADF8D1
:101FE00006200C2255438628725BADF808200CD1E0
:101FF00007238DF8043001A8FFF7F7FEC3E701249B
:10200000BBE70024B9E70446B7E708228DF80420AF
:10201000039023F0E1FA0A4C735B0A4902460A482E
:10202000241AE408240444F0010025F00EFBE2E742
:102030000135042D07F10C07BED1A4E76054002040
:10204000D42205004AE50400342205004C54002047
:102050001C4BF7B500221E464FF6FF754FF0FF0CE4
:102060000C27104607FB02641D809D7083F809C091
:10207000A17A013221F00301042AA17203F10C03B9
:1020800003F8040C43F8080CECD15023CDE90023ED
:102090000D490E4B0E484FF4A07200F0A3F9034611
:1020A00068B123F099FA0B4B0B4902460B481B1AF7
:1020B000DB081B0443F0010025F0BEFA0323184699
:1020C00003B0F0BD605400200C5300209054002059
:1020D00050540020D4220500AAE504003422050053
:1020E0000023FFF777BD00002DE9F04180460E4642
:1020F00014461F46002B5DD0CB1F012B5CD8531E0E
:10210000032B59D8FFF758FE054610BBFF214FF6A9
:10211000FF70FFF751FE0546C8B1A0F80080867039
:102120006B7AFF2B1AD12548214600F0A0F9FF2831
:10213000687229D14FF6FF732B8000236B604FF438
:102140007F432B81AB7AA87023F00303AB7211207D
:1021500018E0037AA342E3D00F2013E04FF0000809
:10216000697A16482C7200F051F980B9144B154861
:102170006A7A1549C01AC008000440F0010025F031
:102180005BFA0320BDE8F0814FF00108E8E704EBBB
:10219000840424010334C4F38D04BE7078603C8051
:1021A000B8F1000F04D0082E02D1A400063C8480B0
:1021B0000020E7E70E20E5E70720E3E75054002082
:1021C00034220500D4220500C8E5040008B5FFF755
:1021D000F3FD18B1FFF718FE002008BD0520FCE74D
:1021E0007FB500230546039303A9FFF7D1FD0446FD
:1021F000A8B92846FFF7BAFD014640B3072826D004
:1022000023F0EAF9164C174903461748241AE40844
:1022100024042A4644F0010025F017FA16E0A178BC
:102220002846FFF7D3FFA8B1052813D023F0D4F92F
:102230000B4EA378009302460B480C49361AF60859
:1022400036042B4646F0010025F009FA0321084622
:1022500004B070BD039B0133039303A92846C4E770
:10226000D422050092E60400342205003CE6040076
:10227000CB1F012B70B506460C46154601D9072029
:1022800070BD1046FFF77DFD0028F8D0214630468E
:10229000FFF792FD28B184700580BDE87040FFF71C
:1022A000D3BD0520ECE710B54FF6FF7304469C4202
:1022B00008460AD14FF4807124F0A0FA84B2B4F534
:1022C000807F09D14FF6FF7406E0FF2CFAD8214633
:1022D00024F073FA0028F5D1204610BD02484022B0
:1022E000002113F0F5B900BF945400200149FFF715
:1022F000DABF00BF945400204FF6FF73984210B528
:10230000044606D00449FFF7CEFF231A584258412D
:1023100010BD0020FCE700BFB4540020FF2807B523
:1023200001460AD80190064824F055FA019905485B
:1023300003B05DF804EB24F04EBA03B05DF804FB83
:1023400094540020B4540020FF28014602D80248CB
:1023500024F04BBA0020704794540020FF28014617
:1023600002D8024824F041BA00207047B45400203B
:102370004FF6FF73984270B518BF441C0E4614BF49
:10238000A4B20024A5B2FF2D02D94FF6FF7506E0D6
:102390002146304624F029FA01340028F2D028469C
:1023A00070BD000070B50B490A4EFFF7E1FF4FF614
:1023B000FF750446AC4201D1204670BD2046FFF7B0
:1023C000CDFF0028F8D020463146FFF7D1FF044664
:1023D000F0E700BF945400200149FFF7C9BF00BFD8
:1023E000B454002070B5DDE9045468B161B15BB14B
:1023F00004FB05F6964207D835B12CB1C0E90013AD
:10240000C0E90254002070BD0720FCE738B50D4636
:10241000044608B9002038BD0368002BFAD0406894
:102420000028F7D0FF29F5D0BFF35F8F24F0DDF946
:102430000028EFD0E068236800FB0530EBE738B5F3
:102440000D46044690B1036883B1406870B1FF291E
:102450000CD0BFF35F8F24F0C8F938B16068BFF3C8
:102460005F8F2946BDE8384024F0B5B938BD2DE965
:10247000F0418846064618B9FF242046BDE8F081A1
:102480000368002BF8D04368002BF5D00027FF2409
:10249000B368FDB2AB42EFD97068294624F08DF9DC
:1024A000BFF35F8F40B9FF2C08BF2C462D1B0135B1
:1024B0004545E2D00137EBE7FF2C07D1FF24F9E7D0
:1024C00021463046FFF7BBFF0134E4B2AC42F7D3FC
:1024D000F4E76DDF704779DF70477DDF704764DFB9
:1024E00070472DE9F04F85B000250E9CBDF83CB03B
:1024F000B4F800A00191074690461E46A9463A88C6
:102500004A450DDC45B12388013BA3EB0A039BB28E
:10251000FF2B3AD806F80A30002005B0BDE8F08F4E
:102520007A6852F82900039000220DF10B0103A8EC
:10253000FFF7D5FF0028F0D19DF80B20424521D1AF
:102540002288002D14BF0020022002EB0801014464
:1025500059451ADC3DB9013292B2019B2280B35435
:1025600022880132228022880DF10B01324403A817
:10257000FFF7B5FF0028D0D121889DF80B200A4431
:102580002280012509F10109B9E70C20C5E72DE9F1
:10259000F341089FBDF824801546CDE9007802225A
:1025A00004461E46FFF79DFF50B9334610222946C8
:1025B0002046CDE9087802B0BDE8F041FFF791BFB1
:1025C00002B0BDE8F0812DE9F04F00231788138099
:1025D00090F82D3085B006460D4614465BB3082FA3
:1025E00001D80C2028E102A8FFF773FF002840F073
:1025F00023812388DDF809100822EA542388013357
:102600009BB21B222380EA54238801339BB2EA1831
:102610002380E950BDF80D30938023889DF8082071
:1026200006339BB212F0FE0218BF01222380EA5447
:10263000238801332380B378FBB123880433BB4262
:10264000CFD802A8FFF747FF002840F0F580238885
:102650000322EA54238801339BB219222380EA54CF
:102660002388BDF8082001339BB2E9182380EA547F
:10267000120A4A70238802332380F2789AB12388A1
:10268000D91CB942ADD80221E954238801339BB249
:1026900001212380E95423880B449BB22380EA5410
:1026A00023880B4423807268AAB12388D91CB942BD
:1026B00097D8022192F90020E954238801339BB274
:1026C0000A212380E954238801339BB22380EA54F2
:1026D0002388013323803389002B40F0A180338A83
:1026E0005BB1CDE900472B460722032106F110001C
:1026F000FFF74DFF002840F09F80338B5BB1CDE9A1
:1027000000472B461522142106F11800FFF73FFF62
:10271000002840F09180326A002A40F09080D6F87C
:102720002480B8F1000F30D0B8F804302188981C0C
:102730008A1C0244BA423FF654AFFE283FF651AF1E
:1027400003336B54238801339BB2FF222380EA5466
:10275000238801339BB22380B8F80020EA54E9189B
:10276000120A4A702088023080B22080B8F8042013
:102770005AB1D8F8081000296BD0284412F09AFFFB
:102780002388B8F804201344238096F82C30002BBB
:1027900040F09880307800284ED03388012B58D0F4
:1027A000228802F1020CBC453FF61BAF012805D17F
:1027B0007378023313449F42FFF413AF023FBF1AF2
:1027C000BFB202A905EB0C00ADF80870FFF785FE5B
:1027D00090BB3178BDF80830022900F0B9807278DA
:1027E0009A4202D39F4280F0B180012940F0B2802A
:1027F000974293B2C0F0AE80ADF808300821BDF822
:102800000830FE2B3FF6EDAE22880133AB54228810
:10281000013292B22280A9542288134423800BE013
:10282000CDE900472B460622022106F10800FFF7FA
:10283000AEFE00283FF453AF05B0BDE8F08FB4F80A
:1028400000C00CF10603BB423FF6CBAE1188052950
:1028500001D80720F0E76FF4486E01EB0E039BB23E
:102860004FF27D3E7345F4D95388052BF1D96FF4AF
:102870004860181880B27045EBD94FF6FF7081425E
:1028800001D09942E5D8052305F80C30238801339F
:102890009BB212212380E954238801339BB2238009
:1028A0001188E954E818090A4170238802339BB261
:1028B00023805288EA54E918120A4A7023880233A6
:1028C00023802CE7B36A002BC3D04FF000084FF0F1
:1028D0000C0A4FF0160BB16A5FFA88F20AFB02F29B
:1028E00001EB0209B9F80430981CFE283FF679AED6
:1028F000208803332B54238801339BB2238005F8AF
:1029000003B0238801339BB223808A5AEA54E91822
:10291000120A4A702088023080B22080B9F8042060
:102920005AB1D9F80810002993D0284412F0C2FEF9
:102930002388B9F804201344238096F82C2008F14A
:1029400001085FFA88F39A42C5D823E7092156E7C0
:102950009F42FBD2ADF8087050E730B5C8B1F2B174
:102960000024651C8D4206DA1588A54212D8051987
:102970006D789D420ED1A14211D9005D48B1013858
:1029800080B230B10234A3B210FA84F4A14206DB63
:10299000138030BD055D01352C44A4B2E1E7002071
:1029A000F7E713B513460022ADF806200DF1060235
:1029B0000446FFF7D2FF10B1BDF80630E01802B0B0
:1029C00010BD00002DE9F04F012891B00F461546CB
:1029D00040F0BB805E4BDFF8B8B11A685D4B1A60FF
:1029E0000B685D499B680246286813F071FC3E46FF
:1029F00004464FF000087B682868A9889845204461
:102A0000A1EB040118DB554A13F02EFCA9882868B5
:102A1000534A0134091B204413F026FC514B524801
:102A20002A685249C01AC008000440F0030011B0DF
:102A3000BDE8F04F24F000BEB8F1000F03D05A46B5
:102A400013F012FC01342B6896F80AC04848494A32
:102A50000993BCF1000F08BF0246A9880998338981
:102A60000092091B2044444A13F0FEFBB37A04444D
:102A7000002B56D1A98828683369404A091B204495
:102A800013F0F2FB3E4B04440CA9186800F049FC1B
:102A900000285AD10E9816F05DFA012832D12B6821
:102AA000B6F91E00B5F804A003EB040916F0DEFB2E
:102AB000B6F91C008DED0B0A16F0D8FBF37EB6F9C3
:102AC000140009938DED0A0A16F0D0FB10EE100ADF
:102AD00029F048F8099B04930A9BCDE906011846A2
:102AE00029F040F80B9ACDE90201104629F03AF896
:102AF000AAEB040ACDE90001224A5146484613F0E8
:102B0000B3FB0444DFF88C90306999F80030A3B12E
:102B1000272806DC1C49C0B2FBF712F8002389F80D
:102B20000030A98828680E4A091B204413F09CFB3A
:102B3000013408F1010820365DE77828F1DD1349FA
:102B4000C0B2FAF7FDFF0123E9E711B0BDE8F08F4D
:102B50006846002014410020FCE60400D0E7040091
:102B6000CEE70400342205006C2205009AC604005A
:102B7000F9E60400F5E6040025E7040044E7040054
:102B8000085500204FE704008EE70400ACE704007E
:102B900023E70400124100202DE980489C4B9D4E04
:102BA0009D4DF61A9D4B89B0F60836045B6802937A
:102BB00046F0030946F00106994C029B98472068AD
:102BC00042F210720DF11701FAF734FC0028F4D12B
:102BD0009DF81730002B00F0F48095F800B0914C70
:102BE00095F80BC0698F6868A18000231BF0010B6A
:102BF0004FF00002C4E90A231CBF40F201132381F5
:102C00002B7AA372AB7A84F84E3095F8233008BF44
:102C1000A4F808B0022B18BF00236A6984F850306A
:102C2000EB692363A263AA69B2FBF3F394F8432030
:102C3000E18142F0030284F843206A7CB5F83D103C
:102C40002060003A18BF0122013384F8402094F834
:102C5000652063636B7A2373BCF1000F18BF42F0E9
:102C60000102012384F8652084F84F302182A4F802
:102C7000E41095F83F1084F85A10B5F840106A4FE8
:102C800095F83C20236249BAA4F85810B5F84210D0
:102C9000C4F8202249BAA4F85610B5F8441084F8B4
:102CA000443049BAA4F8541095F8461084F85310EB
:102CB000298CA4F84C1084F86B3084F8C03038604C
:102CC000BBF1000F1FD0120210460392FAF73CFA34
:102CD000DFF8A4A1DFF89481039ACAF80000A8B92C
:102CE0005249304624F0A4FC47210120FAF76AF942
:102CF000D8F8000000F087FA002851D04C4930463F
:102D000024F096FC58E74FF48072DDE74949AAF8B1
:102D10000420D8F80000002215F052FD0121D8F857
:102D2000000000F0B2FAE189D8F8000000F09EFA45
:102D300000230093404A414BD8F800104048CDF89A
:102D400004A001F08DFA28B13E49304624F070FC11
:102D50000121CAE73A4801F0B4FA024608B13A49FB
:102D6000F3E73968364806AB01F0B2FA08B13749E3
:102D7000EBE7374C07992F4A3148216015F072FD77
:102D800008B13449E1E7BBF1000FB1D0324A216804
:102D90002B4801F0BFFA00B20028A9D02F49D4E790
:102DA0002B4B2748196801F09AFA08B12C49A6E77D
:102DB0002C4B2D4901221A7048463B6824F045FCF3
:102DC000FAE6284F3B78002B3FF4F6AE274B204C19
:102DD000186800F029FA2168194801F089FA08B149
:102DE00023498CE72168164801F08BFA044608B1A4
:102DF000204984E7124801F05FFA1F4B1868FAF780
:102E0000E1F91E493C700122484624F015FCD3E646
:102E1000342205006C220500B0400020C0C9040027
:102E2000FC5400206846002014410020D2E7040032
:102E300089E8040070460020C5290200E4E7040088
:102E4000D4540020ECE7040004E8040025E8040062
:102E50000455002045E804004847002068E80400C5
:102E60009DE80400F0540020BEE80400085500204E
:102E7000EEE804000EE90400F454002030E90400F8
:102E800037B54FF48050FAF75FF92B4D286060B9E1
:102E90002A4B2B482B49C01AC008000440F00100FF
:102EA00024F0C6FB472003B030BD274815F06AFC6C
:102EB000044680B1214B22482449C01AC0080004AE
:102EC00040F0010024F0B4FB214B224A224840F29A
:102ED000B71112F073FB4FF480530322CDE9003297
:102EE00001462B681D4A1E48FAF7C0FA70B9134B09
:102EF00013481C49C01AC008000440F0010024F027
:102F000097FB2868FAF75EF93820CCE7FAF769FAF8
:102F1000154B186070B9094B09481449C01AC0080C
:102F2000000440F0010024F083FB2868FAF74AF916
:102F30003B20B8E72046B6E70055002034220500C4
:102F40006C2205004FE90400085500207DE90400CB
:102F500093E9040043EA040099E9040006EA040046
:102F6000992B02000BEA0400FC54002026EA04001E
:102F7000024B01211868FAF754BA00BFFC54002034
:102F8000024B00211868FAF74CBA00BFFC5400202D
:102F90002DE9F041E2B004460E4617460021F0222A
:102FA00026A812F095FB602200210EA812F090FBDB
:102FB000A5681C2235F8048B0021684612F088FBB6
:102FC0000023A8F104080394ADF81C3107AC489322
:102FD0000E2240F20D1326A96846CDE90155CDF821
:102FE00010804694ADF8243102F094F8A0B904237F
:102FF000ADF87C3040F209132090ADF88430ADF884
:103000008C0024900D2305220EA920461E9722969F
:10301000ADF8943002F07EF862B0BDE8F08170B592
:10302000B0B1A9B1002200F158050C2606FB02F44C
:103030002B5D3BB9086020440A71012280F85820BA
:10304000184670BD01320A2AF0D16FF00500F8E78A
:103050006FF00A00F5E768B10279092A0DD850210E
:103060000C2313FB02130168CA180020C8505060DB
:10307000906070476FF00A0070476FF0160070475D
:1030800010B50C4600F1D8010120FAF777F858B1D5
:10309000042303764FF40873C36200F1D803C360BE
:1030A00000F118030361846310BDFAF78BB80000C8
:1030B000014B1860002070470C550020024A002385
:1030C00043641360704700BF0C550020034610B4E2
:1030D0005A6C08463AB1D4682CB1986C0022234649
:1030E0005DF8044B18475DF8044B01F0C3BF436C17
:1030F00023B19B6813B1806C0021184770470346C9
:1031000010B45A6C08463AB114682CB1986C01227C
:1031100023465DF8044B18475DF8044B01F0AABF45
:10312000084B10B41C68636C3BB11B682BB10146A3
:103130000022A06C5DF8044B18475DF8044B01F0C9
:1031400099BF00BF0C550020C36B0BB1006C184732
:1031500070470000F8B50E4B1B68DB6C05460C464B
:1031600083B1C36C8E6818461C22002136F8047B9C
:1031700012F0AEFAEB6C043FC0E901660761DC6057
:103180000020F8BD084601F075FF6FF00A00F8E76F
:103190000C55002070B50139092988B0164617D89A
:1031A0000C2404FB0104636DABB16A4601A93046EF
:1031B000FFF7EEFE054688B9636D0099206D01AA00
:1031C000984716B1304601F055FF284608B070BD4B
:1031D0006FF01605F5E76FF00605F2E70025F0E75A
:1031E00010B5044606F086FF28B901F0A9FE10B913
:1031F000014B1B68236010BD0C55002010B1836B80
:103200005B681847704710B5044640B1FFF7F6FFFA
:1032100040B9A36B20469B68BDE8104018476FF08B
:10322000080010BD0020FCE710B5044640B1FFF7D0
:10323000E5FF20B1A36B2046DB689847002010BD56
:103240006FF00800FBE710B551B10379092B0AD8DC
:1032500000680C2404FB0303C3E91421002010BD03
:103260006FF00A00FBE76FF01600F8E71FB548B1F2
:10327000836BADF80A101B6A01226946984705B0B6
:103280005DF804FB6FF00800F9E710B1836BDB6BAE
:1032900018476FF00800704718B102B1526801F08A
:1032A000F5BA6FF00800704710B4019C30B104B15A
:1032B000646801945DF8044B01F000BB6FF00800F6
:1032C0005DF8044B704770B588B004460D9DC8B1D9
:1032D0000DB1287EC8B90E980079013000260790FC
:1032E0000F98E064CDE9056605B16D6805A8CDE9E4
:1032F00001500C980090204601F0FEFA0023E36490
:1033000008B070BD6FF00800FAE76FF00400F7E74F
:1033100010B5044620B1C06801F0ACFE0023E360A4
:1033200010BD1FB50C4668B1694601F005FB38B900
:10333000DDE90023C4E90023029BA360039BE36053
:1033400004B010BD6FF00800FAE7D0E900320820A1
:10335000184700007FB5134670B10191084900225B
:10336000CDE90413083001AB0521CDE9022209F0B3
:1033700097FD07B05DF804FB6FF00A00F9E700BFA6
:103380009734020030B50C468FB005466A460321DB
:10339000204601F023FE07AA0021204601F01EFE70
:1033A000AA880121204601F0F2FFAB7983B12A6897
:1033B0000221204601F0F6FFEB794BB1102B01D032
:1033C000202B10D105F108020321204601F0F4FF63
:1033D00007A9204601F020FE6946204601F01CFEA8
:1033E00000200FB030BD6FF00A00FAE7F0B50C46D0
:1033F00097B0074601AA2321204601F0EFFD3D1DAD
:1034000000263B68B34205F1070506D801A920460E
:1034100001F002FE002017B0F0BD314608AA204698
:1034200001F0DCFD15F8072C0121204601F0A4FF76
:1034300015F8062C0221204601F09EFF15F8052CF8
:103440000321204601F098FF0FAA0421204601F035
:10345000C5FD15F8042C0121204601F08DFF15F85B
:10346000032C0221204601F087FF0FA9204601F01E
:10347000D3FD15F8022C0521204601F07DFF15F83B
:10348000012C0621204601F077FF08A9204601F013
:10349000C3FD0136B5E710B40446D4E9013208464D
:1034A00021785DF8044B01F063BD10B50B010024D9
:1034B00000EB01111470C25001238B818B808C6052
:1034C00010BD30B595B00C46054650220021684627
:1034D00012F0FEF801220723A118ADF81420ADF870
:1034E0001C30ADF83420ADF83C300422A31C049409
:1034F0000C9108931444022369462846ADF8243001
:10350000ADF82C201094ADF84430ADF84C2001F00B
:1035100001FE002818BF6FF00A0015B030BD2DE97C
:10352000F04F2DED028BADF5257D00AF05468846A9
:10353000164600214FF4D07207F1F00012F0C8F8DF
:1035400010210120F9F71AFE0446002800F04281FC
:1035500000234FF0070BC8F80000A7F8C43186F825
:1035600000B0C7F8C83107F1180640F20D13192250
:1035700007F1F0012846C7F8C061A7F8CC3101F087
:10358000C9FD814600287AD10146E0606081802231
:1035900007F1700012F09CF80423A7F8843040F281
:1035A0000913A7F88C30A21D04F10803C7F8B03046
:1035B000C7F8A02040F2071304F10A02A7F8BC30B4
:1035C000C7F8D020231D0D224FF002084FF4847558
:1035D000C7F89030A7F8EC2007F134034FF0010A48
:1035E0005A4607F170013046C7F88890C7F8B8907E
:1035F000C7F89890C7F8A890C7F8D890A7F8E490B3
:10360000C7F8E890C7F88040A7F8B4A0A7F894805E
:10361000A7F89C50A7F8A480A7F8AC50A7F8D480CE
:10362000A7F8DC50C7F8E03001F074FD814630BBEC
:1036300097F8ED20930722D56B460146202207F12B
:10364000500008EE103A07F1160B12F041F85246FE
:1036500007F1500107F13400A7F81690C7F86890F9
:10366000C7F860B0A7F86480A7F86C5001F052FD6D
:103670008146002875D1FA8A4AB96FF00A0948468E
:1036800007F52577BD46BDEC028BBDE8F08F61895B
:103690000029F2D0B1FBF2F39DB202FB13139BB2EF
:1036A00003B101354FEA450A0AF101026B46A3EB6B
:1036B00002139D460AF1070323F00703AD00EB4612
:1036C000ADEB030DEB1D23F00703C7F80CD0ADEBFA
:1036D000030DE84612010021584611F0F9FF2A4671
:1036E0000021404611F0F4FF07F134034FF00009C8
:1036F000C7F8E03007220D2307F170013046A7F824
:10370000E490C7F8E890A7F8EC3001F003FDF96801
:10371000C7F808900A4652440BF1100346467A60F7
:1037200040464FF0010C4FF004094FF00C0E7A6840
:10373000914203F1200318D15246594607F1340053
:1037400001F0E8FCA844814600283AD161890120B3
:10375000F9F714FD0546E06088B3FB689C1E4645FA
:1037600020D118EE103A9D4689E74FF0020223F867
:103770001C2CBA6843F8182C4FF0080203F8142CDC
:10378000BA6843F8201C43F8100C03F813CC23F854
:103790000C9C43F8082C03F804EC03F803CC02312A
:1037A0000430C4E734F8022F3168284611F082FF54
:1037B00056F8040BF9F706FD23881D44CFE76FF098
:1037C0001009B045CDD056F8040B0028F9D0F9F710
:1037D000F9FCF6E76FF0100951E72DE9F04FADF570
:1037E000097D04468846174600214FF4D07220A870
:1037F00011F06EFF00226C21012005928DF812203D
:10380000F9F7BCFC0DF114090DF11206054600286C
:103810007CD0002209217E926E92ADF8C421729272
:1038200040F20D12C8F800004FF001033970ADF8F6
:10383000CC2120464FF0040B40F2091A40F2071841
:1038400009AF192220A9CDF8F091ADF8F4B1ADF887
:10385000FCA16C96ADF8B431ADF8BC81709701F065
:1038600059FC0446002846D1D9F800302B60337843
:103870002B71402201468DF813000DEB020011F070
:1038800027FF05F1080314930223ADF854304FF4D9
:103890008473ADF85C3005F10C03189305F1100347
:1038A0001C934FF001030DF1130616941A941E9405
:1038B000ADF87C8085F86840ADF864B0ADF86CA0D8
:1038C000ADF874300C244FF008080DF1180995F884
:1038D0006820072A0DD814FB02830092CDE90196D7
:1038E0002B44032210A9384601F0C4FC10B93378E8
:1038F00033B90020044620460DF5097DBDE8F08F60
:1039000095F86830013385F86830E0E76FF010040F
:10391000F1E72DE9F04FADF2746D0024CDE9051209
:10392000804621464FF4D07260A80A940B940C9400
:1039300011F0CEFE40F20912ADF8FC22ADF80C22D7
:1039400010AB0C2204270D260AAD0DF12C090DF148
:10395000300BADF88C2270930DF1780A17AB192259
:1039600060A94046ADF8C441ADF86442ADF8744278
:10397000BC95ADF8F472CDF80092ADF80472CDF8B4
:1039800080B2ADF88472ADF8CC619893ADF86C62FA
:10399000CDF870A2ADF87C6201F0BCFB044668B9BA
:1039A0009DF8CD21930740F1E783024620210120B5
:1039B000F9F7B4FC824648B96FF010040C9801F096
:1039C00059FB20460DF2746DBDE8F08F2A68026045
:1039D000D9F800204260DBF80020C26121464FF494
:1039E000D072C8A8CBF8004011F072FE25AB1922A6
:1039F000C8A94046ADF8B443EE94EC93ADF8BC636F
:103A000001F088FB0446002839D10146602248A80D
:103A100011F05EFE0AF108034C930923ADF83C3126
:103A2000ADF85C310123ADF8643140F20713ADF815
:103A30006C310AF110030AF10C0250930823ADF81F
:103A400034715492ADF854710DF12605ADF844313E
:103A50002CAF0A23052248A910A84E9456945895D5
:103A60005A945294ADF84C315C97ADF874415E9421
:103A7000ADF87C6101F04EFB28B16FF00A045046AE
:103A8000F9F7A0FB9AE79DF87D3113F0020F2B7830
:103A900014BF3E460026032BEFD8DFE813F02A03BD
:103AA0000400B8011C0101224FF484711046F9F79B
:103AB00035FC054610B96FF01004E0E7059BC0F82F
:103AC00000A01860069B01271F70002E00F0A9803F
:103AD0004FF4887200210DF5986011F0F9FD4FF058
:103AE000020B05F10803CDF8D03405F10C024FF4B8
:103AF000847359460DF59860ADF8DC34ADF8D4B454
:103B0000FFF7D3FC05F10B020521CDF80025ADF838
:103B10004C1505F10D020D2105F10A03CDF8102514
:103B2000ADF85C1505F11002ADF86C15ADF87C151B
:103B300005F114010024CDF8F034CDF84025072319
:103B40000422CDF880150DF1CC080DF1E80941A84B
:103B500005F11601ADF8F474ADF80475ADF81475FF
:103B6000ADF84425ADF88C25CDF8F844ADF8FC341B
:103B7000CDF80845ADF80C35CDF81845ADF81C3535
:103B8000CDF84845CDF85085ADF85445CDF85845A9
:103B9000CDF86095ADF86445CDF86845CDF8700571
:103BA000ADF87445CDF87845ADF884B5CDF88845C5
:103BB000CDF89015ADF89C2505F11802CDF8A0259B
:103BC00005F11902CDF8B02505F12602ADF8A4756E
:103BD000ADF8B475ADF8C475ADF894B5CDF89845A9
:103BE000CDF8A845ADF8AC35CDF8B845ADF8BC3545
:103BF000CDF8C025CDF8C845ADF8CC350DF1270777
:103C00006A68029705EB42130DA9CDE9002108333C
:103C100010220DF59861304601F02CFB08B93B7875
:103C20003BB99DF8BD0310F0020040F072820446DB
:103C3000C4E6D5F804B09DF8FD249DF8ED1405EB1D
:103C40004B101143847A01F0020151EA040304BFCE
:103C5000212181729DF84D154FEA4B1288075EBFF6
:103C6000A9186FF0004008619DF85D1589071CD404
:103C70009DF86D158B0707D502F11A0129444846B6
:103C8000FFF71FFC0446D8B99DF87D25940708D599
:103C90000BF1010105EB411141A8FFF712FC0446AD
:103CA00070B96B6801336B60AAE702F11A0129440D
:103CB00040460792FFF705FC079A04460028D7D034
:103CC000059B00261E602846F9F77CFA069B1E70AD
:103CD000002CA6D0D3E601224FF49A711046F9F7D2
:103CE0001DFB054600283FF4E6AE059BC0F800A08A
:103CF0001860069B02241C70002E92D04FF488722C
:103D000000210DF5986011F0E3FC05F10803CDF8F2
:103D1000D03405F10A03CDF8F03440F20713ADF8C2
:103D2000FC34ADF81C35ADF82C3505F10E0301213E
:103D300005F10B07CDF8303533AB00224FF484701A
:103D4000ADF8F414CDF81075ADF8141505F10C07A5
:103D5000ADF82415CDF850350DF1E8090D2341A932
:103D6000CDF82075ADF8D444ADF8DC04ADF8344599
:103D7000ADF83C05ADF85425ADF85C35CDF860954F
:103D8000ADF86425ADF86C35CDF87015ADF8742537
:103D9000ADF87C3514270DF127080DF1340B6A6856
:103DA000009207FB0253CDE901B8083310220DF54C
:103DB0009861304601F05EFA00287FF432AF98F83F
:103DC0000030002B3FF42DAF9DF86D256B689007F8
:103DD00011D49DF87D25910709D507FB03511631B4
:103DE00041A8FFF76EFB044600287FF469AF6B68BB
:103DF00001336B60D3E707FB03511031484607934B
:103E0000FFF75FFB079B04460028E2D058E74FF41A
:103E1000D87200210DF5986011F05AFC01220C2196
:103E20001046F9F77BFA074600283FF444AE059B9D
:103E3000069AC0F800A0186004231370002E3FF407
:103E4000F0AE0DF1E8094946304601F06AFA044641
:103E5000002840F0338107F1080833AB4A4641A9F6
:103E6000304601F064FA0446002840F027819DF8AE
:103E7000CC30002B3FF4D5AE012250211046F9F78B
:103E80004DFA0546002800F02B81031DCDF8D034F3
:103E900040F207124FF48473ADF8DC34ADF8EC2433
:103EA000831DC21D0830CDF8000505F10900CDF8CD
:103EB000100505F10A00CDF8200505F10B00CDF83D
:103EC000400505F10C000221CDF8E034CDF8F024D6
:103ED00001230722CDF8300505F1140E05F10D0080
:103EE000ADF8D414CDF8D844ADF8E434CDF8E844B6
:103EF000ADF8F434CDF8F844ADF8FC24ADF8043551
:103F0000CDF80845ADF80C25ADF81435CDF81845B9
:103F1000ADF81C25ADF82435CDF82845ADF82C2595
:103F2000ADF84435CDF84845ADF84C25ADF83435FD
:103F3000CDF83845ADF83C15CDF85005CDF8B0E5D5
:103F400005F1160E05F10E00CDF8A0E505F1170EEE
:103F5000CDF8700505F1120C05F11000CDF8C0E5A3
:103F600005F1180ECDF86005CDF890C508204FF08A
:103F7000040CCDF8D0E505F1190EADF85435CDF8A7
:103F80005845ADF85C25ADF87435CDF87845ADF8F9
:103F90007C25ADF86415CDF86845ADF86C05ADF835
:103FA0009415CDF89845ADF89CC5ADF8B415CDF88D
:103FB000B845ADF8BCC5ADF8A435CDF8A845ADF809
:103FC000AC25ADF8C435CDF8C845ADF8CC25ADF875
:103FD000D435CDF8D845ADF8DC25CDF880E5ADF881
:103FE000843505F11A03CDF8103605F11C03CDF820
:103FF000003605F12003CDF8E0350A23ADF88C2515
:10400000ADF8EC3505F12802ADF8FC3505F13003CB
:10401000CDF8F025CDF8203605F134020923ADF8AE
:104020002C36CDF83026ADF83C3605F1440205F1CA
:104030003803CDF85036CDF860260C230622CDF893
:104040008845ADF81416CDF81846ADF81C06ADF845
:104050000416CDF80846ADF80C06ADF8E405CDF829
:10406000E845ADF8F405CDF8F845ADF824C6CDF82F
:104070002846ADF834C6CDF83846ADF85436CDF8FC
:104080005846ADF85C36ADF86426CDF868461A227D
:10409000ADF86C36ADF8441605F14A03ADF84C06A0
:1040A0000DF5986141A8CDF84846CDF8403601F0AD
:1040B00031F8044668B12846F9F784F8059A0023D8
:1040C0001360BD687DB93846F9F77CF8069B1D7012
:1040D000FEE57B68C8F800500133A8467B60BCE66B
:1040E0006FF01004EAE72E682846F9F76BF83546BA
:1040F000E8E7012204211046F9F710F900283FF4FF
:10410000DAAC059B069AC0F800A018600323137070
:1041100087E5302200210DF5986011F0D9FA0121D0
:104120000820F9F7CDF8CAF8180000283FF4C3AC0E
:1041300040F20913CDF8D004ADF8DC34DAF81830C9
:10414000042100220B44ADF8D414CDF8D824CDF8C6
:10415000E034ADF8E414CDF8E8244FF4867302227D
:104160000DF5986125A8ADF8EC3400F0D3FF0446B6
:1041700000283FF423AC82E49DF86D329A072BD5DA
:1041800008210120F8F7FAFF00283FF415AC059B41
:10419000069A18602B680546214645F8043B05231E
:1041A00013700DF59860202211F092FA012240F26E
:1041B0000713CDF8D054ADF8D424CDF8D844ADF8D9
:1041C000DC340DF5986117A800F0A4FF041E18BF99
:1041D0006FF00A04FFF7F2BB9DF87D329B073BD5D9
:1041E00008210120F8F7CAFF064600283FF4E4AB97
:1041F000059B069A18602B680546214645F8043B46
:10420000062313700DF59860402211F061FA022325
:10421000ADF8D4344FF48473ADF8DC34B31D01220F
:10422000CDF8E034073640F20713ADF8E424ADF8DA
:10423000F424CDF8D054CDF8D844CDF8E844ADF806
:10424000EC34CDF8F064CDF8F844ADF8FC3403223A
:104250000DF598615046B7E76FF00A04FFF7AEBB63
:10426000F0B5164685B00446E8B1E2B14FF480627D
:1042700002920A9A019200F108070C4A0092024643
:10428000384608F0CFFD054650B90949384608F0D0
:10429000F6FD0849384608F0F9FD0B9B266063607F
:1042A000284605B0F0BD6FF00A05F9E752EA0400B0
:1042B0004B330200DD46020010B1083008F0D6BDD5
:1042C000704710B1083008F0E3BD6FF00A00704786
:1042D00010B1083008F0F4BD6FF00A00704720B14B
:1042E00000230222083008F059BE6FF00A00704720
:1042F00020B100230322083008F050BE6FF00A00FE
:10430000704720B100230422083008F047BE6FF048
:104310000A00704710B586B078B172B1084B0191B0
:104320000024CDE90232062101AB22460830CDE956
:10433000044408F0B5FD06B010BD6FF00A00FAE7BE
:10434000853302001FB501238DF803208DF804305A
:10435000029301AA0DF103030393FEF7FBFF05B0DF
:104360005DF804FB1FB502238DF8043001238DF89E
:104370000320029301AA0DF103030393FEF7EAFF62
:1043800005B05DF804FB1FB503238DF8043001234D
:104390008DF80320029301AA0DF103030393FEF7A6
:1043A000D9FF05B05DF804FB1FB504238DF8043078
:1043B00001238DF80320029301AA0DF10303039357
:1043C000FEF7C8FF05B05DF804FB1FB505238DF8A7
:1043D00004300223ADF80220029301AA6B44039338
:1043E000FEF7B8FF05B05DF804FB1FB509238DF893
:1043F0000430042300920DEB03020293CDF80CD09D
:10440000FEF7A8FF05B05DF804FB1FB50A238DF881
:104410000430042300920DEB03020293CDF80CD07C
:10442000FEF798FF05B05DF804FB1FB50B238DF870
:104430000430042300920DEB03020293CDF80CD05C
:10444000FEF788FF05B05DF804FB1FB50D238DF85E
:104450000430042300920DEB03020293CDF80CD03C
:10446000FEF778FF05B05DF804FB1FB510238DF84B
:10447000043001238DF80320029301AA0DF10303F8
:104480000393FEF767FF05B05DF804FB1FB5122329
:104490008DF8043001238DF80320029301AA0DF159
:1044A00003030393FEF756FF05B05DF804FB1FB549
:1044B00013238DF8043001238DF80320029301AA01
:1044C0000DF103030393FEF745FF05B05DF804FB10
:1044D0001FB519238DF8043001238DF803200293B2
:1044E00001AA0DF103030393FEF734FF05B05DF855
:1044F00004FB1FB51A238DF8043001238DF8032027
:10450000029301AA0DF103030393FEF723FF05B005
:104510005DF804FB1FB51B238DF8043001238DF8D3
:104520000320029301AA0DF103030393FEF712FF88
:1045300005B05DF804FB1FB51C238DF80430012382
:104540008DF80320029301AA0DF103030393FEF7F4
:1045500001FF05B05DF804FB1FB51E238DF8043084
:1045600001238DF80320029301AA0DF103030393A5
:10457000FEF7F0FE05B05DF804FB1FB521238DF8B2
:10458000043001238DF80320029301AA0DF10303E7
:104590000393FEF7DFFE05B05DF804FB1FB52C2387
:1045A0008DF8043001238DF80320029301AA0DF148
:1045B00003030393FEF7CEFE05B05DF804FB1FB5C1
:1045C0002D238DF8043001238DF80320029301AAD6
:1045D0000DF103030393FEF7BDFE05B05DF804FB88
:1045E0001FB52E238DF8043001238DF8032002938C
:1045F00001AA0DF103030393FEF7ACFE05B05DF8CD
:1046000004FB1FB52F238DF80430042300920DEB1B
:1046100003020293CDF80CD0FEF79CFE05B05DF8C6
:1046200004FBF0B589B0044603A8531E561D054689
:1046300013F8017F00F8017BB342F9D193798DF82B
:104640000830D3798DF8093026238DF814300223F1
:10465000069305AA02AB204607930191FEF77AFE66
:1046600050B927238DF814300199062305AA204656
:10467000CDE90635FEF76EFE09B0F0BD10B586B087
:1046800090B18AB113680A2B0ED8094B019100240E
:10469000CDE90432052101AB22460830CDE90244C0
:1046A00008F0FEFB06B010BD6FF00A00FAE700BF8D
:1046B000ED33020010B5044678B183692BB1586818
:1046C00009F0DFFAA069F8F77DFDE06900F0D2FC9F
:1046D0002046BDE81040F8F775BD10BD37B5002382
:1046E000102904468DF80330104601931DD014297B
:1046F00021D008292DD10DF1030201A9FFF709F9F5
:1047000028B9D4E9003201999DF803009847019C2B
:10471000FCB19DF80330013B082B1AD8DFE803F009
:10472000202020111616241616000DF1030201A9EF
:10473000FEF7F5FEE4E70DF1030201A9FFF74DF8DE
:10474000DEE72068FFF7B6FFA06820B92046F8F73B
:1047500039FD03B030BD0568F8F734FD2846F4E7AD
:104760002068FFF7A7FFF1E7E0680028EED0F8F730
:1047700029FDEBE71FB55200CDE90223062401AA6B
:104780008DF80440FEF7E6FD04B010BD0020704730
:1047900070470000024B18600620998101F096BC1A
:1047A0001C5500202DE9F0410B4688B00546144603
:1047B000002951D02B4E92F800E03768E7B12A4A21
:1047C0001268824218D1294A1278724512D8227092
:1047D0003946184610F06EFF24783846F8F7F2FC98
:1047E00000218C42316019DB284608B0BDE8F04159
:1047F000FFF7D0BF1E4CF0E71E4A6F4602F12008BB
:104800003E4610685168BC46ACE803000832424599
:104810006746F6D1BEF11F0F0DD8154CC4F17F4489
:1048200004F57F0404F56F44FA34102C17D8124BAA
:1048300033F91410D8E7202222702ABA344607929E
:1048400008AE224603CAB24218605960144603F10A
:104850000803F6D10021C7E76FF00A01C4E76FF043
:10486000A201C1E714550020105500201855002062
:10487000F8EFFFFF56EA040076EA0400024BB3F9B2
:104880000C20196804F022BE1C55002037B5C568FD
:1048900001920C46D5F8D8004FF0FF3114F0CCFB54
:1048A0002146019A0023284604F0C4FA0446D5F8AC
:1048B000D80014F0E5FB204603B030BD30B5C56824
:1048C00085B00C46D5F8D8004FF0FF31CDE9023263
:1048D00014F0B2FB0021019108990091DDE9023248
:1048E0002146284604F0BBFA0446D5F8D80014F057
:1048F000C7FB204605B030BD30B5C56887B00C4653
:10490000D5F8D8004FF0FF31CDE9043214F094FB14
:104910000C9902910B9901910A990091DDE90432F9
:104920002146284604F012FB0446D5F8D80014F0BE
:10493000A7FB204607B030BD38B5C5680C46D5F892
:10494000D8004FF0FF3114F077FB2B6ED3F8A03076
:104950004BB12146284698470446D5F8D80014F0B4
:104960008FFB204638BD6FF01104F6E7037D033B53
:10497000022B0BD8C368D3F8A8303BB1D0F8CC21B8
:10498000934214BF00206FF0120070470020704760
:10499000C368D0F89410586905F04BBB037D033B06
:1049A000022B01D90BF051B8002070470BF04AB828
:1049B000F8B5C46803230E460546237608F013FEB7
:1049C00005F59073236473682362B368E0636362E0
:1049D000284609F094FC3146284604F118070BF0EC
:1049E0002EF808B1002323763846F8BD0BF020B826
:1049F000037D033B022B07D8C368D3F8A8301BB153
:104A0000D0F8CC21934201D00BF005B870470AF0E2
:104A100091BB09F009BD09F032BD08B5C068B830D6
:104A200009F0D0FD002008BD09F083B913460A46FD
:104A3000194609F041B909F0BBB900231A4608F03C
:104A4000DBBA2DE9F3410C46D0E90E5607464FF08C
:104A5000021801AB042201212046CDF8048008F0A1
:104A6000CBFA10B16FF00E0027E201AB0422022155
:104A70002046CDF8048008F0BFFA0028F2D10122C8
:104A800001AB032120468DF8042008F0B5FA002878
:104A9000E8D104212046FFF7D0FF0028E2D107210A
:104AA0002046FFF7CAFF0028DCD108212046FFF787
:104AB000C4FF0028D6D109212046FFF7BEFF0028F9
:104AC000D0D10A212046FFF7B8FF0028CAD10B2118
:104AD0002046FFF7B2FF0028C4D114212046FFF77B
:104AE000ACFF0028BED115212046FFF7A6FF002805
:104AF000B8D118212046FFF7A0FF0028B2D1172116
:104B00002046FFF79AFF0028ACD119212046FFF775
:104B100094FF0028A6D11A212046FFF78EFF002817
:104B2000A0D11B212046FFF788FF00289AD11C2125
:104B30002046FFF782FF002894D113212046FFF77B
:104B40007CFF00288ED108230193042201AB22218F
:104B5000204608F051FA002884D124212046FFF78E
:104B60006CFF00287FF47EAF26212046FFF765FF0B
:104B700000287FF477AF27212046FFF75EFF00284B
:104B80007FF470AF28212046FFF757FF00287FF4FD
:104B900069AF3B6C1B691A7803EB82032B215B68BE
:104BA000ADF80430022201AB204608F025FA0028B7
:104BB0007FF458AF024606F00C0313430DD02D21AD
:104BC0002046FFF73AFF00287FF44CAF2E21204605
:104BD000FFF733FF00287FF445AF05F0A002002364
:104BE000134340F06D8105F4A0720023134306D0F7
:104BF00030212046FFF721FF00287FF433AF05F076
:104C000004020023134306D031212046FFF715FF8D
:104C100000287FF427AF05F008020023134306D0D5
:104C200032212046FFF709FF00287FF41BAF05F46F
:104C300000220023134306D034212046FFF7FDFE57
:104C400000287FF40FAF05F400120023134306D0B1
:104C500033212046FFF7F1FE00287FF403AF05F073
:104C600000520023134306D035212046FFF7E5FE0E
:104C700000287FF4F7AE05F080420023134306D0EE
:104C800036212046FFF7D9FE00287FF4EBAE05F071
:104C900000420023134306D037212046FFF7CDFE04
:104CA00000287FF4DFAE002206F00103134306D094
:104CB00038212046FFF7C1FE00287FF4D3AE002242
:104CC00006F00203134340F003813A212046FFF728
:104CD000B4FE00287FF4C6AE024606F00403134378
:104CE00040F0FE80002206F00803134306D03C216A
:104CF0002046FFF7A2FE00287FF4B4AE002206F0A3
:104D00001003134306D03D212046FFF796FE0028EE
:104D10007FF4A8AE002206F02003134306D03E2104
:104D20002046FFF78AFE00287FF49CAE05F02002A3
:104D30000023134306D03F212046FFF77EFE0028C4
:104D40007FF490AE05F040020023134306D04021CB
:104D50002046FFF772FE00287FF484AE05F0800243
:104D60000023134306D041212046FFF766FE0028AA
:104D70007FF478AE05F480720023134306D04221FD
:104D80002046FFF75AFE00287FF46CAE05F48062DF
:104D90000023134306D043212046FFF74EFE002890
:104DA0007FF460AE05F400620023134340F0A0805E
:104DB0007B6A0193042201AB4621204608F01CF9CE
:104DC00000287FF44FAEBB6A0193042201AB472158
:104DD000204608F011F900287FF444AE08F0E0FC0A
:104DE000C10700F18D8008F0DBFC020700F1908024
:104DF00008F0D6FCC30600F1938002238DF804303E
:104E0000012201AB4E21204608F0F6F800287FF47D
:104E100029AE4F212046FFF710FE00287FF422AE76
:104E200050212046FFF709FE00287FF41BAE5121D8
:104E30002046FFF702FE00287FF414AE52212046E0
:104E4000FFF7FBFD00287FF40DAE53212046FFF74E
:104E5000F4FD00287FF406AE54212046FFF7EDFD57
:104E600000287FF4FFAD024606F0400313435FD1F4
:104E7000002206F08003134306D056212046FFF798
:104E8000DCFD00287FF4EEAD002206F480731343AE
:104E900006D057212046FFF7D0FD00287FF4E2AD71
:104EA000002206F40073134306D058212046FFF772
:104EB000C4FD00287FF4D6AD002002B0BDE8F0812B
:104EC0002F212046FFF7B9FD00283FF48CAEC9E53D
:104ED00039212046FFF7B1FD00283FF4F6AEC1E5C9
:104EE0003B212046FFF7A9FD00283FF4FBAEB9E5C2
:104EF00044212046FFF7A1FD00283FF459AFB1E55A
:104F000048212046FFF799FD00283FF46CAFA9E542
:104F10004B212046FFF791FD00283FF469AFA1E542
:104F20004C212046FFF789FD00283FF466AF99E544
:104F300055212046FFF781FD002899D092E5000019
:104F4000014805F077BD00BF1841002000487047B8
:104F5000E4EA040000F0D4B870B504460D461646E5
:104F600000211C2210F0B4FBC4E90155666170BD3C
:104F70002DE9F04190461F46044600680028FBD109
:104F8000237E3BB9D4E90423FD1D25F003059B1ABC
:104F9000AB4205DA012323766FF01000BDE8F08103
:104FA000A668C6B13B1D718033800146EA1A16FA25
:104FB00083F010F08DFBB8F1000F04D03A46414663
:104FC000301D10F077FBA3682B44A36023691D44B8
:104FD00025610020E2E76FF00A00DFE72DE9F041EC
:104FE0000E461446054698B192B1876810220021FA
:104FF00004F10C0010F06CFB0023C4E9017725607C
:1050000046F4004128461A46BDE8F041FFF7B0BF1C
:105010006FF00A00BDE8F08110B5047E14B16FF0A6
:10502000100010BD49688268531A9BB2042B0B8094
:1050300009D10369043B0361131F836042F8044CE8
:10504000037E002BEBD10020EBE710B50446303097
:10505000F8F736F950B1002300F13002C0E900330F
:10506000C0E9022314448261C461038210BD00219F
:10507000FFF7EBBFF8F7A6B8C3688B4288BFC160E3
:105080007047D0E902231944C160D018704738B581
:10509000D0E902541319C360281910F00BFB00204B
:1050A00038BDD0E902230A44591A8260C1607047B2
:1050B0000368C1E9003059600160704743680860C7
:1050C0004B6019604160704782B0034600680190F0
:1050D000019A934217BFD0E90023002053601A6061
:1050E0001CBF0023C0E9003302B0704710B504466E
:1050F0002046FFF7E9FF00B910BDF8F763F8F7E7BE
:1051000010B5044628B1C06818B1F8F75BF8002361
:10511000E36010BD2DE9F04F85B00369019343684A
:10512000836007460D4690464FF00009019B002B17
:1051300006DC00230D35984580F29180002007E0C1
:1051400001A938460CF0A6FF044620B96FF00A000A
:1051500005B0BDE8F08F019A032AF7DD0388032B21
:10516000F4D99A42F2DB468826F44046B0451EDB6D
:10517000330105EB0616327BCAB1717B013A41F06F
:10518000020171730C2A12D8DFE802F0070B181C19
:10519000262A2124262A36405200EB5801221A7072
:1051A00005E0EA580379003B18BF0123137001AAF8
:1051B000214638460CF077FFB860B7E7EB5890F916
:1051C0000420ECE7B0F90420EB581A80EFE7EB5825
:1051D0000279E4E78288F7E7EB5842681A60E6E76D
:1051E0000246EE5852F8040F516802AB03C3DDE9E2
:1051F0000223C6E90023DAE70288B188043A8A422A
:10520000A4DC011DE85811F09CF8D0E7B0F800A02C
:10521000B288AAF1040A924598DC011D5246E8586A
:1052200010F048FAB368002BC1D0C3F800A0BEE765
:10523000EB589F428AD082461C22184600213AF839
:1052400004BB10F045FA2388FA68C260ABF1040B86
:10525000043BC0E901AAC0E904B9B380A7E71A0179
:10526000AA5C02F00302012A01D0013363E76FF068
:1052700014006DE72DE9F04389B09046DDE9102474
:10528000DDF848C006460F4662B923604368636094
:105290000369A360A5680DBB8CF80050284609B0CF
:1052A000BDE8F083012A02BF22689B1A2360002018
:1052B0000B464045EEDC5A7B22F002025A731A7B01
:1052C0000D2A08D0196831B125689A6829441960F7
:1052D0000AB12A449A6001301033EAE76568012375
:1052E00035F8049B8CF800301C22002101A810F036
:1052F000EFF9A9F10409F368CDF814904246394654
:1053000001A8CDE902550493FFF704FF05460028E4
:10531000C4D1616804F1080230460CF0C4FE60603C
:10532000BCE743684B6003698B60002070472DE940
:10533000F0411446926806460D461AB91A700020CC
:10534000BDE8F0816768012237F8048B1A700021EC
:105350001C22284610F0BCF9A8F10408F368616823
:10536000C5F81080C5E90177EB6004F1080230460A
:105370000CF099FE6060E2E707B501238DF8072085
:105380000DF10702FFF7F4FD03B05DF804FB07B56C
:105390000223ADF806200DF10602FFF7E9FD03B088
:1053A0005DF804FB07B5042301920DEB0302FFF740
:1053B000DFFD03B05DF804FBFFF7DABD08B500F0D0
:1053C0001BFFBDE8084013F0E1BD70B50E68044650
:1053D000F0070D4603D5B4F852011EF0CBFEB1071D
:1053E00002D520461EF0DAFE720703D5B4F8540148
:1053F0001EF0ACFE330705D5B4F85811B4F85601C9
:105400001EF006FF2B6823F00F032B6070BD10B554
:10541000FF210446032013F050FE2046BDE8104053
:1054200003F0B9B87047D0F874314BB190F87A31C5
:1054300033B1037A092B08BF013090F87801704727
:105440001846704713B5044600F5BD7007F052F8D2
:105450000DF1070007F054F89DF807204FF47A7318
:105460005343C4F8743104F5BC71002007F04EF8C2
:1054700004F27911012007F049F802B010BD90F84C
:10548000963010B5044653B9FF21032013F015FEE2
:10549000204602F099FF0123A06684F8963010BDE3
:1054A0002DE9F0410446884617461E46FFF7BBFF2C
:1054B000054648B30B6893B9D4F874011449154AEA
:1054C0000023A0FB010126F01DFF012330443860BA
:1054D000C8F800302046FFF7D2FF002514E010681E
:1054E0000B4A861B0B48002386FB000126F00AFFAF
:1054F00000280146EEDDD4F874018842EAD2091A88
:10550000E8D0204603F081F82846BDE8F08100BFCE
:105510008009EE0040420F0090F8963010B5044626
:1055200053B1FF21032013F0C9FD204602F04CFFC8
:105530000023E06684F8963010BD90F8983013B1DF
:10554000002380F89830704700207047982881BF6A
:10555000C0EB801300EB83006623B0FBF3F086BF43
:105560007938C0B20120704713B5B0F830410DF161
:1055700006001EF0F9FEBDF90600C0EBC0104000A9
:1055800090FBF4F0002805DDFD2805DC0130C0B2F9
:1055900002B010BD0120FBE7FF20F9E70023002245
:1055A000C0E92C230023C0E92E33C0E93033704713
:1055B00070472DE9F3410C1E054610DA00230DF16A
:1055C00007008DF807301EF09DFF9DF80730DB07C0
:1055D00044BFEB6A43F00803044648BFEB62DCB10A
:1055E0002046FFF744FDA862D8B1002640F6FF78B8
:1055F000A71B4745A8BF47463946A86AFFF741FDA4
:10560000B2B2B9B206F6FF761EF04EFEB442EFDC3F
:10561000002002B0BDE8F081EB6A43F00203EB62C8
:10562000F6E76FF01000F4E70B787D2B58D006D822
:10563000102B0BD0402B09D06FF00A007047FA2BCB
:1056400014BF6FF00A006FF0110070474B88602B99
:1056500046D012D8182B43D001D8102BF0E7302BAE
:105660003ED0402B01D0202BE6D10B79042BE3D880
:10567000DFE803F0163616363600B3F5806FF4D047
:1056800008D8B3F5007F2BD0D6D8802BEDD0B3F55A
:10569000807FE9E7B3F5006F22D0B3F5805FE3E7E1
:1056A0004B79362B18D81A2B09D8062B16D0072B76
:1056B00016D0002B14BF6FF00A00002070471B3B70
:1056C0000122DBB202FA03F3074A13420CBF6FF068
:1056D0000A006FF0110070476C2BB1E70020704793
:1056E0006FF01100704700BF11000008C0F8A02043
:1056F00080F8A4107047B0F83031B3F5807F16D031
:1057000008D8402B15D0802B15D0202B15D06FF04A
:105710000A007047B3F5806F11D0B3F5006F10D059
:10572000B3F5007FF3D13F234375002070471F235B
:10573000FAE70723F8E70F23F6E70323F4E77F23CD
:10574000F2E7FF23F0E710B50446002094F8943008
:1057500084F87101012B06D91EF066FC2046BDE8D5
:10576000104000F083BBD4F8F83013B1BDE810400E
:10577000184710BD30B5416C0B7F0C7B4D8B013B46
:10578000DBB2032B9ABF224AD2560822182C05EB13
:10579000020334D8082C8CBF4FF4FE724FF4F87219
:1057A0005A435211182CC2602CD8082C8CBF4FF4CD
:1057B000FE724FF4F87252114260182C4FEAC20286
:1057C000826022D8082C8CBF4FF4FE734FF4F8731C
:1057D000CA7A013A022A9ABF0E488056082003FB73
:1057E00000F202F5FF531F33B5FBF0F5B3FBF2F304
:1057F0002B440233C1F86821C1F86C3130BD4FF43D
:10580000B672CDE74FF4B672D5E74FF4B673DFE763
:10581000FFEA0400FCEA0400F0B546791B2E9E4620
:1058200040D00CD8062E35D0072E41D0002E49D1BD
:1058300001244FF4007002254FF4007708E01F2E7A
:105840003CD0362E3ED101240226082035461027B2
:1058500041B191F822C0098C634659431CBF614491
:105860000131490213356F434FEACE033CB14FF487
:10587000A57503F2491494FBF5F430256C431C44E0
:105880003444394400FB04100028B8BF1F3002EB39
:105890006010F0BD00787D284FF0010417D000267D
:1058A0004020C8E702260124102035462027CFE7F4
:1058B00006260024402035460746C9E70024062670
:1058C0001020C3E70024264601200225F4E7022623
:1058D000402035468027BBE72DE9F043457906781F
:1058E0001B2D99465AD00CD8062D4CD0072D5DD0D3
:1058F000002D67D101274FF4007E02244FF4007879
:105900000AE01F2D59D0362D5CD1022501274FF01A
:10591000080E2C464FF0100849B191F822C0098CAE
:10592000634659431CBF8C440CF101014902A9EBA9
:105930000202C1EB4211133408FB141494FBFEF471
:10594000641B6FB14FF4BD7394FBF3F203FB12437E
:10595000302B4FF4A57404FB02F4C4BF303BE418B1
:10596000002CB8BF07347D2E4FEAE40436D033D87C
:10597000102E3AD0402E14BF00207F20A042A8BF96
:105980002046BDE8F0837D2E4FF0010720D102258F
:105990004FF0400E2C464FF08008BDE7022501274E
:1059A0004FF0100E2C464FF02008B5E700270625D3
:1059B0004FF0400E2C46F046AEE7002706254FF08C
:1059C000100EF7E700273D464FF0010E0224F2E7E4
:1059D00000254FF0400E90E7FA2E08D1C379022B34
:1059E00005D8044A32F91300C8E77F20C6E7002033
:1059F000C4E700BF04EB04002DE9F74F0D46D0F8D3
:105A0000D8910446904602F0F3FC032D06460F465B
:105A100047D848460128A8BF012004EB001CDCE958
:105A200064310191D4F8D011012D2A46A8BF01227A
:105A3000B3EB010ED4F8D411019B63EB01011EEB13
:105A4000060347EB0101CCE9643190421FBF04EB30
:105A50000213D3F898210132C3F89821EDB1022D39
:105A6000D4F8D8913FD0032D3AD0B9F1030F1BD110
:105A7000D4F8DC0104EB0913D3E964AB1AEB000A98
:105A80004BF1000BC3E964AB4D451FBF04EB05129E
:105A9000D2F898310133C2F89831C4E97467C4F878
:105AA000D85103B0BDE8F08FB9F1020F16D1B8F1AB
:105AB000000F11D1D4E916039C22301A67EB0303BF
:105AC000A0FB020102FB03110A22002326F0CAFBFD
:105AD000D4F8E021801ACDE74046F9E70020C9E775
:105AE000C4F8DC81D0E7B8F1000F10D1D4E9160377
:105AF0009C22301A67EB0303A0FB020102FB031197
:105B00000A22002326F0AEFBC4F8E001BCE74046C1
:105B1000FAE770B590F89460012E054614D0012381
:105B200080F8943002F030FD044650B90146024638
:105B30002846FFF761FFFF21032013F0BFFA20463C
:105B400070BD85F89460FAE70024F8E72DE9F0418C
:105B500088B000238DF8163013F016FA0546002899
:105B600040F0D3806B4C8DF81B002F23A4F85831E4
:105B700040F20263E3610DF11B0303930DF11A037D
:105B800002930DF11903019306AB84F84801A4F8C0
:105B90004A01A4F84C01C4F80C01402600930327E5
:105BA0004FF002080DF11E030DF1170207A904F1D1
:105BB000180084F84F71A4F856812676668302F0A7
:105BC0008FFD0546002840F0A080BDF81C30A4F8E9
:105BD00009309DF81730A373BDF81E3063829DF81D
:105BE0001830E3739DF8193063749DF81A302374EC
:105BF0009DF81B30E3720923237240F60913A38139
:105C00004FF4E063A382444B84F83201C4E93F308F
:105C10002E2384F8653140F2FF13A4F866313F4B20
:105C2000C4F8CC303E4BC4F8D0303E4BC4F8D4302E
:105C30003D4BC4F8C8303D4BC4F8F830A07584F82B
:105C4000710184F8F701FF21A4F8306184F8048120
:105C5000C4E9270084F8A400384613F02EFA204641
:105C600002F044FE054600284FD12046FFF7EAFB2C
:105C700004F20E2013F046F90546002845D107A886
:105C800006F0D4FC8DF81E501EF0CCFB84F86501A4
:105C90000DF11E0006F092FC9DF81E30FF2B04BF94
:105CA00094F865318DF81E309DF81E001EF0A6FB9D
:105CB0000DF1160006F04AFC01269DF816001EF0B4
:105CC0004FFCC4F8D861C4F8A86102F091FB00252C
:105CD000C4E97401002200230E4884F8F461C4E989
:105CE0007955C4E97755C4E96023FFF712FF10B96D
:105CF000062384F8903084F80A5284F80C52054840
:105D000084F8725100F0ECF90546284608B0BDE869
:105D1000F08100BF3055002080D0A3E4DD5D02009B
:105D2000915E0200195E0200A15E0200B95E0200EF
:105D300038B500220446012100F17005FFF75CFE32
:105D4000062384F89430204602F077FB236F1BB1C2
:105D500029462046FFF739FB2846BDE8384000F0C9
:105D6000B3B813B504462E3006F018FC0DF106004A
:105D700006F01CFCBDF806305B422386002006239B
:105D800084F82C3002B010BD10B50446084602F06D
:105D90007FFC10B9012384F8713110BD10B50446A1
:105DA00090F8710128B1002002F072FC08B984F863
:105DB000710110BD02F043BE10B50446FFF7EEFFBF
:105DC00094F8A430022B06D1204600220321FFF7CD
:105DD0008DFC012010BD0020FCE7000010B504463A
:105DE00002F0C2FDE3880387237ADB0742BFC36A60
:105DF00043F00803C362002380F83030FFF7DCFF74
:105E000030B1044BBDE8104018680321F7F709BB17
:105E100010BD00BF4057002038B5054602F0A4FD74
:105E20000446FFF7C9FFF0B12B6813F4081F09D02F
:105E3000012384F830300C4B02211868BDE838404B
:105E4000F7F7EFBA580101D50523F2E7D90401D5D8
:105E50000723EEE79A0001D50423EAE71B044CBFB1
:105E600002230623E5E738BD4057002010B504465D
:105E7000FFF7A2FF40B1054B012184F830101868EC
:105E8000BDE81040F7F7CDBA10BD00BF4057002065
:105E900008B502F069FDBDE80840FFF7E7BF000064
:105EA00008B502F061FD034B00211868BDE8084009
:105EB000F7F7B7BA40570020024B05211868F7F7EB
:105EC000B0BA00BF4057002038B5C4694CB1064D88
:105ED0000022C2612868A047041E02DA286803F085
:105EE000C8FA204638BD00BF445700202DE9F041D4
:105EF000002386B00022CDE90423714E714F0023A8
:105F00000393FF238DF807303546336838685C6C9F
:105F10004FF0FF3202A9F7F78DFA0028F5D1029B66
:105F2000062BF2D8DFE803F0042B4B65C5A8A400CC
:105F30002046FFF778FA18B1F7F7E2FAC4E96001F2
:105F4000D4F8E481002201212046FFF755FDB8F185
:105F5000000F08D0204602F037FA022100EB0802B9
:105F60002046FFF749FD002211462046FFF7BEFB01
:105F7000012007F0FEF9286803F060FAC5E7204623
:105F8000FFF751FA18B1F7F7BBFAC4E96001D4F88A
:105F9000E811D4F8E081204602F07CFA012100EB00
:105FA00008022046FFF728FD01212046FFF700FBED
:105FB000022007F0DEF9286803F007FAA5E720467B
:105FC000FFF731FA18B1F7F79BFAC4E96001002234
:105FD00020460121FFF710FD01212046FFF7E8FAD6
:105FE000022007F0C6F994F83010286803F008FA88
:105FF0008BE72046FFF717FA18B1F7F781FAC4E9E3
:1060000060010DF1070303AA04A9204602F0FFFA7C
:10601000608658BBDDE90423039961639DF807108E
:1060200084F84210C4E90823204602F0F4F92A68F3
:10603000238FD268804604F5887104F11800FFF7B9
:10604000EBFB00EB080220460121FFF7D5FC218F76
:106050002046FFF7AEFA00212046FFF7A9FA0220FA
:1060600007F087F9286803F095F94EE70022EAE780
:106070002868FEF703FC48E72B685C6C94F89430C2
:10608000012B04F1700803D04046FFF71DFF3CE7E9
:1060900094F8913013B12046FFF7F1F994F890305D
:1060A000062BF1D92046FFF7B2F900283FF42DAFB7
:1060B000EAE7054B1868F7F71AFA06B0BDE8F08171
:1060C000445700204057002048570020024B01460B
:1060D0001868F7F7A6B900BF40570020000000007D
:1060E0007FB500233C49ADF80E300546042003F08F
:1060F00099FE044620B96FF01004204604B070BD2C
:106100004564FFF737FB236C71225A60284602F082
:1061100035FC002850D02AA3D3E90023C4E90E237C
:106120000DF10E0006F0E0F9236C1A69BDF80E308F
:10613000DB4303F4087353614FF48051274B236012
:106140000D22C4E9041247F6E012C4E906232046F2
:10615000FFF707FE236C1CA1D1E900011B69C3E90D
:1061600006012A7A5A7004221A702B7B1C4D236276
:1061700020462C6003F0ACFE0446C8B9F7F731F9AD
:10618000184E194A30604FF4006300931748184BBB
:1061900001942146F7F76AF9164B18600028ACD134
:1061A0003068F7F732F9286803F0DCFE6FF010046E
:1061B000286803F067FEA0E705A3D3E90023ADE755
:1061C000346CA8B54403000057EB1CE4D62C55D61C
:1061D000346CA8B504000000BCEB04008009EE009C
:1061E00044570020405700200AEB0400ED5E0200F7
:1061F0004C5700204857002038B50F4C2368D3B1C6
:106200005B6C0E4DBFF35B8F042193F87231BFF3CB
:106210005B8F2868F7F705F9094B1868F7F75BF902
:106220002868F7F7F2F8206803F09CFE2068BDE8C4
:10623000384003F027BE38BD4457002040570020A7
:10624000485700201F2819D00ED8072819D006D883
:10625000012818D0032814BF0020202070470F28E1
:1062600014BF0020802070477F280ED0FF280FD059
:106270003F2814BF00204FF4007070474FF4807027
:10628000704740207047102070474FF4806070477F
:106290004FF4006070470000402803D00AD810284F
:1062A00018BF0020042A9ABF074B9B5C00231944A7
:1062B000484370477D2804D0FA2814BF002051209D
:1062C000F0E75120EEE700BFB2EB04006FF01100E1
:1062D0007047000002794188013AD2B2032A9CBF7C
:1062E000094B9B56027888BF0823102A0B4408D01C
:1062F000402A14BF4FF4B6704FF4FE70584340115B
:1063000070474FF4F870F9E7B7EB040030B5039825
:10631000101A049A63EB0203002403F0800503F0D3
:10632000FF0154EA050318BF61F0FF0130BD0B689F
:106330001BBAC3604B681BBA83608B681BBA43608F
:10634000CB681BBA0360704700207047406C02F0B6
:1063500067BB07B50DF1070006F0ECFA9DF80700E2
:1063600003B05DF804FB13B501A80C4602F002FB74
:1063700050B9019A6423D1B212125943534303EB2B
:10638000112303F30F03238002B010BD2DE9F84F52
:10639000446C0D46002960D0D4F8D811012903DCE3
:1063A00000222046FFF728FBD4F8B001DFF8B480C4
:1063B000D4F8B4312A4AA0FB080108FB03110023DA
:1063C00025F0A0FF0646C717D4E97003A0FB08011B
:1063D00008FB0311224A002325F094FF321847EBF3
:1063E000E07380464FEAE079D4E96810B1EB020A25
:1063F00060EB030B4FF47A72D4E96401002325F0BB
:1064000081FFD4F89831A860EB604FF47A720023D2
:106410005046594625F076FFD4F8A83128616B61C3
:106420004FF47A7200233046394625F06BFFD4F8DA
:10643000B831A861EB614FF47A72002340464946B7
:1064400025F060FFD4F8C8316B6200220023C5E953
:106450000A2328620020BDE8F88F6FF00A00FAE7EF
:106460008009EE0040420F0070B5466C054605F00D
:10647000D3FD0446A8B93046FEF7E4FF01213046BB
:10648000FEF7D0FF2B6C1B694FF408725A61284647
:10649000FFF767FC96F865011DF0B0FF20461EF07F
:1064A0005FF8204670BD0846114605F0C3BC08469B
:1064B00011461A4605F088BDF7B506460C4610464B
:1064C000776C1A46002971D00146204605F022FD5E
:1064D0000546A0B9374821460FF029FF90B90DF1C4
:1064E000060006F06BF89DF80630FF2B04BF97F806
:1064F00065318DF806309DF806001DF07FFF2846B7
:1065000003B0F0BD2C480A2221460FF02AFF28B123
:1065100029480A22211D0FF024FF18B93846FEF73A
:1065200091FFECE7254821460FF001FF78B9336C65
:106530000DF106001C6905F0D7FFBDF80630DB43FE
:1065400003F408736361304603F0DFFDD7E71C48AE
:10655000132221460FF005FF18B93046FFF701FC62
:10656000CDE7184821460FF0E2FE40B90DF10600D4
:1065700005F0ECFF9DF806001DF0F2FFBFE71248A2
:10658000092221460FF0EDFE18B9012387F8F431F6
:10659000B5E70E4821460FF0CAFE0028AFD107F537
:1065A000C47005F0CDFF6FF01805A8E76FF00A057D
:1065B000A5E700BF07C7040014EB04001FEB0400AD
:1065C00033EB040047EB0400FCF304005DEB040034
:1065D00005F08CBC05F07ABC08B5436C0029B3F813
:1065E000562114BF00200220824209D093F8942043
:1065F000A3F85601042A05D81A6F42F008021A6758
:10660000002008BDB3F858111DF002FEF8E737B5B9
:10661000D307406C44BF4B89A0F85231950748BF5F
:10662000D1E90045019248BFC0E90045540744BF85
:106630000B89A0F85431130707D5097BB0F85831FE
:1066400069B143F44073A0F8583190F89430042BAA
:1066500008D8036F1A430267002003B030BD23F44B
:106660004073F0E701A9FEF7B0FEF5E770B5446CA2
:1066700091F8223094F832219A4218BF01220D4637
:106680001CBF84F8F42184F8323183B1B4F830614E
:106690000B8C9E420BD0A4F830312046FFF72BF82C
:1066A00010B1A4F8306170BD012384F8F43105F114
:1066B000100104F58870FFF73AFE04F59070294642
:1066C000FFF735FE0020EEE770B5446C0546204626
:1066D0000E4602F03DF8031E01DA18B270BD08D074
:1066E0003268A2617268E261012B02D02846FFF78E
:1066F00041F8237E402B09D9638B202B06D1237FC1
:10670000012B03D184F8F6310020E7E7002084F85C
:10671000F601E3E704292DE9F843D0F84480064662
:106720001746994634D16FF40874D44014F001042C
:106730002ED1093B172B2BD898F80830934207D15C
:1067400098F80C304B4504D100252846BDE8F88365
:1067500001244A463946404601F06AFF05460028B2
:10676000F3D1336C1B6904221A705F70336A994548
:1067700004D0C6F820903046FEF7FCFF98F894301D
:10678000012BE1D9002CDFD0404601F056FEDCE7BA
:106790006FF00A05D9E7000070B5466CBFF35B8F58
:1067A00096F87231BFF35B8F0D46ABB1304601F006
:1067B0000BFE286096F89430052B04460AD8B6F8EC
:1067C0000E02074B074AA0FB0301002325F09AFDA8
:1067D00020442860002001E06FF0050070BD00BF7C
:1067E0008009EE0040420F0010B5044601F0ECFDB8
:1067F000236EC01A044B984204D92046BDE81040CD
:1068000001F01BBE002010BDC0CD170010B504461E
:1068100021B92046BDE81040FFF77BB9FFF7B4FA75
:106820000028F6D010BD08B502F038FE002008BDE3
:1068300013B5446C0192032006F09AFD019920469D
:1068400001F0FCFA0446032006F093FD204602B056
:1068500010BD2DE9F743446C1646994600220023EB
:10686000CDE9002394F8303005460F46052B39D882
:10687000DFE803F0035403383854B4F932300333FB
:1068800009D104F1420304F1340204F1200120464D
:1068900001F0BDFE6086B4F9320000283BD1D4E996
:1068A0000823CDE9002394F84230D4F8348089F8E5
:1068B0000030DDE90023204601F0ADFD94F84830BA
:1068C000DDE9002CA3B9E064E36C216E591A636E14
:1068D00003EB0113190E1B02C4E91431022384F8DF
:1068E000483007E06846D4F834811DF07BFBE0E7D0
:1068F000012BE9D0D4E91414511A6CEB040404F010
:10690000FF03B1EB080263F10003C7E90023EB6862
:10691000C01A3060002003B0BDE8F0836FF01700AC
:10692000F9E72DE9F041D0F844800C46002935D034
:106930000B8EDA070AD501F132030A460831FFF758
:1069400088FF18B1238E23F001032386404601F00F
:106950002AFA238EE0629B0508D4238E23F47D431C
:1069600023F0FE0323860020BDE8F08198F8326111
:1069700004F12705002EC6F1040214BFFF210021F7
:10698000A8190EF0A5FE0027F9B28E42E5D94046BF
:10699000FEF7EAFD013705F8010BF5E76FF00A0095
:1069A000E2E738B5446CBFF35B8F002584F8725181
:1069B000BFF35B8F01F098FF84F8485084F895503E
:1069C0002046BDE83840FFF7A4B838B5446C002530
:1069D000C4F88C502046FEF71AFD84F8955001F05B
:1069E00081FFBFF35B8F012384F87231BFF35B8FAC
:1069F00001F0FEFCC4E91601204601F01EFD94F8EA
:106A0000703113B12046FFF784F82046FEF7C6FD2B
:106A1000002038BD024690F8700170B192F89530B0
:106A200043B9B2F80E02814206D9081AC82898BFA5
:106A300000207047002070471846704773B5446CBB
:106A4000002384F8953084F8483094F888319B0707
:106A50000E46154602D52046FEF76FFD2046FEF78E
:106A60005BFD66B3002384F89130204601F0ACFC56
:106A700019491A4A281A002380FB010125F042FC1B
:106A800001902046FFF7B0FE154BC4F88C3006236A
:106A9000019984F890302046FFF7BCFF019928B98E
:106AA000204602B0BDE87040FFF76EB92046019164
:106AB000FFF7ACFE01990028F2D102B070BD94F846
:106AC000703113B12046FFF724F8204602B0BDE82C
:106AD0007040FFF763B900BF40420F008009EE002D
:106AE0002768020010B59DF808402BB1402819D046
:106AF00004D810280ED00023184610BD7D2801D0E0
:106B0000FA28F8D1B4B904290CBF4FF418734FF424
:106B10009873F1E714B91AB91B01EDE70029FBD00E
:106B20005B00E9E714B91AB99B01E5E70029FBD03E
:106B3000DB00E1E70429FBD1EEE730B58DB00C4670
:106B4000154601938AB1128CADF82C20084695F8B1
:106B500022208DF82E20FFF7BDFB019B024603A9E2
:106B60002046FEF7B9FE0DB030BD0846FFF7B2FB78
:106B7000019B02462946F3E730B58DB00C46154619
:106B800001938AB1128CADF82C20084695F822208A
:106B90008DF82E20FFF79EFB019B024603A920469D
:106BA000FEF73AFE0DB030BD0846FFF793FB019BA0
:106BB00002462946F3E773B56FF07F430E4614464D
:106BC0000546019305F0C8FC0322314601A80EF0EA
:106BD00061FD40B12146284605F0D0FC22884FF6E1
:106BE000FF739A4203D16FF00F0002B070BD002016
:106BF000FBE7000013B504460DF1070005F094FC17
:106C00009DF80700B8B194F89630B3B1204601F072
:106C1000DBFBA36E0A490B4AC01AA0FB010100234B
:106C200025F070FB9DF807204FF47A73534383429D
:106C30002CBF0020012002B010BDE06EE9E700BFCC
:106C400040420F008009EE002DE9F041456C1446EA
:106C5000002A71D000296FD0EB6A9A074FD4AB6A33
:106C6000002B6CD0DA6822B195F867610EB1023A58
:106C7000DA600B60238E9B070BD004F132032246AF
:106C800004F10801FFF7E5FD18B1238E23F003039B
:106C90002386EA6AD70742BF238E43F480632386A4
:106CA000160742BF238E43F400532386238ED80554
:106CB00044BF0022E2619A0523D4238E9B0605D5AA
:106CC0001DF02AFB4FF08063A0616361284601F04C
:106CD0006AF8E0622846FEF7A6FB38B12846FFF7BF
:106CE00089FF18B1238E43F480532386238E23F427
:106CF000404323F01C0323860020BDE8F0810023DD
:106D0000B7E795F8327104F12706002FC7F10402A6
:106D100014BFFF210021F0190EF0DAFC4FF000083B
:106D20005FFA88F1B942C8D22846FEF71DFC08F187
:106D3000010806F8010BF3E76FF00A00DDE76FF0DA
:106D40001000DAE738B51D460446049B072A24D80C
:106D5000DFE802F00420201020202020012B426CCC
:106D60001BD12B7892F86711994201D082F86731D4
:106D7000002011E0402B406C0FD14FF0FF31FEF7A7
:106D800018FC48B905F1080229462046BDE83840FC
:106D9000FFF75ABF6FF0110038BD6FF00A00FBE734
:106DA00010B5044601F010FB94F8A430032B34D83E
:106DB000DFE803F02E02303ED4F8A030C01A0028DD
:106DC00036DA002394F89420012A00D043B32046F9
:106DD000FEF7E4FF18BB94F89420012A20D1062383
:106DE000C4F88C0084F89030002384F8953084F83F
:106DF000483094F888319B0702D52046FEF79DFB6A
:106E00002046FEF789FB002211462046FEF76EFC65
:106E1000002004E094F87131D4E76FF00A0010BD4F
:106E2000002201212046FEF7E7FD1DF0FDF8DBE71B
:106E30006FF00500F3E713B5044601F055FD606CF3
:106E4000FFF7AEFF019001F04DFD019802B010BDBB
:106E5000406CFFF7A5BF70B5002480F8914005464F
:106E60000E46FEF7E0FA50B13268B5F80E02D5F8DA
:106E700074311118994204D22846FEF700FB012014
:106E800009E0FA33984207D899420AD9CB1A01206F
:106E9000336085F8910070BDFA2A02D9FA3A32605F
:106EA000EDE72046F7E700002DE9F7430023466FA2
:106EB000019304460D4689B101F086FA281A05D5DA
:106EC000204601F0BAFA6FF017004CE04E494F4AE5
:106ED000002380FB010125F015FA019094F894300D
:106EE000002B00F08C80052B04D894F89030062BF2
:106EF00040F0858094F888319B0702D52046FEF744
:106F00001CFB94F87A31032B01D0636F3BB9D4F8A2
:106F10007421019B9A4202D82046FEF7FDFA0DF13A
:106F2000030005F007FB636F03B394F89450012D41
:106F300045D0032D66D04FF4FA7296FBF2F302FBB4
:106F4000136313B92046FFF74FFC01992046FFF762
:106F500061FD019000284ED001A92046FFF77BFF7C
:106F6000002848D0019803B0BDE8F0839DF80330B5
:106F7000002BDAD02046FEF756FA0028D5D094F838
:106F8000A430013B012BD0D9D4F874319DF80350C3
:106F90004FF47A7202FB0535F6F7B2FAD4E96023B2
:106FA000019FC01941F1000112EB050843F10009EE
:106FB000404571EB0901B8DA1343B6D083E7019974
:106FC0002046FFF727FD019038B92046FEF7E6FE80
:106FD0002046FEF71CFA0020C5E701A92046FFF76E
:106FE0003AFF0028F1D001992046FEF7CDFE002897
:106FF000EBD12846B7E72046FEF7D0FEEBE76FF06F
:107000000B00B0E70120AEE740420F008009EE0020
:1070100038B505460C4690F83201E9B910B10123A4
:1070200085F8F431002385F832312B7DA34203D05B
:107030002C7520461CF0CEFE9CB1687D1DF0F6FA42
:1070400005F588701CF0FEFE05F590701CF00AFF37
:10705000BDE838401CF0E6BE013841EA0014E4B255
:10706000E3E738BD0020704738B5456C0C46D9B110
:1070700095F8973033B10B8843F001030B80002360
:1070800085F897302846FEF7CEF938B12846FFF745
:10709000B1FD18B1238843F002032380238803F055
:1070A00003032380002038BD6FF00A00FBE70000D7
:1070B0002DE9F04F2DED028B9BB01E46037A06930F
:1070C0000446002390F866018DF82C300D460BA97C
:1070D00008EE102A05F022FC0746002840F0D38075
:1070E000337803937C2B94BF002301230793694BD0
:1070F000B6F802C003F1300E0EAE18685968324679
:1071000003C2083373451646F7D100230EAA32F89E
:107110002310614540F08C801AAA02EB830313F818
:107120002E3C0593637C089394F83291A37B08EE80
:10713000903AB9F1000F00F08180B4F83031049337
:10714000002D7ED094F80FA094F8F4311BB9D4F838
:10715000F0319D425BD0002384F8F431C4F8F05143
:1071600084F864319B4698465FFA88F60DAA0EA90A
:107170003046FFF720FD00286DD19DF83820D1075B
:1071800069D418EE900A0DF12E0101F023FC0028BD
:1071900077D10CA9504601F036FC002871D19DF83A
:1071A0003820079B02F001029A4254D1039B7C2BAA
:1071B00006D89DF83920089BC2F300129A4258D194
:1071C0009DF83820059BB3EB121F4AD19DF82E1075
:1071D000C2F342028A4244D19DF83A00FFF732F8E6
:1071E000049B98423DD19DF839209DF8301002F063
:1071F0000F00884235D1B9EB521F25D1BDF834209C
:10720000954221D1012384F8643184F850619DF9BD
:107210002C30002B40DA04F5AE7005F0EFF904F2E3
:10722000611005F0F3F904F5B07005F0F7F92AE004
:1072300001330C2B7FF46BAF002372E7CDF8109075
:107240007EE74FF0020A7FE7BBF1060F03D084F818
:1072500050614FF0060B08F10108B8F1080F83D117
:10726000D5E7BBF1010FF6D884F850614FF0020B5F
:10727000F1E7BBF1000FEED184F850614FF0010B44
:10728000E9E76FF0020738461BB0BDEC028BBDE8A2
:10729000F08F00BF6AEB0400069B94F85021B3F115
:1072A000050818BF4FF001080EAB18EE100A414652
:1072B00005F0C4F90E9B1E6894F864310C96002BFF
:1072C00040F061819DF82C3003939A0700F05B81B8
:1072D00094F850010DF12E020DA9FFF76CFC074642
:1072E0000028D0D1A07B0DF12D0101F073FB0746E2
:1072F0000028C8D194F818909DF82D20A17E48460A
:10730000FEF7CAFF9DF83420B34B049012F0010F32
:1073100014BF4FF07D0A4FF0400A4FEA121C0DF1E6
:10732000380E03F1180B18685968774603C70833FD
:107330005B45BE46F7D11AAB03EB4C0CC2F34202DD
:107340001CF8301C5046FEF7A7FF94F83221B4F821
:1073500030310590002A00F02B815343B9F17C0FA6
:107360008CBF4FEAC3194FEA83199DF835B09DF8D9
:1073700034309DF836005FEA5B1B03F0010308D050
:10738000FEF760FF0BFB00FB002B00F013814FEAC0
:10739000CB1BE07B0EA901F036FB074600287FF4EB
:1073A00072AF237DA27F9DF83810009003F00B038D
:1073B000032B14BF13230023207EFFF793FB9DF8BC
:1073C00035109DF83430069013F0010F01F00F03D3
:1073D00014BF7D204020022BC1F30012009714BF80
:1073E0001323002301F00F01FFF77CFB0EA9079088
:1073F000E07BBDF82EA001F006FB074600287FF4D5
:1074000042AF207E9DF83810002D00F0D680ED00B0
:1074100040F28D136B4303F5FF3335335B0C03EB05
:107420004303023505EB0315ABB2012200920022A3
:10743000FFF758FB9DF834309DF83510089013F095
:10744000010F14BF7D20402001F00F01BAF1000FA1
:1074500011D04FEACA0A40F28D1303FB0AF303F579
:10746000FF3335335B0C0AF1020A03EB43030AEBEB
:1074700003131FFA83FA0123009300225346FFF7F8
:1074800031FBC6F307218A1BC6F307476FF0270CB1
:1074900052B2CF1B62457FB2A1EB1666B8BF6246FF
:1074A00076B26745B8BF67466645B8BF6646282AC4
:1074B000A8BF282245F20B55099005FB02F004F005
:1074C000C1FB282FA8BF2827824605FB07F004F040
:1074D000B9FB282EA8BF2826074605FB06F004F0B6
:1074E000B1FB089D049B454309FB0A5909EB03299D
:1074F000099BBDF818505843059B0BFB0A0BBDF8C0
:107500001C000BEB032B07FB00B004F08DFB07FB0B
:1075100005990546484604F087FB281AA4254543EB
:1075200045F307357DB3039BDB072CD5217A94F80F
:10753000502105390EAB18BF012118EE100A05F0D5
:1075400099F80E9B1B680D930DA80CA904222EB26E
:10755000FF274FF0000C10F8013B13F0800F2ED1E5
:107560009D422CDD0FFA83FE0B78A3EB0E031FFA6E
:1075700083FE002B25DA81F800C0013A12F0FF02E9
:1075800001F10101E7D118EE100A0EAA414605F0FB
:10759000B9F8E8B900909DF938200C99207A04F5E3
:1075A000AE7301F08BF8071E18BF6FF002076AE692
:1075B0009146DAE64FEA8B1BEBE62B4635E7B646FB
:1075C000D2E7B3F5807FB4BF73463B460B70D4E778
:1075D0006FF00A0757E600BF9AEB0400F7B50023E7
:1075E00001930B68446C0E461546002B5DD018467F
:1075F000FEF770FEB368B789184494F848301BB999
:107600000123E06484F84830E36CC01A030D0003E2
:10761000C5E9000396F90E2084F86621716801AB74
:107620004968204600F0A4FBF37B9BB394F96611F4
:107630000DF10202204601F06CFBA0BBB38923B11F
:1076400094F867310BB10237BFB233689DF802205E
:1076500039462046FFF72CFD28BB012384F8F7317B
:10766000204601F0F5F9A8B194F8613193B98DF88D
:107670000330736894F866015968053918BF012111
:107680000DF1030205F028F868B9019B9DF903206C
:1076900013440193D5E900230199521843F10003E3
:1076A000C5E90023002003B0F0BDC068A2E70000D8
:1076B0002DE9F04F9A468FB0137B446C049303F08E
:1076C0006003202B94F808B005900F46164607D0AB
:1076D000602B03D121B16FF00A051DE00029FAD01B
:1076E000049B13F001031FBF059A3368D2689B18EF
:1076F0001BBF0A930123CDE90A330B93BAF1000FA4
:1077000001D184F895A00A99C4F874A02046FFF727
:10771000CBFB051E04DA2DB228460FB0BDE8F08F72
:107720001ED00A9A01212046FDF7E0FFAE4BC4F8B7
:107730008C30072384F8903096E80F0004F17C0C1D
:10774000012D8CE80F00A76701D10025E4E7294649
:107750002046FFF75BF80028F7D02046FEF71EFB17
:10776000012005F005FE96F90D3084F86631317B75
:107770002046C1F34111FFF74BFC7368002B20DD5D
:10778000D4F89C3033B1002108461CF069FD002379
:10779000C4F89C307368B168002BB8BF0F331B115D
:1077A000103B23EAE37919B9D4F86C3103930CE068
:1077B0004A1C62D02046D4F86C5100F063FE2B18AE
:1077C000F4E7002303934FF0FF39002F57D094F8CC
:1077D0006731B7F80C801BB108F102081FFA88F86E
:1077E00094F966110DF12602204601F092FA054641
:1077F000002891D194F8F731002B42D0204600F0B8
:10780000CCFA0546002887D1BBF105019DF826B0CA
:107810000C90D4F85C31CDF8330018BF01210DF184
:1078200027025846CDF83130069104F081FF054615
:1078300000287FF471AF9DF827000699002800F01A
:10784000A28094F80A32834227D094F80C32834203
:1078500000F091801CF0FAFD94F80A328DF83000A7
:10786000002B40F08A802B4604EB43039DF8272031
:1078700083F80A2283F80B0217E0002396E7B84644
:10788000AEE79DF8262004F1180341462046FFF795
:107890000FFC05460028B1D03EE72B4603F5827366
:1078A00004EB4303DB788DF830300CA81CF0B0FA01
:1078B00094F860011CF0A6FE204600F085FDCDF88E
:1078C00000A0834603460AAA0BA92046FDF7E8FD5F
:1078D0005A4606900A9901232046FDF735FEDDE958
:1078E0000AAB0790B8F1000F55D1049B0021C3F3F8
:1078F000800240461CF0FEFABBF1000F09D0206E5A
:10790000AAEB000A606E00EB0A101CF02BFB4FF094
:10791000010BB9F1000F08DD48461CF0B5FCBDF8BD
:107920000C004BF0020B1CF0A9FB039BC4F8E831E0
:107930004FEA0912C4F8E4215FFA8BF01CF0FEFA5A
:10794000002831D1059A4346D26804F5887104F1C4
:107950001800FDF761FF032102462046FEF74CF8B0
:107960000A9A01212046FDF7C1FE337BC3F3C00311
:1079700084F89530D0E6012390E794F80C32002B80
:1079800093D1012370E70CAA584604F0E7FE0028C3
:107990008BD00546C0E6002FA7D0B968B889002271
:1079A0001CF098FA0028A0D0204600F046FD94F87C
:1079B00088319B0708D4069B8BB10021204600F03C
:1079C00024FE6FF01705A7E6079B23B10021204690
:1079D00000F01CFEEFE72046FDF7AFFDEBE7204689
:1079E000FDF79AFDEDE700BFED79020007B5416CA8
:1079F00091F8943081F89030002300934B6F01F19F
:107A00007C02896FFFF754FE03B05DF804FB0000B1
:107A10002DE9F04F0F7B446C17F0010718BF0B687E
:107A200085B00D4692461ABFA3F5807B0127BB4661
:107A30000AB984F89520C4F874A059462046FFF787
:107A400033FA061E04DA36B2304605B0BDE8F08FD0
:107A50001DD05A4602212046FDF748FE7D4BC4F852
:107A60008C30082384F8903095E80F0004F17C0CEA
:107A7000012E8CE80F0001D10026E5E731462046B3
:107A8000FEF7C4FE0028F7D02046FEF787F9022053
:107A900005F06EFC95F90D3084F866312B7BC3F34D
:107AA000001384F8F5310023C4E90A33C4E97F33B5
:107AB0004FF6FD7262864FF0FF32C4F83A20C4F8E8
:107AC0003E20A4F8FA31C4F80432A4F80832297B25
:107AD0002046C1F34111FFF79BFA204600F060F900
:107AE0000646002840F0B38095F80C80D4F89C300E
:107AF00008F00208984504D041461CF0B1FBC4F8D8
:107B00009C80D5E90198CDE9027BB9F1000F15D130
:107B1000D4F86C71AFB1B8F1000F78D0D4F8680127
:107B2000784348BF00F2FF10B8F1000F4FEA602021
:107B3000B8BF08F10F0800EB281004E0B9F1FF3FCF
:107B40005DD1002738461CF089FA204600F03CFC45
:107B5000CDF800A00346834603AA02A92046FDF7FC
:107B60009FFC0399804600235A462046FDF7ECFC13
:107B7000B7F5803F824612D3204600F025FC039BD8
:107B8000354A4B44A3EB000934480023A9FB00010C
:107B900024F0B8FB01462046FEF7F6F80027B8B2FD
:107BA0001CF06CFA029840B1236E0398C01A636E01
:107BB00003EB00101CF0D6F901201CF045FA8146B9
:107BC00078B394F888319B0706D5BAF1000F20D01E
:107BD0000021204600F01AFDB8F1000F1DD0002151
:107BE000204600F012FD2046FEF7D8F80FFA89F083
:107BF00018B3204600F021FC6FF0170624E7494631
:107C00002046D4F86C7100F03DFC074482E7404602
:107C100099E72046FDF791FCDEE72046FDF77CFC66
:107C2000E1E7039AC4F8E87102212046FDF7E4FE7B
:107C3000039A02212046FDF759FD287BC0091CF05C
:107C4000A7FD2B7BC3F3C00384F89530FCE66FF0EF
:107C50000206F9E6617C02008009EE0040420F0056
:107C6000416C91F8943081F890304A6F00237C3158
:107C7000FFF7CEBE73B5CEB23046D11C144604F029
:107C800035FE054670B9E3787BB101A9304604F0B2
:107C900017FE211D304604F035FE019B1A88228014
:107CA0009B78A370284602B070BD6FF00F05F9E70E
:107CB00073B5CEB2304601A9154604F0C1FD0446A5
:107CC00060B92946304604F0AFFD2B78032B1DBF69
:107CD000019B1B88A5F801306FF00F04204602B00D
:107CE00070BD70B5CDB22846511C144604F05CFD41
:107CF000064670B963780F2B0DD02146284604F054
:107D000043FDE11C284604F06FFDA11C284604F049
:107D10005BFD304670BD6FF00F06FAE72DE9FF41BD
:107D2000144649B26A460A9D07461E46FFF7C0FF41
:107D3000D8B99DF90180224641463846FFF7D1FF68
:107D400098B986F80080A2782B789DF902801343B9
:107D50002B70221D41463846FFF7C3FF28B986F82D
:107D600001802B78A27913432B7004B0BDE8F08119
:107D700073B50D4611460DF107021E4600F0C9FF0E
:107D8000044638B9691F9DF80700324618BF012123
:107D900004F08CFC204602B070BD002100F076BEDD
:107DA000012100F073BEF7B5002390F83A20ADF83A
:107DB00004308DF8063002AB1A44012302F8043C6B
:107DC00090F83B20FF2A1BBF02A952181D4602F85B
:107DD000043C18BF0225044600F1060C00230126CE
:107DE00094F83C1194F83D210139C9B2092920D8F1
:107DF000013AD2B2092A1CD802AF0F4417F804EC9A
:107E0000BEF1000F06D107F8046CC718013387F8DC
:107E10003C10DBB202A9114411F8047C37B901F817
:107E2000046CC118013381F83C20DBB20234A44554
:107E3000D6D15819C0B203B0F0BD00002DE9F04F03
:107E400000230B608B6A13F0280F91B004460E4696
:107E50003DD0CA69002A3ADD082A04DD6FF00A0025
:107E600011B0BDE8F08F9A0602D54A6A002AF5D013
:107E700013F008030AD0336A002BEFD00CA804F0EB
:107E8000A5FB9DF930306FF05602D31AE56A0293D4
:107E900015F0040504F13A0712D1DFF80893B8464B
:107EA00018F8011BFF2904D005EB451048441CF0CD
:107EB0004BFC0135082DF3D1E36A43F00403E36280
:107EC0004FF000080397C246F369984509DBB36A8F
:107ED000D90600F14781B36A03F07B03B362002047
:107EE000BEE7039B13F8015B0393FF2D00F08C802A
:107EF000B26A170731D512F0400F08BFA949D6F86A
:107F000020904FEA4A1004BF00EB0A025218C8EB57
:107F1000C80309EB43070CBFD28A0022FA80A14AAA
:107F200050441044828A92017A81028B91B20029D6
:107F300075D129F81320BA803A810523B5FBF3F3F4
:107F400003EB8303EB1ADBB243F008023A73D4F875
:107F5000C02002B13B73029B7B80B26A90064FD572
:107F6000D6F824C008EB480E1CEB8E0702F0400246
:107F700000F0F580B868002800F0F180B979032995
:107F800040F2ED800523B5FBF3F303EB8303EB1A1B
:107F900043F008030CF82E30002A40F0A6802B1E78
:107FA00018BF01237F4A4FEAC33C0AEB4A1313442C
:107FB000DB8A23EA0C039B097A88B7F804C01A44C9
:107FC00012B2002A80F2A0805B427B80002D40F03C
:107FD000F2812A469444BCF5806F02DDC2F58063CD
:107FE000BB800729BB8892B240F2A9800021009192
:107FF00029461CF069F9002840F0B1800823BB71C4
:1080000008F101085FFA88F80AF1010ABAF1080FCD
:108010007FF45AAFF3699845BFF659AF1EE794F95C
:10802000F8B1002D2DD1B4F8FA21002A34D029F866
:1080300013202A46B4F80212002945D0B980E2B1D3
:10804000BBF1000F13D039F813204FEA4B1B5A45F0
:108050001FFA8BF1C6BF521A92B2002229F81320E0
:10806000BA889345B5BF511A0022B980BA8039F851
:108070001310BA887DB3012D32D039F813303B810B
:108080005BE7012D08D1B4F8FE212AB129F81320AD
:108090000022B4F80612CFE70CAA294605930490F3
:1080A00000F07CFCBDF93020DDE90403002ABABFF2
:1080B000524292B2002229F813200DB90122B9E7E9
:1080C000012D01D12A46E4E73A1D2946049300F028
:1080D0006EFC049BB4E7A4F8FA11A4F80222CCE7E2
:1080E000A4F8FE11A4F80622C7E755B994F80CC00D
:1080F00040F2162340F2EE22BCF1180F98BF13464F
:108100005AE740F26D1357E775B1B2F5007F03DB14
:1081100040F2FF12D31A7B809444BCF5007F7FF7B6
:1081200060AFC2F500735BE7B2F5806FFFF652AF48
:10813000C3F57F7303337B8040F2FF324AE70529A2
:1081400005D929461CF0D4F848B9062357E7012180
:10815000009129461CF0B8F808B904234FE7C6F887
:108160001C807BE6204600F009FC00283FF4B3AEFB
:1081700094F9661108AA2046FFF77CFD10F1100F54
:10818000054600F0168100287FF46AAE9DF8247041
:1081900037B19DF82370B046A246EBB29F4203D898
:1081A000376098E64C5F002008AB0CAA15F903B0C5
:1081B00020465946FFF77CFD00287FF451AE237A14
:1081C0009DF830900393591F5FFA8BFB18BF012174
:1081D00006AA5846029104F03DFB00287FF440AE09
:1081E00002990AAA584604F059FB02990DF11A02A5
:1081F000584604F041FB9DF92800002880F2898050
:10820000039B6E4A052B6E4B08BF134607939AF8E3
:108210003C310522013B93FBF2F202EB82029B1AF6
:10822000013B1A06D9B27CD42046FDF79DF983465E
:108230009AF83D310522013B93FBF2F202EB8202F8
:108240009B1A013BD9B21B0608D42046FDF78CF9D6
:10825000584569D3BBF1000F08BF83465846FDF768
:1082600075F9BDF9183088F80A0029460AA8029362
:10827000BDF91AB01BF086FEBDF92A20029B12F44C
:10828000005F1CBF6FEA82426FEA9242D31A1BB2B0
:1082900043F2442193FBF1F201FB1232494B9A4223
:1082A00044DA8B181BB2BBF1000F11D0A3EB0B0308
:1082B00003F59643663343F24421ABF5C95BABF15A
:1082C000020B93FBF1F201FB12339B440FFA8BF389
:1082D000BDF928200292079AB2F9001099422EDDCA
:1082E000B2F90210029AA8F80420B9F1010FA8F817
:1082F0000630A8F8081004D0B9F1020F18BF4FF0EB
:10830000000988F80B90013508F108080AF1020A03
:1083100043E707A9C0B204F061F900283FF477AF42
:108320009EE54FF0000B83E7834697E741F6221165
:108330008A4213B2B7DDA2F54953043BB2E7B2F962
:10834000781099422FDCB2F97A10CBE700EB0C01E0
:1083500001EBD171491032F921E09E4527DC01F192
:10836000010C6045F2D14FEA800BABF1040B02EB3C
:10837000800102EB0B0C4988BCF802E032F92000C6
:10838000A1EB0E0E0FFA8EFEA3EB000C0CFB0EFC05
:1083900032F80BE0A0EB0E000FFA80FE9CFBFEFC17
:1083A000614409B29EE71E204FF0000CD9E7084651
:1083B000D7E70027F4E60022AEE600BF60EC040039
:1083C000DCEC0400DEE6FFFF10B50446F4F7D6F956
:1083D000D4E91623801A4FF09C0261EB0303A0FB43
:1083E000020102FB03110A22002323F03BFF10BD10
:1083F000F4F7C4B910B5D0E91843C3EB041319441A
:1084000022EA1110400002F0704242EA111200F01C
:108410008050104410BD70B5054614461E46FFF747
:10842000D3FF240AA0F56E0244EA06612846A2F5AD
:108430001862BDE87040FFF7DDBF13B5044600F1D8
:1084400064016846F4F79CF9D4E916210098019B71
:10845000801A4FF09C0263EB0103A0FB020102FBB8
:1084600003110A22002323F0FDFE94F84830206611
:10847000022B08BF01234FF0000008BF84F84830EA
:1084800002B010BDD0F8680100EB4111013991FB39
:10849000F0F07047D0F86821084610F1FF334FEA3A
:1084A000E17141F1FF31F0B55143D71703FB0711DB
:1084B000A2FB03230B44541C43F10005002C75F16F
:1084C000000103DA12F1200443F10005600940EADB
:1084D000C560F0BD70B5D0F88C61044600F10805A8
:1084E000C0201BF04DFC002842D128461BF086FC22
:1084F000054600283FD11BF0C7FE28461BF0AEFD05
:10850000B4F85811B4F856011BF082FEB4F85401C7
:108510001BF01CFEB4F852011BF02CFE20461BF091
:108520003DFE28461BF056FF94F80421D4E93F0194
:108530001BF0FCFD01201BF0FFFF01201BF000FFE2
:1085400001201BF021FF292140F601101BF0AAFD9C
:1085500001201BF01FFC10F051FB1BF0DFFB40F271
:1085600001233060A4F83C3184F83E51284670BDA8
:108570006FF00B00FBE76FF01800F8E7014B18688D
:10858000FDF7E1B85460002008B5F4F71DFA10F0CB
:1085900051FB002008BD37B5D0F88C51044610F0CF
:1085A00001FC1CF005F910F029FB1BF03BFC2B79BA
:1085B000002B14BF032000201BF0FCFB10BB1BF0A2
:1085C0008FFF1BF07DFF10F0DBFB0DF1060003F0C9
:1085D000F5FF9DF80630FF2B04BF94F865318DF848
:1085E00006309DF806001BF009FF0DF1070003F0AF
:1085F000ADFF9DF807001BF0B3FF2046FDF798FB89
:1086000003B030BD6FF00B00FAE77047704710B54C
:108610000C463AB1017A90F86601053918BF01217C
:1086200004F044F82046FF211BF0D2FC002010BDCE
:1086300070B5037AD0F88C518B42044607D1037B86
:10864000934204D1437B934201D1002070BD21723B
:1086500022736273BFF35B8F94F87231BFF35B8F49
:10866000002BF2D094F89460012E08D004F1080099
:108670001BF0C4FB0028E8D06FF01800E6E70023E9
:108680002B712046FCF7C3FE2E710028EED0DDE7EB
:10869000094B07B50146186829B1002203B05DF8FF
:1086A00004EB10F0FBB9019110F046FA019908466D
:1086B00003B05DF804FB00BF586000201FB509BA85
:1086C000009102AA69461C461BF05EFF10B100B281
:1086D00004B010BD029B23609DF80C302371F7E7B6
:1086E00070B54488049E079DB4F5807F0FD008D8EC
:1086F000402C0CD0802C0AD0202C0AD06FF00A001D
:1087000070BDB4F5806F02D0B4F5805FF6D10C80F7
:1087100002E00C8003212970017911B10229EDD109
:1087200003211170427912B1062AE7D10122327079
:10873000059A817911702978428803290CBF042198
:1087400008210932521A1A80069B00201870D7E7B8
:1087500070B588B000238DF81B3090F89430012B51
:1087600004460D4606D06B88B3F5805F08D16FF0E4
:108770000A0003E0FCF74BFE0028F4D008B070BDFF
:1087800029460020FCF750FF0028F7D10DF11B030C
:1087900003930DF11A0302930DF11903019306AB34
:1087A00000930DF117020DF11E0307A92846FFF7EC
:1087B00097FF0028E2D1A27B9DF817309A4210D093
:1087C000BFF35B8F94F87231BFF35B8F1BB19DF8E1
:1087D00017001BF061FE9DF81730A373012084F889
:1087E000F401627C9DF819309A42054604D1227C3E
:1087F0009DF81A309A4273D0BFF35B8F94F87231B0
:10880000BFF35B8F2BB19DF819109DF81A001BF078
:1088100021FF9DF81930637401209DF81A302374EC
:1088200084F8F4010646E27B9DF818309A4211D094
:10883000BFF35B8F94F87231BFF35B8F1BB19DF870
:1088400018001BF01DFF01209DF81830E37384F819
:10885000F4010646E27A9DF81B309A420ED0BFF32F
:108860005B8F94F87231BFF35B8F1BB19DF81B00D7
:108870001BF01AFF9DF81B30E3720125B4F80920A4
:10888000BDF81C309A4212D0BFF35B8F94F872315E
:10889000BFF35B8F1BB1BDF81C001BF03BFB01203D
:1088A000BDF81C30A4F8093084F8F4010546628A4A
:1088B000BDF81E309A420ED0BFF35B8F94F8723130
:1088C000BFF35B8F1BB1BDF81E001BF001FFBDF8AD
:1088D0001E3063820126002D0CBF304602204DE77A
:1088E0000026A0E710F04CBA10F05CBA194B37B56F
:1088F000C0F88C31184B0546186010F053FA284622
:10890000FFF7E8FD0446F0B905F1C8001BF0EEFBE7
:1089100020461BF0CBFA20461BF0B4FA01A810F059
:1089200011FB10F015FB23460C4A019910F05CF87E
:108930000B4B186050B10B4BC5F8083110F020FA02
:10894000012385F87031204603B030BD6FF00B0471
:10895000F9E700BF24410020546000207D8502001B
:10896000586000205C600020014B1868704700BF11
:10897000546000206FF0110070470000D0F88C3177
:108980001868054B984204D00233C31A5842584124
:1089900070470120704700BF1203CADE10B51446AD
:1089A0001BF0AAFE013004BF0023238010BD13B5C5
:1089B00014460DF106021BF0B3FE013008D0BDF9DC
:1089C0000630002B04DC5B429BB2238002B010BD5A
:1089D0000023FAE7102813D8DFE800F0090C100C88
:1089E000121212120C121212121212121000002085
:1089F0000870704702230B70002070470323FAE7CA
:108A00006FF00A007047012804D0022802D020B974
:108A1000087070470870002070476FF00A007047B8
:108A2000D0F88C311B6810B58B600C461BF05CF9DC
:108A3000C4E900011BF044F9E060002010BD08B556
:108A40001BF0C4FD431C0CBF6FF00A00002008BDE2
:108A50000020704713B504460DF1070003F0E6FD52
:108A60009DF80730FF2B0FD0DB08012B28BF012317
:108A700094F83221002A08BF002384F83A30FF23FB
:108A800084F83B3002B010BD0123F1E72DE9F04F2F
:108A900089B04FF0000990F8487190F816808DF871
:108AA0000A9005460E46002900F0E98090F966110B
:108AB00004AAFFF7DFF804468246002840F0D98078
:108AC0009DF814602846002E66D1FFF757FF9DF9E8
:108AD00010B0814606AA59462846FFF702F9044617
:108AE000002840F0BE809DF81830012B40F00E8128
:108AF0009DF819A0BAF1010F07D0B9F1000F00F0ED
:108B00000581BAF1020F40F001819DF81A308DF80D
:108B10000A309DF81B30002B3BD047F00107FFB215
:108B20004FF00008A5F83C815FFA8BF60022114651
:108B30002846FFF78FFF297A053905F59A7218BF85
:108B40000121304603F0B2FD0446002840F08D803C
:108B500095F84F31534504D050461BF08DFC85F8F5
:108B60004FA195F84831BB420AD038461BF0F8F8BF
:108B7000BB074CBF002001201BF0E2F885F84871CC
:108B8000AB7D434571D085F8168040461BF0F0FD63
:108B90006BE027F00107C3E7FFF7F0FE002800F0C5
:108BA000B5809DF81330012B00F2B0800DF10A035F
:108BB00000939DF810108DF80A4003AB06AA2846D2
:108BC000FFF7ACF8044600284AD19DF81830012B75
:108BD00040F09C809DF819305A1E012A00F29680C0
:108BE0009DF81C20012A40F091809DF81D20511E07
:108BF000012900F28B80934200F085809DF81B20B4
:108C000012B99DF81F20AAB147F00107FFB2012B4E
:108C100095F832319DF80C600CBF4FF0030A4FF00D
:108C2000040A53B995F8F531002B6CD1A5F83C3105
:108C300098467BE727F00107E9E76A7D0E2A4FF0A7
:108C400002039CBF4FF001089DF80D6085F83D318F
:108C500086BF85F83C314FF0030885F83C8165E715
:108C60005646B246002C3FF461AF204609B0BDE83D
:108C7000F08F4E46B246002C3FF45DAFF5E7FFF7AC
:108C80007DFE0DF10B01814695F8660103F022FE91
:108C9000044682460028EDD19DF80B0003A903F09D
:108CA00083FD044668BB0DF10A019DF80B0003F03B
:108CB0008BFD9DF80B0004A903F066FD9DF810A044
:108CC000BAF1000F1FD19DF80C30012B04D0B9F17F
:108CD000000F1BD0022B19D19DF80B6006A930465E
:108CE00003F092FD9DF8183043B147F00207FFB240
:108CF00000239DF80CA0A5F83C311CE727F00207E3
:108D0000F6E75646B6E76FF00A04AEE76FF01104D7
:108D1000ABE713B50846C0B20DF10601144603F0E7
:108D2000D9FD80B99DF9060000280EDB0DF1070181
:108D3000C0B203F039FD58B99DF807300F2B07D0AA
:108D40009DF80630237002B010BD6FF00A00FAE7FC
:108D50006FF00F00F7E7F8B5044600F1800701F067
:108D600042FDE06F18B101F023FE0023E367D4F861
:108D7000805055F80469043E281DB84203D10023F1
:108D8000C4F88830F8BD04F0D7FA2946204601F02F
:108D900045FC736835461E1FEEE7F8B51D4643696E
:108DA0000446164600F11807DBB15B6818680DF041
:108DB000BEFAB0B9ADB1A469043C231D9F4202D1F3
:108DC0006FF00F000AE02368284619680DF0AFFA2B
:108DD00028B9E368B34202D1069B1C60F8BD646801
:108DE000EAE76FF00A00F9E7002300F18002C0E92A
:108DF000202280F88C30C0F88830704770470022FD
:108E000080F8E82000F0BABA70B5054600F1800697
:108E1000C06F01F0D0FDD5F88040043C231D9E4278
:108E200000D170BD2146284601F0FCFB6468F4E7E0
:108E3000FFF791BF70B590F8E94005464CB901F0D5
:108E4000CFFD064640B12846FFF785FFEE67204676
:108E500070BD6FF00500FBE76FF00A00F8E72DE941
:108E6000F84FC46F054691469A4600F1800B1CB935
:108E70006FF00A00BDE8F88F636818680DF057FAC4
:108E80000028F5D1BAF1000FF2D0D5F88060D846AD
:108E9000043E371D5F451DD15F46246824B1D5F8D7
:108EA00088309C4229D90024DDE90A23514628460E
:108EB00001F0CCFB0028DBD0C0F80C9004309CB152
:108EC0000146384604F04DFA3146284601F0A6FB2B
:108ED0000020CFE7F3684B4504D0DED27668B84671
:108EE000043ED6E70124DFE7414604F018FAD5F83E
:108EF00088300133C5F88830EAE76FF01900B9E728
:108F0000C36F13B5044673B10123204684F8E830DB
:108F100000F034FA94F8E930002B14BF00206FF011
:108F20000B0002B010BD08491A46FFF783FF002866
:108F3000F7D1054BCDE90000024619462046FFF760
:108F40008EFF0028E0D0ECE758ED04001FB5044682
:108F500003A8009004F16800FFF71FFF38B9089BD1
:108F600000930399DDE90623204601F09FFB04B03E
:108F700010BD70B505460E4655F8804F043C231DC4
:108F8000AB4202D16FF0110070BD23685B6A0BB970
:108F90006468F3E73146204698470028F8D000205F
:108FA000F2E700002DE9F84390F88C3004460D46B6
:108FB00023B101F018FC002384F88C30E7692F44BA
:108FC000D4F874C0BCF1000F15D12946204601F039
:108FD00014FC10F1100F61D13849C4E925150023A4
:108FE00004F1900284F89030C4F89C301046BDE83B
:108FF000F8833546E4E7D4F870E0A36FA16E0EEB7A
:109000000313691A1A7B00207AB1A26F01329445CA
:10901000A26707D81A7B002AD7D09B68002BD4D030
:10902000E166D2E70EEB021301209E681EB15A687A
:109030008A1A9642E9DD236FA26FA66E110103EB37
:10904000021253F801C05368D2F808801E4420B1C0
:10905000AB1B35EA230528BF3546B8F1000F21D0F8
:10906000AA1BDCF800302946D3F82090604643461E
:10907000C84702460028B9D1B8F1000F14D04644C1
:10908000BB1B002BB5DA0D4B84F89000761BC4E9AE
:10909000253504F19002C4F89C60A7E70028CADADD
:1090A0000022A3E74246DCE7044B84F89080C4E941
:1090B000253504F19002C4F89C8097E760ED040028
:1090C00000F05CB9D0F8C030DB6903B1184700F09C
:1090D00041BA03682BB1002202601A681846926AEE
:1090E00010477047024BC0F8C0305B68184700BF9C
:1090F00054EE0400704704F03DB9D0F8C0309B68CE
:1091000070B504460D4603B198476B68C4F8C0506B
:109110001BB12046BDE87040184770BD10B504462D
:10912000D0F8C40043681B6803B198470023C4F813
:10913000C43010BD38B590F8E83005461BB9BDE81D
:10914000384000F0ADBBFFF72DFF014620B928469F
:10915000BDE8384000F0FEB90023C5F8C400C5F8EA
:10916000CC300378042B27D8DFE803F003161A1E4F
:109170002200284600F0B2FA044600B30121284636
:10918000FFF7CCFF14F1180F01D01334DFD12846BC
:10919000BDE8384000F014B8284600F021FBEBE7AA
:1091A000284600F009FCE7E7284600F009FEE3E75F
:1091B000284600F073FADFE74FF0FF34DEE738BDF2
:1091C00013B50023019390F8E83004464BB1036EC9
:1091D00001A91B6B984720B1204600F0BBF902B0F3
:1091E00010BDA169019B20461944FFF7A3FFF6E7D4
:1091F00073B5D0F8C4500446E5B1D0F8C83093B187
:109200000023ADF80430036E1B690BB101A9984728
:109210006B68D4F8C810DE6801AA02232846B0475C
:109220000023C4F8C83001212046FFF777FF002350
:10923000C4F8C43002B070BD2DE9FF414B7804463C
:109240000E46002B54D0036E01215B6E98470546F5
:10925000002849D1D4F81C3143F48033C4F81C31C0
:10926000326A002A55D0236E06F110015B6D20464C
:1092700098470546002837D1D4F81C31326A134389
:10928000C4F81C31776A0FB904F5807779682046F5
:1092900000F0CFFE054638BB736A1BB9D4F81C3109
:1092A0009A0312D5236E3A79D3F8448039783B7A01
:1092B0002046C04700285FD1726AD4F81C31002ACA
:1092C00045D043F40033C4F81C31B16A002941D0C1
:1092D000236E20469B6C9847054628B9D4F81C316C
:1092E00043F48023C4F81C31284604B0BDE8F08163
:1092F000D0F81C31D903B3D5036E90F8FC105B6E27
:10930000984705460028EFD1D4F81C3123F4803368
:10931000A4E7D4F81C3113F00F07B3D0D4E93C23F1
:10932000CDE90023D4F8F830029394F818318DF881
:109330000C30236E3A465B6D6946204698470546D9
:109340000028D1D1D4F81C3123EA070398E723F48D
:109350000033B8E7D4F81C315B03C5D5236E04F5A0
:1093600086719B6C2046984705460028BCD1D4F8EE
:109370001C3123F48023B5E70546B5E710B5D0F8D6
:10938000C03004465B6A984704F1D400BDE8104041
:10939000FFF79FBE10B504464FF0FF31D0F8D8005C
:1093A0000FF04AFED4F8C030DB68204653B198472E
:1093B00004F1D400FFF78DFED4F8D800BDE81040CA
:1093C0000FF05EBEFFF77EFEF2E710B504464FF0E9
:1093D000FF31D0F8D8000FF02FFED4F8C0301B6951
:1093E000204653B1984704F1D400FFF772FED4F839
:1093F000D800BDE810400FF043BEFFF763FEF2E770
:1094000038B504460D46D0F8D8004FF0FF310FF0C4
:1094100013FED4F8C0305B6963B1294620469847F3
:1094200004F1D400FFF755FED4F8D800BDE8384069
:109430000FF026BE2046FFF745FEF1E710B50446C3
:109440004FF0FF31D0F8D8000FF0F6FDD4F8C0305F
:109450009B69204653B1984704F1D400FFF739FEC9
:10946000D4F8D800BDE810400FF00ABEFFF72AFE7E
:10947000F2E710B54FF0FF310446D0F8D8000FF0F6
:10948000DBFD2046FFF71EFE04F1D400FFF721FEAE
:10949000D4F8D800BDE810400FF0F2BD10B5044676
:1094A0004FF0FF31D0F8D8000FF0C6FDD4F8C0302F
:1094B0001B6A0BB12046984704F1D400FFF709FE60
:1094C000D4F8D800BDE810400FF0DABD70B50446FE
:1094D0000E46D0F8D8004FF0FF3115460FF0ACFD26
:1094E000204600F03DFF60B92046FFF7EBFD04F198
:1094F000D400FFF7EEFDD4F8D800BDE870400FF0BF
:10950000BFBD3DB90369B3420ED1037D002B08BF37
:109510006FF0A205C16800F110022B46204601F051
:1095200014F90028E0D1E2E76FF0A205F2E700238A
:1095300080F8EA3070477047704790F8E8300BB910
:1095400000F0AEB97047012380F8EA300221FFF73E
:10955000D2BD000090F8E8300BB900F0A1B9014984
:10956000FFF7CBBD6CED0400022970B5044606D1AF
:10957000FFF7D4FD2046BDE87040FFF721BE01296A
:109580000ED1D0F8C430D3E902650021FFF7C6FD43
:10959000002DEFD0A9192046BDE87040FFF7CABDE5
:1095A00039B10121FFF7BAFD2046BDE87040FFF751
:1095B000D1BF70BD10B50446D0F8C40043681B6A23
:1095C00033B1984701462046BDE81040FFF7CCBFB5
:1095D00010BD10B50446D0F8C4004368DB6933B150
:1095E000984701462046BDE81040FFF7BDBF10BDBB
:1095F00010B50446D0F8C40043689B6933B198475E
:1096000001462046BDE81040FFF7AEBF6FF01101E4
:10961000F7E710B50446D0F8C40043685B6933B17E
:10962000984701462046BDE81040FFF79DBF6FF008
:109630001101F7E710B50446D0F8C40043681B6970
:1096400033B1984701462046BDE81040FFF78CBF74
:109650006FF01101F7E710B50446D0F8C400436875
:10966000DB6833B1984701462046BDE81040FFF75C
:109670007BBF6FF01101F7E710B50446D0F8C400C6
:1096800043689B6833B1984701462046BDE81040C7
:10969000FFF76ABF6FF01101F7E7000070B50546EC
:1096A0000C460849FFF729FD21462846FFF7C4FD6F
:1096B00038B963685B681BB12046BDE87040184745
:1096C000184670BD9CED040010B500210446FFF75C
:1096D00025FD2046BDE81040FFF772BD38B5D1E941
:1096E0000223016E8C6A191E1A4418BF0121054617
:1096F000A047044618B903492846FFF7FEFC204658
:1097000038BD00BFCCED0400704710B50121044600
:10971000FFF704FD2046BDE81040FFF751BD10B52E
:1097200000210446FFF7FAFC2046BDE81040FFF791
:1097300047BD0000F0B591B004460021D0F8C460E8
:109740000191382202A80BF0C3FF0423ADF8383092
:10975000236E02AADB6901A920469847054680B915
:10976000736801995F6802AA03463046B847BDF89E
:1097700038305B0505D50B492046FFF7BEFC11B01C
:10978000F0BD291E204618BF0121FFF7C7FC204667
:1097900025B1063502D0FFF7DDFEF0E7FFF710FD3B
:1097A000EDE700BF2CEE0400036E10B59B69044684
:1097B0009847831D12D040B120460121FFF7AEFC2F
:1097C0002046BDE81040FFF7C5BE20460221FFF746
:1097D000A5FC2046BDE81040FFF7F2BC10BD00001C
:1097E0007FB50C4605461022002168460BF070FF3D
:1097F0004FF0FF3301932146022328468DF80C30A9
:10980000FFF71AFD044660B92B6E02465E69694691
:1098100003462846B047044618B903492846FFF7CF
:109820006CFC204604B070BD04EE04007047704725
:1098300010B501210446FFF75EFC012384F8E930EE
:1098400010BD90F8E83070B504469BB1036E1B68FC
:109850009847054670B92046FFF7B2FC94F8EA3005
:1098600043B1D4F8C03084F8E85020465B6ABDE8C4
:109870007040184770BD90F8E93010B504466BB1E0
:10988000FFF7C2FA0021204684F8E910FFF733FC05
:10989000D4F8DC00BDE810400FF056BC10BD00004D
:1098A00010B5036E04465B6898472046FFF7A0FC9E
:1098B000204600F098FF20460249BDE81040FFF71F
:1098C0001CBC00BF54EE0400704770B590B0044655
:1098D0000021D0F8C4500191382202A80BF0F8FE04
:1098E0000423ADF83830236E02AADB6901A92046B3
:1098F000984718BB019BD4F8C8109A686B68DE685B
:10990000137803F00703022B16D18B6892789B78AB
:109910009A4211D1034600222846B047019803F02D
:10992000ECFD00212046C4F8C810FFF7F7FB2046E5
:10993000FFF746FC10B070BD0123ECE72046FFF7AF
:1099400009FEF7E77047704738B50446D0F8C40001
:10995000D4F8C81043680022DD680123A84700211D
:109960002046C4F8C810FFF7D9FB2046BDE83840B0
:10997000FFF726BCFFF7E8BF73B50023ADF804304E
:10998000036ED0F8C4501B6904460BB101A9984777
:109990006B68D4F8C810DE6801AA00232846B047D7
:1099A0000021C4F8C8102046FFF7B8FB2046FFF797
:1099B00007FC02B070BD00002DE9F0430D4687B0F2
:1099C00010220021074602A80BF082FE6B68284691
:1099D0009B6898470646002831D083681B7813F0AF
:1099E00020081EBF7A680C2353432946384618BF07
:1099F0000393FFF721FC0446C8B93B6E0090D3F8EF
:109A0000089002AA034631463846C847044670B952
:109A1000C7F8C860B8F1000F07D00A493846FFF709
:109A20006CFB204607B0BDE8F0830749F6E76B689A
:109A30000022DF68314602232846B847F1E76FF07D
:109A40001004EEE7ACEE040084EE0400D0F8CC3055
:109A50002DE9F34104466BBB036ED0F8C4701B6B59
:109A6000D0F8D05001A99847064618BB019A6B68F8
:109A70009B1AA2699A421DDA236EDB68D3B1204695
:109A80009847831D054615D010F1120F12D07B6840
:109A9000D4F8C810D3F80C80324602233846C047A9
:109AA000C4F8C8604DB120460121FFF737FB2046BE
:109AB000FFF750FD02B0BDE8F08120460221FFF71C
:109AC0002DFB2046FFF77CFBF4E700004B6A2DE9F5
:109AD000F347D0E9339805460E460BB900F580737D
:109AE0005968284600F0A5FA20B10446204602B085
:109AF000BDE8F08798F8003003BB98F810309B075A
:109B000049D4D8F8181031B12B6E1B6D9BB1284683
:109B100098470028E9D12B6E4A465C6908F1040198
:109B200000232846A04704460028DFD11B492846C9
:109B3000FFF7E3FADAE76FF01100D6E77368304613
:109B40009B689847D8F81810074689B12B6E1B6D93
:109B50005BB128469847044650B173680022DD681F
:109B6000394602233046A847C0E76FF01104F4E7F6
:109B70002B6E4FF0000ACDF800A09C6808F104029B
:109B80004B4639462846A04704460028E5D10449FB
:109B9000C5F8C870CBE76FF00A04A7E7E4EE04004D
:109BA0000CEF040037B54B68019104461B69084669
:109BB0009847C4F8D00088B30378019963B98368E3
:109BC000013309D101212046FFF7A8FA204603B04E
:109BD000BDE83040FFF7BEBC037F33B120460191A2
:109BE000FFF72AFB01990028ECD1D4F8CC300133DF
:109BF000C4F8CC302046FFF769FF0546F8B10121D3
:109C00002046FFF78BFA15F1180F01D01335DDD17F
:109C1000204603B0BDE83040FFF7D2BAD4F8C450B4
:109C200001462046FFF77AFAEB68002BF0D0A968CE
:109C30002046194403B0BDE83040FFF77BBA03B0BB
:109C400030BD73B50023ADF80430036ED0F8C450B6
:109C50001B6904469BB90023ADF804306B68D4F847
:109C6000C810DE6801AA28460023B0470023C4F8C4
:109C7000C83029462046FFF795FF02B070BD01A904
:109C800098470028EAD0E6E7F0B58FB00446D0F850
:109C9000C4600D463822002168460BF019FD05F01E
:109CA000FB03012B18BF40F20123ADF83030236EC7
:109CB00069461B6A2046984710B10023ADF8303042
:109CC00073686A465F6830462B460021B8473146C4
:109CD0002046FFF767FF0FB0F0BD70B5D0F8C45055
:109CE0006B6800225E680446114628460123B0478F
:109CF00029462046BDE87040FFF754BF70B5D0F844
:109D0000D060D0F8C45090B004460021382202A898
:109D100001910BF0DDFCB38AADF83830236E02AA56
:109D2000DB6901A920469847034658B96A6801993A
:109D30005668284602AAB04729462046FFF732FF58
:109D400010B070BD20460121FFF7E8F92046FFF76B
:109D500001FCF5E7D0F8CC3037B5044623BBD0F88A
:109D6000D050AB6801330CD0036E01A91B6B984730
:109D7000D0B9019A6B689B1AAA681344A2699A42E7
:109D800012DA236E20469B699847831D0CD010F190
:109D9000120F0BD1AB68013306D120460121FFF72A
:109DA000BDF92046FFF7D6FB03B030BD0028F4D143
:109DB00020460221FFF7B2F92046FFF701FAF3E748
:109DC00013B54B68019104461B6908469847C4F8CF
:109DD000D00068B101992046FFF72EFA30B9C4F8D7
:109DE000CC0001992046FFF771FE00B202B010BD11
:109DF0006FF00A00FAE74368184710B504464FF0C1
:109E0000FF3150F8080C0FF017F9637A1BB1A4F179
:109E1000E000FFF755F954F8080CBDE810400FF0CA
:109E20002FB9000038B500F5A0700D461249F9F7BA
:109E300027F900B3C46804F5A073E065206400202E
:109E400063640121256684F8E9000FF038F9C4F84D
:109E5000DC000FF0D3F8094BC4F8D800C4F8E430A4
:109E600004F1E00106480FF09DF9C4F8E000204637
:109E700000F07AFC204638BD40EF0400FB9D020054
:109E8000F79D020010B54FF0FF310446D0F8D8001E
:109E90000FF0D2F82046FFF72DF92046FEF7AEFF6F
:109EA000D4F8D8000FF0ECF8D4F8D8000FF0B8F8D8
:109EB000D4F8DC000FF018F9204600F06BFCD4F861
:109EC000E0000FF0B8F9E06DBDE81040F9F7EDB82B
:109ED000026C536843F0080370B504465360C06DCC
:109EE000F9F7E6F8054640BBE36D1869D0E90623AB
:109EF000C4E93C234FF0FF3684F8FC50C4F8F86006
:109F00000378C4F800314378C4F80431236AC4F8F4
:109F10000831402384F80C31A4F80E3140F202637A
:109F200084F81851A4F8103104F1640003F0CEFA5B
:109F3000054620B1E06DF9F7C1F8284670BD3146FD
:109F4000D4F8D8000FF078F82046FEF74DFF2046F1
:109F5000FFF7C8F8204600F0CEF9D4F8D8000FF08B
:109F60008FF8EAE710B50446643003F0C5FAE06DF7
:109F7000F9F7A4F8D4F8D8004FF0FF310FF05CF8EF
:109F80002046FEF755FFD4F8D800BDE810400FF08A
:109F900077B890F8E900704790F8E92012B1036EA5
:109FA0001B6B18476FF00D007047036E5B6B184713
:109FB000016E896B0847036E5B6A03B118476FF047
:109FC0001100704710B4046E246C1CB1A4465DF8F7
:109FD000044B604720465DF8044B704700F00702D1
:109FE000052A4FEA90230DBFC0F38111810B03F0C6
:109FF0000302C0F301120CBF03F00103C0F30023FE
:10A0000002290BD003290BD029B90220022A09D03A
:10A01000032A0CD03AB16FF0040070470420F5E732
:10A020000A20F3E70230002BF7D1013070470830E7
:10A03000F9E7036C1B691A7803EB82035B6823FA68
:10A0400001F111F0010F0CBF6FF0120000207047FA
:10A05000A1F11903072B09D8816B01F00802002335
:10A0600013430CBF6FF011000020704709390F290E
:10A0700003D8816B01F00402F1E76FF01100704723
:10A0800010B5846B081E09DD04F008020023134399
:10A0900018BF002008BF6FF0110010BD04D104F0FC
:10A0A000040203461343F5E70020F6E710B5846B7E
:10A0B000002004F008020346134304D131F00203E8
:10A0C00018BF6FF00A0010BD10B5846B49B904F4D5
:10A0D00080620B46134318BF002008BF6FF01100C9
:10A0E00010BD01294FF00000FAD104F400620346CC
:10A0F0001343F2E708B508F041F908F073F908F0E6
:10A1000077F9BDE8084000F0DBB800F04FBBF3F78B
:10A1100059B838B505460C20F3F716F8044618B9B7
:10A12000F3F750F8204638BD002385600360F9E757
:10A130002DE9F04F87B0DDE910A60C6890461A466D
:10A14000002381460F463360043C04AD9B46211D2D
:10A150008F4206D13068003818BF012007B0BDE833
:10A16000F08FC5E900BBB8F1000F01D0A04528D0A1
:10A17000D9F8000000952146CDE9022300F0A7FAA6
:10A18000DDE90223E8B10128E8D14BB1DDE9041093
:10A1900018B10844101AD84202D5511A1944059131
:10A1A000316829B1DAF800000499091A002908DA9F
:10A1B00095E80300131A002B34608AE80300C9DA1B
:10A1C000831A6468043CC2E72DE9F04F064687B065
:10A1D000174656F8080F119C884602A99A46002592
:10A1E00000F0B9FB0DF10C0B3B4600220DF11009FC
:10A1F00003920299CDF804B0CDF800904246304663
:10A20000FFF796FF002820DB1ED0059BE3B10499E1
:10A210000AEB0702881A002816DA5DB999E80300EC
:10A2200084E80300D4E900310B449A1A002A0ADAC0
:10A230000125DAE710982568A0EB010C6068AC44B2
:10A240001CEB000F04D50125284607B0BDE8F08FB0
:10A250000B445B1B6360E5E770B5054688B055F8B5
:10A26000080F039200260C4604A9059600F073FB24
:10A2700005AA019206AA0092039B04993246284639
:10A28000FFF756FF002802DA00B208B070BD059B48
:10A2900093B10699204600F0E3FA31464FF0FF32C1
:10A2A000204600F0E8FA012300930599079B324607
:10A2B000204600F007FBE8E76FF00F00E5E700003D
:10A2C000014800F04FBB00BF2C41002038B5836827
:10A2D00005467BB90468A0420CD0204603F02CF858
:10A2E0002069AC6004F1140204F11501BDE83840A6
:10A2F000FAF758BA38BD10B504460020FAF746FA06
:10A3000020B904F15003C4E91433A06510BD10B5A1
:10A310008468002250340287214603F006F8204664
:10A32000BDE81040FFF7D2BF8268916D814210B541
:10A33000034602F1500408D14FF65C7308690B879D
:10A34000FAF726FA6FF0050010BD106DA04203D099
:10A35000984203D102F0F0FF0020F5E70068F5E72E
:10A36000034610B59C6D50301CB100229A65FFF772
:10A37000ADFF204610BD036E9B6E03B118476FF012
:10A3800011007047C36893F8E90070476FF011003F
:10A390007047C368CAB2072A9ABF002083F8FD102D
:10A3A0006FF00A00704710B5C4684FF0FF31D4F861
:10A3B000D8000EF041FE20460021FFF7DCFFD4F864
:10A3C000D800BDE810400EF05BBE10B5C4684FF079
:10A3D000FF31D4F8D8000EF02FFE20460121FFF700
:10A3E000CAFFD4F8D800BDE810400EF049BE70B5E1
:10A3F000C4680E46D4F8D8004FF0FF310EF01CFEB2
:10A40000236E31465B6E20469847054638B9D4F82E
:10A410001C3184F8FC6023F48033C4F81C31D4F878
:10A42000D8000EF02DFE284670BDF8B5C4680D4664
:10A43000D4F8D8004FF0FF3116460EF0FDFD94F829
:10A44000E93013BB236E32465B6D294620469847A0
:10A450000746A0B9700744BF2B89A4F8F830F1076C
:10A4600044BF6B89A4F8FA30B20744BFD5E9002392
:10A47000C4E93C23330702D52B7B84F81831D4F888
:10A48000D8000EF0FDFD3846F8BD6FF00507F6E781
:10A490002DE9F041C4681646D4F8D800D4F8087104
:10A4A00088464FF0FF310EF0C7FD31462046FFF7DA
:10A4B000C0FD054698B9236EFFB25D6C32463B463F
:10A4C00041462046A847054648B9D4F81C31C4F88F
:10A4D0000871C4E9408623F40033C4F81C31D4F871
:10A4E000D8000EF0CDFD2846BDE8F08138B5C5682E
:10A4F00095F8E9304BB12846FEF73BFD0446D5F808
:10A50000E0000EF08FFE204638BD6FF01304F6E732
:10A5100010B5C4684FF0FF31D4F8D8000EF08CFDB0
:10A520002046FEF76CFCD4F8D8000EF0A9FDD4F854
:10A53000DC004FF0FF31BDE810400EF0E1BD00003F
:10A5400038B5C4684FF0FF31D4F8D8000EF074FD70
:10A55000E36D1B691A78C4F800215B78C4F80431F4
:10A56000236AC4F80831064BC4F81C312046FEF7B4
:10A57000C7FC0546D4F8D8000EF082FD284638BD49
:10A580000F0007004368184773B50446A0F108059B
:10A59000A0F5947654F8083C0193019B9D4201D1AB
:10A5A00002B070BD2846FAF78FFD0146304602F032
:10A5B00064FFEFE710B5044600F59070FAF77EFDF2
:10A5C000D4F82801BDE810400EF02CBEF8B50446C2
:10A5D000D8B18368CBB11F68BFB15A68AAB19A6875
:10A5E0009AB11B6A8BB10C4E3568B54205D1204635
:10A5F000294602F094FE0020F8BDAB683946186881
:10A600000BF095FE20B12D68EFE76FF00A00F3E73D
:10A610006FF00500F0E700BF544100200B680846CA
:10A620009B6818470B68DB68084603B118477047FA
:10A63000084611461A4619B103681B6913B1184739
:10A64000084670476FF01100704700002DE9F84F81
:10A65000154CD4F800A005468B4690469946A24575
:10A6600003D100242046BDE8F88FDAF80860594687
:10A6700030680BF05CFE10B1DAF800A0EFE7736809
:10A680002846984704460028EBD0266025614B46B3
:10A69000424621462846FFF7CBFF0028E2D0B368A8
:10A6A00020469847DDE700BF54410020084610B41B
:10A6B0000468A46911461A46019B1CB1A4465DF8C2
:10A6C000044B60476FF011005DF8044B704708467B
:10A6D00010B40468E46911461A46019B1CB1A446F3
:10A6E0005DF8044B60470120C3E900125DF8044B9C
:10A6F0007047C06DF8F7FBBC07B5C06D11462BB1B4
:10A70000002203B05DF804EBF8F7F9BC0192F8F70A
:10A71000EEFC0199084603B05DF804EB02F0EDBED3
:10A720001146C06D1A46F8F7D1BC59B10B689B6A47
:10A7300043B1D0F8D4300BB18B4203D1C0F8D41060
:10A74000002070476FF00A00704710B50C461046A5
:10A75000194634B1236823B1DB6A13B1984700204E
:10A7600010BD6FF01100FBE700F5907310B5C0E964
:10A770004833064BC0F82C31044600F59471044868
:10A780000EF010FDC4F8280110BD00BF89A502001D
:10A7900085A5020010B50446D0F828010EF04BFD47
:10A7A00004F59070BDE81040FAF7A0BC13B5002383
:10A7B00001A9019300F0CFF8019B1C68019A043CA9
:10A7C000231D9A4201D102B010BD23681B6B0BB14F
:10A7D000204698476468F1E7036ED3F89C3003B1D4
:10A7E00018471846704738B50446006F20B1002559
:10A7F0006567F2F7E7FC256738BD70B5436F86B033
:10A8000004461BB9C0E91A130D4604E0C56E002DBD
:10A81000FAD0826E15440022A267A26EE06F029207
:10A82000E26E0195CDE90323436805940A461B6A4D
:10A8300001A99847064628B12046FFF7D4FF3046C5
:10A8400006B070BD636F1BB1A36E5D1B002D05DAF2
:10A850002046FFF7C8FF6FF01106F0E70126EEE78C
:10A8600003680269CB1A002BA3BF916641600020E8
:10A870006FF00A00704710B50469636F8B421AD3FA
:10A8800009B9531C17D16167C160B9B1236F01F1D8
:10A890008051013903EB0111531C05D08A608B688C
:10A8A00023B14A68134402E00029F8D10023E3668B
:10A8B0008360002010BD6FF00A00FBE70132F5D085
:10A8C0008960FFDE2DE9F04106698846716F074611
:10A8D00015461C4699B3336F01F18052013A03EBE0
:10A8E0000213002D2FDB002C2DDB2BB19A6852B305
:10A8F0005B681A44AA4226DCB8F1000F23D0D8F8CE
:10A90000003003B31B6AF3B10131306F0901F2F774
:10A910008BFCD8B1736F190100EB0312C2E901542B
:10A92000013340F801809DF8181011733067736788
:10A93000FB6034B9F4660020BC60BDE8F0810B46D2
:10A94000CFE72C44F6E76FF00A00F6E76FF010004F
:10A95000F3E7FEF7B5BB00F180030B60D0F8880089
:10A9600070470000F8B50446D0B10768C7B1C368A6
:10A97000B3B10369A3B1036A93B10C4E3568043DCA
:10A980002B1D9E4205D1201D084902F0C8FC002065
:10A99000F8BD286839460BF0CAFC20B16D68EEE7B7
:10A9A0006FF00A00F4E76FF00500F1E75C4100206A
:10A9B00043681B69184718B143685B6903B11847BE
:10A9C000704710B429B143689B6933B15DF8044BFB
:10A9D000184708465DF8044B70476FF01100F9E71F
:10A9E0002DE9F047124D2C6807468A469046994655
:10A9F000043C231D9D4203D100252846BDE8F08775
:10AA0000206851460BF093FC08B16468F0E7E368F6
:10AA10003846984705460028EED06C604A464146C5
:10AA2000FFF7CFFF0028E8D0236928469847E3E7DF
:10AA30005C410020F8B5044600283AD08368002B1A
:10AA400037D01A68002A34D01A69002A31D05A69DE
:10AA50007AB3DA696AB35A6A5AB39A6A4AB31A6B12
:10AA60003AB35A6B2AB39A6B1AB3597998798142DF
:10AA70001FD81B6CEBB1124A16683346934209D1BA
:10AA80009E4201D100F0C6F920460D4902F047FC74
:10AA90000020F8BD9D68AF79B94203D895F805C08C
:10AAA0008C4509D9B84202D86D79854204D91B6812
:10AAB000E4E76FF00A00ECE76FF00700E9E700BF9A
:10AAC0006441002010B5084B1A6801469A4201D132
:10AAD000002010BD906844798C4202D884798C4261
:10AAE000F7D21268F2E700BF64410020F8B5094CC4
:10AAF000256806460F46A54201D1002009E0AB6853
:10AB00009B680BB92D68F6E7394630469847002810
:10AB1000F8D0F8BD6441002008B58368DB6813B144
:10AB2000984700B208BD1846FCE78368DB6A70B539
:10AB30000446DBB90123657D63750021204600F0E2
:10AB4000BDFA23696575DBB9E368D3F8AC2094429C
:10AB500008BF0022204608BFC3F8AC2002F0ECFB7F
:10AB6000A36820465B69BDE8704018470269002A67
:10AB7000E0D0012182F8401098470028DAD070BD5B
:10AB8000002183F83E10A3682046DB699847DBE785
:10AB90000269836810B4012482F83E409B6A5DF824
:10ABA000044B1847836810B51B6C0446984750B196
:10ABB0002369012283F83E20A3682046DB69BDE8B3
:10ABC00010408221184710BD70B50546044655F85F
:10ABD000980F0668A84205D154F8A00F0568A04256
:10ABE00009D170BD03691BB183680021DB699847F7
:10ABF00030463668EEE783680021DB6998472846CF
:10AC00002D68ECE7D0F8AC3033B10022C0F8AC20AE
:10AC10009A6818469269104770472DE9F84306462E
:10AC2000D0F8108056F8985F0446B5420ED12546FC
:10AC3000002755F8A00F06684FF00109A8420CD173
:10AC4000C7B14046BDE8F843FFF783BE2B6913B197
:10AC50002846FFF7A7FF2D68E7E7D4F8A83083421E
:10AC600005D184F8D591012730463668E6E7FFF72D
:10AC700099FFF9E7BDE8F883B0F9283010B50A4626
:10AC8000A0F1100423B9C06A836821461B6A984763
:10AC90002046BDE8104000F0D9B938B51C46D0F8C0
:10ACA000B4305B6805469847C5F8B00030B100F095
:10ACB000F3FB4368236083686360012038BD38B5C7
:10ACC000044603B19B1A1A46204600F0F9FB0546DC
:10ACD00040B100F0E1FB294602462046BDE838407D
:10ACE00007F0FDBC38BD70B50546044655F8980F11
:10ACF0000668A84204D12046BDE87040F2F762BA67
:10AD0000FFF713FF30463668F3E711F0FF0110B587
:10AD100005D00B2907D0BDE8104000F05BBA2BB17D
:10AD200000F07EF810BD00F0A1F8FBE71846F9E747
:10AD300038B54FF4F07105460120F2F71FFA0446CA
:10AD400090B10346094A456143F8982BC0E9263380
:10AD500000F1A003C0E928336423C0F8D0310123F7
:10AD6000C0F8D83100F09AFB204638BD88EF0400C7
:10AD700010B50346002053F8A02F9A4200D110BD11
:10AD8000D46918B1A14204D10020F8E7A14208BF5C
:10AD900010461268F1E710B50246034652F8A00FBC
:10ADA000904205D153F8980F984206D1002010BD6B
:10ADB000046A8C42FBD00068F2E7026A8A42F6D04D
:10ADC0000068F1E713460A460146406902F0DBBA23
:10ADD0007FB5382316460022CDE9003204464B6A7F
:10ADE00012220146406902F0F1FA054658B10DF110
:10ADF0000F03012216218DF80F6002F0FDF820B13B
:10AE00002846FAF737F904B070BD60692946FFF7A4
:10AE1000D1FBF8E70148FFF7D9BB00BF6C41002028
:10AE200070B54FF4806200214669FFF7CBFF0446FE
:10AE3000C8B1052102F00BF9054670B12146304634
:10AE4000FFF754FE48B92946204602F0C6F82146CD
:10AE50003046BDE8704002F0ACBA2046FAF70AF975
:10AE60006FF00E0070BD6FF01000FBE7034673B586
:10AE700053F8982F044600269A4219D1234653F8D6
:10AE8000A02F9A4217D108220B212046FFF79AFFE4
:10AE90000546C0B101AB04220721019602F0ACF8CF
:10AEA00060B12846FAF7E6F86FF00E0002B070BD08
:10AEB00012680136E0E712680136E2E76069294668
:10AEC00002F077FAF2E76FF01000EFE710B50161DA
:10AED000144600F0E1FA80F8244010BD38B5D0E9FE
:10AEE00002359B69044663B1D5F8AC300BB183429F
:10AEF0000AD168692946FFF718FC08B9C5F8AC40C3
:10AF000038BD6FF01100FBE76FF00A00F8E708B1F9
:10AF1000407D704701207047036993F83D0010B5EC
:10AF2000B8B19C6B146093F83C00022813D193F8DD
:10AF30003F0080B1586B2044401A00280DDA186B8E
:10AF40009B6BC91A91FBF0F1D16001FB00411160CC
:10AF500010BD0C46E6E72046EEE70023D360F7E796
:10AF600010B56AB100690A445968C06A541A201AB7
:10AF7000002807DB98680144521A002A00DA9C6016
:10AF8000012000E0002010BDF8B50669D6E90B7578
:10AF90002F441D68A5EB010C35EA2C0528BF0D4692
:10AFA000C3E901571C46FFF7DBFF20B19B68F26A3B
:10AFB0009B1A63610120F8BD0369586B5368591AE5
:10AFC00010B50C1A11EA240138BF01465B1A536010
:10AFD00093680B4401449360516110BD37B5002361
:10AFE0000D46C168CDE900232A46436A486902F04C
:10AFF000EDF9044620B1082D02D1042002F0B8F981
:10B00000204603B030BD082910B5044602D1042003
:10B0100002F0AFF924B12046BDE81040FAF72AB893
:10B0200010BD70B50E461546044670B18368186AA7
:10B0300058B140210120F2F7A1F830B1E368C463B0
:10B040005A690661C0E90223057570BDF2F7BAB806
:10B05000FFF75DB910B50446FFF766F920B9204641
:10B06000BDE81040F2F7AEB810BD10F19F0F16DA30
:10B0700010F1A30F18DBA230012819D8DFE800F087
:10B080001C0D0B2B10D8DFE803F0150F0F110F0F5D
:10B09000130F0F0F0F06FF2070472A20704700F193
:10B0A00011039AB20B2AECD9C0B27047F72070474F
:10B0B0003B207047F52070472B2070472DE9FF415A
:10B0C00048230022C768CDE900320546436A786903
:10B0D00088461322394602F079F9044640B32B6AB8
:10B0E0000393042203AB172101F086FF18BB122142
:10B0F000204601F0ACFF0646E8B16B7D8DF80C30C0
:10B10000012203AB1146204601F076FF98B903AB4C
:10B110000122022120468DF80C8001F06DFF50B90C
:10B120003146204601F059FF78692146FFF742FA7F
:10B1300004B0BDE8F0812046F9F79CFFF8E7F8B5C8
:10B14000D0E90357D5F8A02005F1A0039A420446A0
:10B1500007D1014602222846FFF73AFE284600F0B2
:10B160009DF9D5F8B43020461B6898470026022385
:10B1700063752046BE6287F83E6000F0DDF9204628
:10B180003146FFF79BFF6869BDE8F840FFF7E1BB78
:10B1900070B50323467D43750369C56893F83E3057
:10B1A00004460BB1FFF78AFF022E11D105F1980179
:10B1B000204602F0C6F8D5F8A02005F1A0039A4277
:10B1C00006D1E06821460122BDE87040FFF700BECD
:10B1D00070BD00002DE9F04F0646A1B00F4698461D
:10B1E00012B96FF00A0457E01B6800931B21A94BAA
:10B1F00004A802F081F8044600284DD1012F6DD13A
:10B20000059B002BEDD0D3F804A0199B002BE8D0B0
:10B2100010223946304693F80490FFF7D3FD0546D7
:10B22000002858D04846FFF74DFC834600284CD0F4
:10B2300052467069DBF8103049469847824600282C
:10B2400046D0D8F808304362C0E902B680F81490BE
:10B25000FFF762FC002814BF002303238AF815308F
:10B26000D6F8D831CAF818405A1CC6F8D82106F1C9
:10B270009801CAF82030504602F051F803AB3A4624
:10B28000182128468DF80C4001F0B6FE40B16FF051
:10B290000E042846F9F7EEFE204621B0BDE8F08FF7
:10B2A000DAF820300393042203AB1721284601F07B
:10B2B000A3FE0028EBD12946706902F07AF800213C
:10B2C00004465046FFF7FAFEE6E76FF00F04E0E7AA
:10B2D0006FF01004DDE76FF01004DDE71B9B002B1F
:10B2E0003FF47FAFD3F8049030464946FFF753FD53
:10B2F0000A2F05460BD8012F0BD9BB1E082B08D8E7
:10B30000DFE803F05C6F94AA070707071200152F08
:10B3100032D0002D00F0BA80AB6804AA5C6A3946CE
:10B3200043462846A0471FE0FFF7F1FD10220546DF
:10B330000A213046FFF746FD044600283BD003AB08
:10B3400004221721CDF80C9001F056FE70B903AB22
:10B350000122062120468DF80C5001F04DFE28B93F
:10B360002146706902F025F8044695E72046F9F772
:10B3700081FE6FF00E00F7E7C8B185691022152134
:10B380003046FFF71FFD0746A8B103AB0122182185
:10B390008DF80C4001F030FE58B903AB042219219E
:10B3A0003846039501F028FE18B93946D9E711242B
:10B3B000E4E73846DBE76FF01000D5E7002848D017
:10B3C000FFF7A5FD50B12B69002B36D1AA680221E9
:10B3D000546A28461A46A04700B2C5E76FF00A0033
:10B3E000C2E7002852D0D6F8A830984203D196F888
:10B3F000D621002A4AD12C69002C3FF44DAF94F895
:10B400003E408CB99D4204D021462846FFF7C0FB40
:10B4100042E796F8D451002D7FF43EAF01237069C6
:10B4200086F8D431FFF795FA002435E788B1D6F8CD
:10B43000A830984203D0FFF778FB002094E796F8F5
:10B44000D64134B90123706986F8D631FFF781FA05
:10B45000F3E76FF00F0087E7C0B18368467D5C6A51
:10B4600004AA43460521A04704B2002C7FF414AF80
:10B47000002E7FF411AF2846FFF74EFB00287FF423
:10B480000BAF03236B75214628461BE76FF00F04B3
:10B4900002E700BFBCEF04000069704710B5044626
:10B4A0004069FFF799F9044B044A01280CBF18467C
:10B4B0001046C4F8B40010BD18F104000CF10400EB
:10B4C000D0F8B03010B5B3B10022C0F8B0201A697E
:10B4D00092F83D1021B9012182F83D101168916365
:10B4E00092F8261071B19968097982F82510002127
:10B4F00082F8261006E0D0F8B4305B68984703461F
:10B500000028E4D1184610BDF8B587683F6B0D469A
:10B5100014461E46B84701280BD17268531B002BF6
:10B5200008DB34B1B06820B12C44A41A201AC043FF
:10B53000C00FF8BD0020FCE783681B7933B10369B5
:10B54000002283F82520012283F826207047036912
:10B5500093F83D204AB91A6A186B8A1A121A002AFF
:10B56000A2BF012283F83D2099637047D0F8A8302C
:10B570001A692AB192F8253013B1013B82F82530BF
:10B58000D0F8B4309B6803B1184770470000000042
:10B590002DE9F04F9946D0E9033585B0D3F814B0C2
:10B5A0000446904601F00EFD82460191584603A9DB
:10B5B000FEF7F2FC50BB58EA0903019B08D185F85D
:10B5C0003D002369039A1A62002005B0BDE8F08FA0
:10B5D000B8EB0A0669EB0307002E77F1000317DBCF
:10B5E000DBF80030D91703FB07F206FB0122A3FBAF
:10B5F0000601114408A3D3E9002320F083FE039B36
:10B600001844012385F83D30A863DAE7F720DCE72A
:10B610004220DAE7AFF3008000CA9A3B0000000046
:10B620002DE9F04F03468DB053F8A04F0092064627
:10B630000D4602934FF00108029B9C420ED14FF041
:10B640000009DDF800A0D6F8A0704C464E46029BDB
:10B65000BB4213D130460DB0BDE8F08F27692946B3
:10B660002046FFF774FF97F83D302BB997F83F302D
:10B6700013B987F83D80BD632468DDE73846FFF7DE
:10B680000BFF8046B9F1000F1BD099F8242090F8E9
:10B6900024309A4215D06268AB1A002BDADA531BB9
:10B6A0000093BAF1000F1DD09A45A8BF9A4633699E
:10B6B00093F83D202AB94FF0010283F83D2022681B
:10B6C0009A633B6993F83F2093F83D30039282F0F0
:10B6D000010201924BB9002E47D06268521B0AD179
:10B6E0003F68B4E7DDF800A0E1E7DDE900310029BB
:10B6F00018BF53461A46434629463846FFF704FF0B
:10B700000128EDD1C6B36168D8F80420D8F8080044
:10B71000CB431344C3422CD4A368501C0B441B1AC4
:10B72000002BDDDBD6F810C09CF83F300493081ADC
:10B7300083F00103002805933BDA03B3B2EB010B5E
:10B7400015D006AB5A463046FFF7DEFE01280ED173
:10B750000DF1180EBEE80F00A446ACE80F009EE8FD
:10B760000300DA468CE80300BAE7009AC3E7039BBC
:10B77000FBB13046FFF7E0FEC14644463AE0019B8C
:10B78000002BADD19CF83D309BB94A1BF1D006ABE4
:10B7900029463046FFF7B8FE0128EAD10DF1180E10
:10B7A000BEE80F00A446ACE80F009EE803008CE85A
:10B7B00003006368D8F80410DA43CA4220D5019A1E
:10B7C0006AB3B3EB010B17D006AB5A463846FFF706
:10B7D0009BFE012810D13846FFF75EFE0DF1180CD4
:10B7E00006460446BCE80F000FC69CE8030086E846
:10B7F0000300DA463E4673E7049B002B7FF470AFEC
:10B8000099F8252098F8253032BB002BB1D1D8F813
:10B810002030D9F820209B1A002B1FDAA9E7059BBE
:10B82000002BA6D1336993F83D30002BE8D14A1B99
:10B830009FD006AB29463046FFF766FE012898D117
:10B840000DF1180EBEE80F00A446ACE80F009EE80C
:10B8500003008CE80300D3E7002BD8D13846FFF76C
:10B860006BFE3DE72DE9F843C4680546FFF714FE7B
:10B8700004F1A00790F82490D4F8A0403E46BC42C2
:10B88000A04606D02046FFF707FE90F824304B452F
:10B8900005D231462846BDE8F84301F052BD246880
:10B8A0004646ECE7F8B5D0E908530746044657F892
:10B8B000A06F1D44BE4203D1236AED1A6562F8BD34
:10B8C0003046FFF7E9FD816991B1C2690A44C2615E
:10B8D000326992F83F20D0E901C34AB1D4F8A820D8
:10B8E000B24205D06344EA1A35EA220528BF1D4654
:10B8F0003668DFE7C168A03101F02CBD2DE9F04FBB
:10B900008FB090460AAACDE90A2200F1A002019266
:10B910000F46D0F8A020019908AB9142CDE9083339
:10B92000814604D1002738460FB0BDE8F08FC346EA
:10B930000026049386F00103D9F8A0400593002E59
:10B9400018BFD846019BA3423BD1002E37D00898A0
:10B950000DF1200A5045E5D00CAF3946CDE90C7702
:10B9600001F0EFFC0C9EA6F128042046FFF794FDA1
:10B9700056F8183C93F83D900546089E564571D000
:10B98000283E3046FFF788FDD5E9012302EB030B83
:10B99000002E00F0A780D0F80480A8EB0B03002B4A
:10B9A00080F2A080B9F1000F71D0336993F83D3077
:10B9B000002B6CD106F1280001F0BEFCDDE701266A
:10B9C000B8E72369059A93F83F3093423ED1204669
:10B9D000FFF762FD002383618246034642463946F3
:10B9E0002046FFF791FD012830D12046FFF754FD96
:10B9F000089D04990346283D049805F128028242D7
:10BA000002920ED02846CDE90631FFF745FD069B90
:10BA10004268D3F804C00799ACEB020EBEF1000FE8
:10BA200016DA04F1280001F07AFC39462046FFF7C7
:10BA30008EFD5EB9DAF80420BBF1000F04D00BEBE9
:10BA40000703D31A002B01DAA2EB070B246879E76E
:10BA5000944503D19A6880688242E2DBAD6A02991C
:10BA6000283DC9E7002630468EE70AA901F072FC9E
:10BA70000C9B0025BB422C4609D0A3F1280420468C
:10BA8000FFF70AFDD0E90123054602EB030B0C98F2
:10BA9000B84209D0D845E8D00AAE0C9BBB4203D0CF
:10BAA000DDF820B0D3451FD1002C7FF466AF0A9D8E
:10BAB0000AAB283DA2460193019A05F128039A4258
:10BAC0003AD10A9D4FEA5A08283D00274FF0000955
:10BAD000019A05F128039A4237D1A369A2689B1AFB
:10BAE000A36120E7D846D2E7ABF1280210460192C5
:10BAF000FFF7D2FC4368A8EB0303002BD4DB5BF811
:10BB0000183C93F83D30B9F1000F0FD133B1019AD1
:10BB1000CDE90A66CDE90C77144605463946584604
:10BB2000019301F017FC019B9946B6E7002BF5D174
:10BB3000584601F001FCB0E72846FFF7ADFCAD6ABE
:10BB400090F82430283D9A44B6E72846FFF7A4FC35
:10BB500090F8241006468068C346CC46C1FB00BC62
:10BB6000002352465846614620F0CCFBF369B06191
:10BB7000034407B394F8251096F8252039B93AB153
:10BB8000384602932F46FFF7D7FC029B0EE042B1E6
:10BB9000039A9342F4DC04D1326A216A521A002AD1
:10BBA000EEDB2846FFF7C8FC039B2646AD6A0393ED
:10BBB000283D34468CE72F46F8E70000012830B5D1
:10BBC0002DD0B0FA80F3C3F11F039BB2591E01229E
:10BBD0008A40C403450CA01845EBE271C3F120056F
:10BBE00001FA05F520FA03F2A3F1200421FA04F486
:10BBF0002A43224392B282F40042910A094DA2EBF9
:10BC0000812235F8114092B2FF2A04EBC33005D9E6
:10BC1000013135F811301B1B00EB630030BD0020F3
:10BC2000FCE700BF24F1040008B538B1FFF7C6FFF8
:10BC30006D233630B0FBF3F080B208BD4FF6FF70D5
:10BC4000FBE7000000F58050C0F3443280144FF051
:10BC500020034ABF404203FA00F043FA00F022B149
:10BC6000034B9B5C5843800870472023FAE700BFD2
:10BC700066F104002DE9F04FDFF8CCA0DFF8CCB07E
:10BC800097B005461E460C4601EB02184FF03009EE
:10BC9000444501D100230BE0237A002B51D13368B6
:10BCA000209A934208D1216828460AF031FB0123EB
:10BCB000184617B0BDE8F08F013333601034E7E762
:10BCC000392319E007F1300316E00137237ABB422C
:10BCD000F4DD2368ADF810905146184603930AF03E
:10BCE00026FB30B1039B594618460AF020FB00287A
:10BCF000E8D1002FE4D135238DF81030209B627AF3
:10BD00000093E16833462846FFF7B4FF0028DCD0F3
:10BD10003D220021039006A8059109F0D9FC29468F
:10BD200005A80AF00EFB216828460AF00AFB04A9C0
:10BD300028460AF0EDFA05A928460AF0E9FA039B1D
:10BD4000B6E70027C2E700BF87F1040086F10400D0
:10BD50002DE9F74F02EB0313DFF8D4A00193064659
:10BD60000F4614464FF000086FF00F0B019B9C42EA
:10BD700016D0256828460AF0ECFA3146814602467C
:10BD800028460AF0EEFA00284BD1237A63B93046F0
:10BD90000AF0DFFA814544D1A3883B80B4F806B0AD
:10BDA000584603B0BDE8F08F16F80930303B092B38
:10BDB00006EB090035D809F01FFC1C49D4F80CB07B
:10BDC000C5B2022230460AF0CCFA28B1032251460D
:10BDD00030460AF0C6FA20B9052D20D0092D22D10F
:10BDE0000125237AAB421ED920680AF0B2FA08F185
:10BDF000010880445A46637A394606EB0800FFF78B
:10BE0000A7FFB0F1000B0CDDB4F90630388803FB56
:10BE10000505ADB23D80A3881D443D80C0E70025E7
:10BE2000DFE71034A2E76FF00F0BB9E787F10400EA
:10BE300086F104001FB50C4600230B70039300909D
:10BE4000064903AB1A222046FFF714FF00280CBF57
:10BE50006FF00F00002004B010BD00BF60F80400B8
:10BE60000378012B8CBF6FF0160000207047A0F103
:10BE7000180293B22F2B13B514D80624B2FBF4F397
:10BE800004FB1323FBB90A88ADF8042018281AD143
:10BE90009DF8043013F0010F0CBF00206FF0160066
:10BEA00002B010BD40F2EA3398420CD10B7813F087
:10BEB0007C0F05D113F00300F2D013F0800FEBE7F5
:10BEC0006FF01600ECE70020EAE70000054B187859
:10BED00020B901221A70044B187070476FF00500EA
:10BEE000704700BF6460002078410020064B1A783C
:10BEF0003AB1064A06480121117000221A7000F07A
:10BF00005FBD6FF00F007047646000207841002033
:10BF1000187301202DE9F3410D46144628B96FF03E
:10BF20000A04204602B0BDE8F0810029F7D0002ABB
:10BF3000F5D00023ADF80230204A1A230DF102019A
:10BF4000FFF706FF061E01DA34B2EAE7B442E6D193
:10BF5000BDF80200294600F0BDF8BDF802700446A5
:10BF6000A8B1A7F1180293B22F2BDAD80621B2FBA1
:10BF7000F1F301FB1323002BD3D16FF07F43032296
:10BF800001A92846019309F085FB0028C9D129465B
:10BF90003846FFF76CFF04460028C2D1DFF8248042
:10BFA000324608EB070009F085FB054B1B78002B98
:10BFB000B7D0404600F004FD0446B2E760F8040044
:10BFC000784100201873012073B50D461646C8B19C
:10BFD000C1B10023ADF806300D4A1A230DF1060158
:10BFE000FFF7B6FE041E0ADBA3B2B3420DD8BDF8BC
:10BFF0000630084922461944284609F05BFB2046D2
:10C0000002B070BD6FF00A04F9E76FF01904F6E7AB
:10C0100060F804001873012038B5154B1549164D0A
:10C02000164C4FF47B72184609F044FB00214FF484
:10C030008072C0F8EC2180F8E71340F201322970D9
:10C040000F49C0F88C220346012280F8E423A0F8AF
:10C05000E823096820689861A0889883144601B194
:10C0600088472C700248BDE8384000F0A9BC00BFEA
:10C070001873012074F40400784100208AF1040050
:10C080006060002010B510B10D4B02681A6000F01E
:10C0900059FC0368023B04330FD84368B3F5805F53
:10C0A0000BD8084800F054FC044620B1FFF7B4FF59
:10C0B000002818BF0446204610BD0024F6E700BF44
:10C0C0006060002018730120014B00221A60704745
:10C0D000606000200E2830B4034602D10B78042B98
:10C0E00090E0A0F11002032A06D8C40700F18F8067
:10C0F00030BC0846FFF7B4BE172802D10B78022BDC
:10C1000080E0183882B22F2A3CD80624B0FBF4F223
:10C1100004FB1202002A40F0888008784B78050959
:10C12000C0F34200042803F00F044FEA53128B7847
:10C130000FD80B2D0DD80121A1404FF2370001423D
:10C1400007D0042A05D81F2B11D8022B04D840F0A1
:10C1500037816FF016001EE0012202FA03F3AB4AAA
:10C160001A40002A0CBF6FF01600002013E0FF2BCE
:10C1700000F0268103F0BF033F2B14BF6FF01600C1
:10C18000002008E0482B08D10B88B3F5806F94BFDE
:10C1900000206FF0160030BC70474C2B07D191F98E
:10C1A0000030002BACBF00206FF01600F3E7B3F5B2
:10C1B000A67F9DD0B3F5A77F1FD10B78282B0AD877
:10C1C0000F2B06D813F0F70F14BF6FF016000020E6
:10C1D000E1E7103B04E0482B0DD82F2BB9D9303BB9
:10C1E000DBB2012202FA03F313F0013F0CBF6FF040
:10C1F00016000020CFE7FF2BBFE7B3F5A97F06D1DC
:10C200000B78652B34BF00206FF01600C3E7A3F551
:10C21000AA7082B2B2F5207F07D2A024B0FBF4F25C
:10C2200004FB1202002A00F0C280A3F5AE7082B2B5
:10C23000B2F5207F07D2A024B0FBF4F204FB120277
:10C24000002A00F0B480A3F5B27082B2B2F5207F6C
:10C2500007D2A024B0FBF4F204FB1202002A00F083
:10C26000A680A3F5B67082B2B2F5207F07D2A024D3
:10C27000B0FBF4F204FB1202002A00F09880A3F550
:10C28000BA7082B2B2F5207F07D2A024B0FBF4F2DC
:10C2900004FB1202002A00F08A80A3F5BE7082B26D
:10C2A000B2F5207F06D2A024B0FBF4F204FB120208
:10C2B000002A7CD0A3F5C27082B2B2F5207F06D2EC
:10C2C000A024B0FBF4F204FB1202002A6FD0A3F505
:10C2D000C67082B2B2F5207F06D2A024B0FBF4F281
:10C2E00004FB1202002A62D0A3F5D07082B2B2F52C
:10C2F000207F06D2A024B0FBF4F204FB1202002A35
:10C3000055D0A3F5D47082B2B2F5207F06D2A02416
:10C31000B0FBF4F204FB1202002A48D0A3F5D87057
:10C3200082B2B2F5207F06D2A024B0FBF4F204FB67
:10C330001202002A3BD0A3F5DC7082B2B2F5207F56
:10C3400005D2A024B0FBF4F204FB12027AB3A3F5E9
:10C35000E07082B2B2F5207F05D2A024B0FBF4F2E7
:10C3600004FB12021AB3A3F5E47082B2B2F5207F87
:10C3700005D2A024B0FBF4F204FB1202BAB1A3F57B
:10C38000E87082B2B2F5207F05D2A024B0FBF4F2AF
:10C3900004FB12025AB1A3F5EC7082B2B2F5207F11
:10C3A00010D2A024B0FBF4F204FB120252B94B1ECF
:10C3B000033113F8012FFF2A3FF4CBAE9942F8D195
:10C3C0000020E8E6A3F5F67082B2B2F5207F08D22D
:10C3D000A024B0FBF4F204FB120212B90B78032B79
:10C3E00010E76FF4F670181882B2B2F5207F0FD202
:10C3F000A024B0FBF4F204FB12024AB90B78042B20
:10C4000001D8002BAEE60F2BB7E600BF8880008076
:10C41000A3F5F77082B2B2F5207F07D2A024B0FB5B
:10C42000F4F204FB1202002A3FF468AE6FF4F772D4
:10C43000981882B2B2F5207F07D2A024B0FBF4F2A4
:10C4400004FB1202002A3FF453AEA3F5F87082B247
:10C45000B2F5207F07D2A024B0FBF4F204FB120255
:10C46000002A3FF445AEB3F5757FB7D040F2D53220
:10C4700093420AD10B780133DBB2042B3FF669AE4D
:10C480004B780133DBB2052BBCE6B3F5777F03D0E5
:10C4900040F2E232934203D10B780133DBB29EE7E4
:10C4A000B3F5797F0BD14A1E023112F8013F0133F7
:10C4B000DBB2042B3FF64DAE9142F6D180E740F25D
:10C4C000E732934201D10B78DBE7B3F57A7F3FF493
:10C4D00005AE40F2E93293423FF40AAE40F2EB324D
:10C4E00093427FF46DAF09E6014B9B89038070474F
:10C4F00018730120014B9B7B037070471873012058
:10C50000014BDB7B037070471873012001289FBF2C
:10C51000044B03EB4000037C0B7094BF00206FF0D2
:10C520000A00704718730120014B1B7D0370704790
:10C5300018730120014B5B7D037070471873012055
:10C54000014B9B7D0370704718730120014BDB7D0D
:10C55000037070471873012007280AD8064B06227B
:10C5600002FB003030F8183F0B8083788B7000207E
:10C5700070476FF00A0070471873012007289FBFAB
:10C58000054B062202FB0030838B9ABF0B800020F4
:10C590006FF00A00704700BF18730120024BB3F818
:10C5A00048300380704700BF18730120024BB3F876
:10C5B0004A300380704700BF18730120024B93F884
:10C5C0004C300370704700BF18730120024B93F981
:10C5D0004D300370704700BF1873012001289FBFC2
:10C5E0007C234E2213FB0020034B9DBFC018086024
:10C5F00000206FF00A00704718730120024BD3F837
:10C6000048310360704700BF18730120024B93F854
:10C610004C310370704700BF18730120024B93F830
:10C620004D310370704700BF18730120024B93F81F
:10C630004E310370704700BF18730120032830B5D6
:10C64000054612D8012910D8072A0ED84FF4AA702F
:10C650004C2414FB010101EBC202A02111FB0520B7
:10C66000034A10441860002030BD6FF00A00FBE759
:10C6700018730120032830B5054612D8012910D8B7
:10C68000072A0ED84FF4AC704C2414FB010101EBC7
:10C69000C202A02111FB0520034A104418600020AB
:10C6A00030BD6FF00A00FBE71873012003280DD896
:10C6B00001290BD8A02358434C2303FB0101054B50
:10C6C00019440020D1F89431136070476FF00A00CC
:10C6D000704700BF1873012003280DD801290BD81B
:10C6E000A02358434C2303FB0101054B19440020B0
:10C6F00091F99831137070476FF00A00704700BFCE
:10C700001873012003280DD801290BD8A023584302
:10C710004C2303FB0101054B1944002091F99A3188
:10C72000137070476FF00A00704700BF1873012044
:10C7300003280DD801290BD8A02358434C2303FB11
:10C740000101054B1944002091F89B31137070478B
:10C750006FF00A00704700BF1873012003280DD83E
:10C7600001290BD8A02358434C2303FB0101054B9F
:10C770001944002091F89C31137070476FF00A0043
:10C78000704700BF1873012003289FBF054BA022EC
:10C7900002FB003090F8EC319ABF0B7000206FF074
:10C7A0000A0070471873012003289FBF054BA02281
:10C7B00002FB003090F8ED319ABF0B7000206FF053
:10C7C0000A0070471873012003289FBF054BA02261
:10C7D00002FB003090F8EE319ABF0B7000206FF032
:10C7E0000A0070471873012003289FBF054BA02241
:10C7F00002FB003090F8EF319ABF0B7000206FF011
:10C800000A0070471873012003289FBF054BA02220
:10C8100002FB003090F8F0319ABF0B7000206FF0EF
:10C820000A0070471873012020B9044B93F8D433E1
:10C830000B7070476FF00A00704700BF187301203B
:10C8400010B9034B0B6070476FF00A00704700BFD0
:10C85000ED76012010B548B9012907D8054B06240B
:10C8600004FB0131B1F9D833138010BD6FF00A0019
:10C87000FBE700BF1873012010B548B9012907D89C
:10C88000054B062404FB0131B1F9DA33138010BDE6
:10C890006FF00A00FBE700BF1873012010B548B91C
:10C8A000012907D8054B062404FB013191F9DC333B
:10C8B000137010BD6FF00A00FBE700BF1873012072
:10C8C00010B9034B0B6070476FF00A00704700BF50
:10C8D000FC76012020B9044B93F9E7330B707047C5
:10C8E0006FF00A00704700BF1873012020B9044B95
:10C8F00093F8E8330B7070476FF00A00704700BF81
:10C900001873012020B9044B93F8E9330B7070477A
:10C910006FF00A00704700BF1873012020B9044B64
:10C9200093F8EA330B7070476FF00A00704700BF4E
:10C9300018730120024B93F8EB330370704700BF6C
:10C9400018730120014B1868704700BF7C4300201A
:10C95000F0B5194B1E68194BAFB01C684FF47B72D1
:10C960003146054608F0A6FE0AAA234604F1200C2B
:10C97000174618685968144603C4083363452246AD
:10C98000F7D16A68019212A800F0DEF8019A3146E8
:10C9900012A800F005F902A912A800F01DF9202242
:10C9A000394602A808F076FE002814BF6FF00B008D
:10C9B00000202FB0F0BD00BF7C430020804300204A
:10C9C00070B5104B42681E680F4BA6B004460AA80B
:10C9D0001D68019200F0B8F8019A21460AA800F0FB
:10C9E000DFF802A90AA800F0F7F86268214630468D
:10C9F0000CF0D6F820B9202202A928460CF0D0F875
:10CA000026B070BD7C430020804300202DE9F04F0C
:10CA1000C9B008AA01F1400514464B780E781B04F2
:10CA200043EA0663CE7833438E78043143EA062323
:10CA30008D4244F8043BF0D11024916B16464FEA26
:10CA4000F14383EA714383EA9123716A366852F8AD
:10CA5000045F31440B444FEAB54181EAF51181EAA4
:10CA6000D50101340B44402CD363E6D1D0E914E363
:10CA70000093836D0193C36D0293036E0393436E22
:10CA80000493836E0593C36E0693DDE9057BDDE9B0
:10CA9000031CDDE901592B4B009E079374464FF0B0
:10CAA0000008079B53F8042B07934FEAF12383EA0E
:10CAB000B11383EA716A08AB53F828301A440AEBC1
:10CAC000020327EA010A01EA0C028AEA02021A4476
:10CAD0004FEA743A86EA05035A448AEAB40A06EA37
:10CAE000050B234083EA0B038AEAB45A08F10108D4
:10CAF0009A44B8F1400F02EB0903BB465244A946E1
:10CB000019D172440265009A22444265019A324466
:10CB10008265029A2A44C265039A1A44049B0266FB
:10CB20000B444366059B63448366069B3B44C36694
:10CB300049B0BDE8F08F674635468C462646194613
:10CB40001446AEE700FA0400002300220364002329
:10CB5000C0E912230B4B0C4A0C49DFF840C0C0E976
:10CB600014230B4BC0E916130A4BC0E918C30A4B38
:10CB7000836603F17453A3F52303A3F69243C366BC
:10CB8000704700BF85AE67BB67E6096A72F36E3C0B
:10CB90003AF54FA58C68059BABD9831F7F520E5188
:10CBA00070B50C468D180026AC4200D170BD036CE8
:10CBB00014F8012BC2540133402B0364F4D1014615
:10CBC000FFF724FFD0E9123213F5007342F100029F
:10CBD000C0E912320664E7E7026C38B5372A0D4621
:10CBE0004FF08001815402F1010304464FF000022E
:10CBF00042D8382B3BD1236CD900D4E912235218E8
:10CC000043F10003104612BAE2631A0A194684F887
:10CC10003B3084F83A201A0C1B0EC4E9120184F848
:10CC20003830214684F839202046FFF7EFFE691E90
:10CC30001823226DDA4001F8012F626DDA400A7183
:10CC4000A26DDA400A72E26DDA400A73226EDA40AF
:10CC50000A74626EDA400A75A26EDA400A76E26EF3
:10CC6000DA40083B13F1080F0A77E2D138BDE254ED
:10CC70000133BEE7E25401333F2BFBD92146204666
:10CC8000FFF7C4FE3822002108F022FDB3E730B5DB
:10CC90000C468FB005466A4600212046F8F79EF9FB
:10CCA00098B92A6817212046F8F77CFB68B96B68A9
:10CCB00033B9EB685BB969462046F8F7ADF904E093
:10CCC000A868214698470028F3D00FB030BD07AAC6
:10CCD00002212046F8F782F90028F6D1EB6828698E
:10CCE000214698470028F0D107A92046F8F794F983
:10CCF0000028E0D0E9E770B50446F2B00D464FF4E5
:10CD0000E072002102A808F0E3FCA368ABB10123A4
:10CD1000ADF86C3100230DF107065C931B2240F245
:10CD2000071302A928465A96ADF87431F8F7F2F9BC
:10CD300018B9A36831786068984772B070BD2DE962
:10CD4000F041ADF5087D04464FF4E0720D4618A899
:10CD5000002108F0BDFC302200210DEB020008F09C
:10CD6000B7FCE368002B40D0042340F20912ADF871
:10CD7000D431002302AE7693ADF8DC210DF1140816
:10CD8000ADF8843162931B2240F20D1318A9284696
:10CD90007496CDF88081ADF88C31F8F7BBF920BBE3
:10CDA000012240F207130DF10607ADF8442012905E
:10CDB0000DF10705ADF85420169002220CA940464B
:10CDC0001097ADF84C301495ADF85C30F8F7A2F937
:10CDD00058B92B7831683A7803918DF81130606832
:10CDE000E3688DF8102003A998470DF5087DBDE88C
:10CDF000F0810B46122B10B4114608D0132B0AD029
:10CE0000D9B203695BB140685DF8044B18475DF81F
:10CE1000044BFFF770BF5DF8044BFFF790BF5DF860
:10CE2000044B70477FB5044616460846ACB10A9AD3
:10CE30000292099A0192089A00920B49224605F043
:10CE40005AFC054660B114220021204608F040FC3F
:10CE5000C4E90056002004B070BD6FF00A00FAE784
:10CE60006FF01000F7E700BFF3CD020010B50446E5
:10CE700020B1006805F0A3FC0023236010BD10B1B1
:10CE8000C160002070476FF00A0070470161704771
:10CE900010B1006805F09EBC6FF00A0070470000FA
:10CEA00007B540B13BB100930068044B05F0D1FCDD
:10CEB00003B05DF804FB6FF00A00F9E78FCC0200C5
:10CEC0002DE9F0418846ADF50A7D17461D46064618
:10CED000002860D0002B5ED0006805A905F08FFC0B
:10CEE0000446002852D101460CAA05A8F8F776F8A6
:10CEF000044600284AD14246012105A8F8F752FA13
:10CF00000446002842D13A46152105A8F8F734FA1C
:10CF1000044600283AD10CA905A8F8F77DF8044684
:10CF2000002833D1102201A913A8F8F715F83068AA
:10CF300013AB012205A905F076FC044618BB014697
:10CF40004FF4E0721AA808F0C3FB0123ADF8EC31EE
:10CF500040F20713ADF8F43104237A95ADF8DC31D3
:10CF6000043509231B221AA913A87C94789476957A
:10CF7000ADF8E431F8F7CEF8041E13A818BF6FF02F
:10CF80000A04F6F7C5F913A8F7F7E4FF20460DF5F4
:10CF90000A7DBDE8F0816FF00A04F7E7F0B587B0CD
:10CFA0001E4604460F4615460021102202A808F02E
:10CFB0008FFB01AB3246294620460197FFF770FFF1
:10CFC00007B0F0BD08B5F0F79BFA4FF47A730A4644
:10CFD000A0FB030103FB021108BD10B5D0E902421A
:10CFE000A3185B1A9BB2042B0B8001BF131F0022F6
:10CFF000C360E250C06810BD2DE9F041D71D164650
:10D000001C46D0E902321A44C36927F003079B1A71
:10D010009F42884616DC3946F8F733F80546A0F8F3
:10D020000280301D28803A1A002115FA80F008F09D
:10D030004FFB54B132462146281D08F03BFB00202F
:10D04000BDE8F0816FF00C00FAE72046F8E710B574
:10D05000D0E902431C4400231A4641F40041FFF783
:10D06000CBFF00280CBF2046002010BDFFF7C4BF37
:10D070000138C0B20C289ABF014B185600207047E7
:10D0800000FB04002DE9F04F85B09A460E9B0192FB
:10D0900004460D462BB101320E989200002108F093
:10D0A00017FB032D40F32381B4F80090B9F1030F6F
:10D0B00040F21D81A94500F31A81668836F4404B81
:10D0C00029D0019B5B4526DBBAF1000F0BD10E9BEB
:10D0D000002B40F0088109F1030929F00309A5EBB1
:10D0E00009054C44DDE70C2303FB0BF3A9F1040114
:10D0F0001AF8032010460AEB0308FFF7B9FF0028CF
:10D1000005DD814203D0B8F80230994203D1072AE5
:10D1100004D1300415D46FF00A000FE0082A10D0B3
:10D120003304F8D4092AB8F8023002D033D8052ADB
:10D1300031D16BB199420BDD6FF0160005B0BDE83F
:10D14000F08F29B10329F7DDD8F80430002BE2D1A4
:10D1500098F8013003F1FF3CBCF1030FB7D8092A5E
:10D160006AD01ED8531E032BD5D8032A33D0042AE5
:10D1700036D0022A17BF2279A2880023FF2004BFDD
:10D1800000234FF6FF700021BCF1030FC3D8DFE886
:10D190000CF0343F434C002B18BF18468142D7DABD
:10D1A000CAE7A2F10A03032BB5D80C2A67D00D2ACF
:10D1B0006DD00B2A5BD094F904607F20F717002113
:10D1C0006FF07F024FF0FF33BCF1030FA3D8DFE80D
:10D1D0000CF06E757183626800234FF0FF30D2E768
:10D1E000224602AB52F8040F516803C34FF0FF30E0
:10D1F000DDE902234FF0FF31C6E7B8F90860B8F95E
:10D200000A00F717C117BB4208BFB24207D293E723
:10D21000B8F90860F717F6E7B8F90A00C11799429C
:10D2200008BF9042BFF453AF86E7D8F80810D1E9A1
:10D230000067D1E90201E6E7022B0FD0032B12D0E1
:10D24000012B7FF468AFB8F80820B8F80A30914293
:10D25000FFF672AF99427FF73AAF6DE7B8F8082052
:10D260004FF6FF73F3E7B8F80A300022EFE7B4F99E
:10D270000460204AF71747F6FF700021A2E76668AE
:10D280006FF00040F71700214FF000429AE7224666
:10D2900002AB52F8040F516803C30022DDE90267B4
:10D2A0004FF0FF306FF000414FF000438CE7B8F9CA
:10D2B0000820D317B8F90A00C11702E0B8F908200E
:10D2C000D317964277EB0303FFF636AFB04271EB0C
:10D2D0000703BFF6FCAE2FE7D8F80810D1E900230A
:10D2E000D1E90201EDE70E9B43F82B40F3E6002065
:10D2F00024E700BF0080FFFF30B40446B2F902000B
:10D30000002808DA10460A4630F8045B0294291F08
:10D3100030BCFFF7B7BE6FF00A0030BC70470B6837
:10D32000C0E900315860086070474B6843604B6843
:10D330000160186048607047D0E9003213605A609D
:10D34000704710B5FFF7F8FF0B68C0E9003158606F
:10D35000086010BD10B5FFF7EFFFBDE81040FFF704
:10D36000E4BF03680B60596043684B601960704705
:10D3700070477047012902D0022900D011B9C06D51
:10D38000F5F7E2BE704738B50733002123F00300FC
:10D39000F7F75BFE044640B10521FFF758FE05464E
:10D3A00028B92046F7F766FE2C46204638BD206295
:10D3B000FBE738B50C460546096A2046FFF70DFE27
:10D3C000E86D2146BDE83840F5F7C4BE2DE9F043CD
:10D3D00085B080460C9807300F4620F003000021EE
:10D3E00016461D46F7F731FE044600283CD00421BE
:10D3F000F7F747FE2B0A057043702B0C2D0E837038
:10D40000C57000212046FFF722FE814680B3D8F880
:10D4100064300393042203AB01212046FFF7ECFDA7
:10D4200030BB08212046FFF712FE054600B33B68DB
:10D430001B680193184608F08CFF019B421C0221D7
:10D440002046FFF7D9FD98B9042203AB11462046C8
:10D450000396FFF7D1FD58B905212046FFF7F7FDE8
:10D4600030B1C4E90895A062204605B0BDE8F0835C
:10D470002046F7F7FFFD0024F6E7F8B5D1E9086785
:10D480000C460546896A2046FFF7A7FD3946204627
:10D49000FFF7A3FD31462046FFF79FFDE368032B0E
:10D4A0000DD904212046A668F7F7FBFDA36833B128
:10D4B0003188E86D2246BDE8F840F5F76BBE20469E
:10D4C000F7F7D8FD6FF00A00F8BD0000094BBFF375
:10D4D0005B8F53E8002F013243E800210029F8D187
:10D4E000BFF35B8FBFF35B8F1B68BFF35B8F036082
:10D4F00000207047686000207047F5F711BE2DE9E5
:10D50000F0410D1D064600EB85050C468F184FF0C7
:10D510000008A74204DC033456F82400BDE8F0817B
:10D52000142CF8DC2B681BB90C20EFF70DFE2860DB
:10D5300055F8040B0028F1D0C0F80080C0F8048032
:10D54000C0F808800134E4E770B500F1100500F17F
:10D550006404002655F8040B28B1EFF733FEA5420A
:10D5600045F8046CF6D170BD10B500EB8104D4F819
:10D57000B8302BB911460120EFF700FEC4F8B8000F
:10D58000D4F8B8300BB1FF229A70D4F8B80010BDAF
:10D5900070B500F1B80500F1F404002655F8040B4D
:10D5A00028B1EFF70FFEA54245F8046CF6D170BD27
:10D5B000038E13F400730AD000F127032B3013F805
:10D5C000012B982A03D98342F9D10120704700200A
:10D5D000704738B18378FF2B01D01BB911B181702E
:10D5E00001B1C2707047C3680422C3F88C20D0F820
:10D5F0009420C3F89020D0F89820C3F8942003F129
:10D600008C007047072910B598BF054B0C4694BF96
:10D61000595CFF21FFF7DDFFB4FA84F0400910BD2B
:10D620000DFB04002DE9E8410F46111E054618BF09
:10D63000202100F1B408002695F8F430B34201DC53
:10D64000BDE8E8813A7858F8040FFFF7C2FF0136C9
:10D65000F2E738B510220C46B0F840500021A0186F
:10D6600008F036F8012365832362284638BD022A74
:10D6700010B5044615D091F83C30022B13D191F827
:10D680003F0068B90B6B896BA06801390AB9E4687F
:10D6900020440B441B1A002B05DB531E58425841F3
:10D6A00010BD0020FCE70120FAE708B56022FFF773
:10D6B0005BFF003818BF012008BD38B50446D0F81C
:10D6C000000108B1F7F7D6FCD4F8FC000025C4F837
:10D6D000005108B1F7F7CEFCC4F8FC5038BD70B566
:10D6E0008D694A69EB179E060446D317A80646EAD9
:10D6F00095111EF0B7FD0123208684F8283070BDF7
:10D7000010B50A460021044607F0E2FF10BD2DE9DE
:10D71000F04188B00F464FF08071054600911068C7
:10D720005168DDE90E8601AC03C403AA1C4603F16F
:10D73000100C20686168134603C3083464451A4618
:10D74000F7D1F3001BBA102F07930AD1102E24D162
:10D7500043462022694628460BF01CFC08B0BDE871
:10D76000F081202F19D1102E06D143463A46694642
:10D7700028460BF011FCF1E7202E0ED1434632462D
:10D78000694628460BF008FC0028E7D14FF00073EB
:10D790000093324608F11003E9E76FF00A00DDE775
:10D7A0001F20704738B50B79022B15460BD883B173
:10D7B0000B68196820221A71FDF733FC286008BB3A
:10D7C0006FF0100038BD033B012B11D96FF0110031
:10D7D000F8E70B6810221A710C4A053302F11001A8
:10D7E00052F8040B43F8040B8A42F9D10020E9E710
:10D7F0008C690B68002CDCD01A792146581D07F083
:10D8000059FFF3E7FDF724FCF0E700BF15FB040028
:10D8100010B5044670B1006F18B10BF0BFFB0023C8
:10D82000236720469021FFF76BFF2046BDE810409C
:10D83000EFF7C8BC10BD00002DE9F0410D4686B0E1
:10D84000044600284AD00520FFF792FD224602AB8D
:10D8500052F80D0F516803C390681860102704F147
:10D8600039030093019704F119062DBA1D4A217A54
:10D87000059502AB3046FFF74AFF054618BB04F199
:10D88000490300930197184A217A02AB3046FFF70B
:10D890003EFF0546B8B904F15908CDE90087304686
:10D8A000124A217A02ABFFF732FF0646054650B90D
:10D8B000206F10B10BF072FB2667414604F1700037
:10D8C0000BF06EFB054602A81021FFF719FF05209B
:10D8D000FFF74FFD284606B0BDE8F0816FF00A055E
:10D8E000F8E700BF26FB04002FFB040038FB040010
:10D8F0002DE9FF4106460F4601209021EFF73EFC3F
:10D90000044600285FD033681A68026032790271D9
:10D910001B790372D6E9021200F109032B48039325
:10D920000BF038FB0546002836D13068217A039B7E
:10D93000019104F1190200920530254AFFF7E7FE34
:10D94000054648BB3279039BD2B973691A68C4F89B
:10D9500084209B88A4F8883033691B88A4F88A3017
:10D9600001462046FFF768FF0546A8B93068202128
:10D970000530FFF7C5FE3C60284604B0BDE8F081E5
:10D980003068217A1022019204F17402009205306D
:10D99000104AFFF7BCFEE7E730684FF0000805309B
:10D9A000C7F800802021FFF7ABFE206F18B10BF005
:10D9B000F5FAC4F8708020469021FFF7A1FE2046BA
:10D9C000EFF700FCD8E76FF01005D5E76C6000209A
:10D9D00041FB04004AFB040070B5044686B0C0B1A8
:10D9E000102302AE01930096017A0B4A00F109035D
:10D9F0001930FFF78CFE054620B9059B1BBA23F0B2
:10DA00000043E36610213046FFF77AFE284606B051
:10DA100070BD6FF00A05F9E753FB040010B578B349
:10DA2000047954BB00F184040F2B29D9039B0F2BDD
:10DA300026D923681360636853600B0E13720B0CB6
:10DA400053720B0AD1729372D0F845301BBAC3F3EC
:10DA500006611173C3F30E415173C3F31621D373DF
:10DA60009173029A00F14903593053F8041B42F8AC
:10DA7000041B8342F9D1002010BD00F13904D3E723
:10DA80006FF00A00F8E72DE9F04F0E468BB0144610
:10DA90001F468246002847D00620FFF769FCF2683F
:10DAA000B568131B05EB020800220692ADF81C2096
:10DAB000149A059312BA089206228DF82420F2696E
:10DAC000A2EB08027FBA072A05EB040BADF81E7023
:10DAD00024DD2888FCF782FA071E22DB059B26221C
:10DAE0004FF00809EA55CDE900B3CDE90289234694
:10DAF000DAF870002A4606A90BF056FA044650B927
:10DB000049463046F7F7BDFA0620FFF732FC2046BB
:10DB10000BB0BDE8F08F2023EB55F5E76FF00E0456
:10DB2000F2E76FF00404EFE76FF00A04EFE72DE986
:10DB3000F04F0D4689B017461C46064600283BD0DC
:10DB40000720FFF715FC00230493ADF81430129B57
:10DB5000D5F808A0D5F80CB01BBA0693AAEB0709B4
:10DB6000062364BAADF816408DF81C30B9F80000F1
:10DB7000FCF734FA051E0AEB0B081ADB0823CDE983
:10DB80000283CDE900AB3B46306F4A4604A90BF057
:10DB900018FA044610B9202309F805300821404638
:10DBA000FFF7AEFD0720FFF7E4FB204609B0BDE814
:10DBB000F08F6FF00404F5E76FF00A04F5E7F7B5AE
:10DBC0001E4600230F4615460193B8B1047994B15F
:10DBD00000F1740101A80BF008FA044658B9BB68BB
:10DBE000019805352B44721F19460BF003FA0446C1
:10DBF00001980BF0F3F9204603B0F0BD6FF00A0472
:10DC0000F9E77FB5019300230E4615460393B0B1A3
:10DC100004798CB100F1740103A80BF0E1F904461A
:10DC200050B9B368019A03982B4419460BF0E2F9F6
:10DC3000044603980BF0D2F9204604B070BD6FF093
:10DC40000A04F9E738B5D1E90253072B0C4602D88C
:10DC50006FF0040038BD2888FCF7C0F90028F7DB16
:10DC60002B5C262BF4D1E16820460839F7F704FA3B
:10DC70000020EFE710B50A460021044607F028FD12
:10DC800010BD70B5044604B970BD6068EFF79AFA2C
:10DC9000A068EFF797FAE5682DB925682046EFF7F9
:10DCA00091FA2C46EFE7E8682E68EFF78BFA2846E2
:10DCB000EFF788FA3546EFE72DE9F041856C064627
:10DCC0000F4601204FF4EC719046EFF757FAED0044
:10DCD000044658B33DB908210120EFF74FFA054635
:10DCE00050B9002517E029460120EFF747FAC4F89C
:10DCF0008C010028EFD1F4E7C4F8C8004246214661
:10DD0000304605F0BDFA204604F01EFEE7612046CD
:10DD100001F03AFE50B12846EFF754FAD4F88C01DE
:10DD2000EFF750FA2046EFF74DFA00242046BDE801
:10DD3000F08110B5044601F0CEFF204601F03AFE16
:10DD4000D4F88C01EFF73EFAD4F8B00030B10121DD
:10DD5000FFF790FFD4F8B000EFF734FAD4F8BC0026
:10DD600030B10121FFF786FFD4F8BC00EFF72AFAA3
:10DD7000204604F079FE204604F05CFED4F87C01D5
:10DD8000D4F8C830984201D0EFF71CFAD4F8C80094
:10DD9000EFF718FAD4F8C401EFF714FA20464FF45D
:10DDA000EC71FFF767FF2046BDE81040EFF70ABAB5
:10DDB00090F83930FF2B1CD090F83B30032B18D053
:10DDC00090F83A300B2B14D0B0F840104FF6FF7299
:10DDD00091420ED090F88B20032A0AD05BB1053B0C
:10DDE000012B08D990F83800A0F1FF0358425841A0
:10DDF0007047012070470020704738B5C3685D69DF
:10DE000004462846FCF7C5F8002800F0878094F8FF
:10DE1000A23094F89E2083B912F0FD0F40F08C8060
:10DE200094F8A0308BB994F89D30012B78D194F8F8
:10DE30009F30012B11D932206FE0002A7CD0012BBA
:10DE400005D194F8A030012B07D92E2065E0022BD4
:10DE500003D194F8A030012BF7D9636E002B61D069
:10DE600094F8D030072B08D801229A4012F0B40F52
:10DE700003D0D4E9352191420DD3042B0DD8022BC8
:10DE80000ED9D4E937239A4205DCB4F9E420B4F979
:10DE9000E6309A4204DDF8203FE0063B012BF0D942
:10DEA00094F88A309B073FD594F83A30082B3DD040
:10DEB000D4F898102846FCF7CBF8C8BB94F8A21009
:10DEC0002846FCF7DDF8A8BB94F89E102846FCF71E
:10DED000EDF888BB94F8A3102846FCF7F5F868BB6A
:10DEE000FFF75EFC94F8A43001229A40024227D04A
:10DEF000022B01D0042B02D194F83B3013B3D4F899
:10DF000094102846FCF795F810F1130F1CD0E8B9CF
:10DF100094F83C00002818BF222038BDF720FCE709
:10DF20003020FAE72320F8E73820F6E73920F4E735
:10DF30002C20F2E7FC20F0E72D20EEE72F20ECE785
:10DF40002420EAE73A20E8E78220E6E7FE20E4E73B
:10DF50002DE9F7438846174608215822D0F80C903F
:10DF600005461E46FDF73AF80446002839D02B6ACC
:10DF70000193042201AB1721FFF73EF8A0BB0190EB
:10DF800001AB042208212046FFF736F860BB0F21C1
:10DF90002046FFF75CF8054630B301AB02220121B1
:10DFA0002046ADF80480FFF727F8E8B901AB01225D
:10DFB000022120468DF80470FFF71EF8A0B901ABCE
:10DFC0000122032120468DF80460FFF715F858B9A7
:10DFD00029462046FFF701F8D9F814002146FCF73E
:10DFE000E9FA03B0BDE8F08308212046FDF70BF8FD
:10DFF000F7E7F7B50F46482208210546FCF7EEFF84
:10E00000044638B32B6A0193042201AB1721FEF7B3
:10E01000F3FF08BB019001AB042208212046FEF764
:10E02000EBFFC8B90E212046FFF711F8064698B15C
:10E03000012201AB114620468DF80470FEF7DCFF8B
:10E0400050B931462046FEF7C8FFEB6821465869B3
:10E05000FCF7B0FA03B0F0BD08212046FCF7D3FF6F
:10E06000F8E72DE9F0410646884617461C46DBB125
:10E07000102B01D0202B1AD135684DB13B78A3422B
:10E080000AD228460121FFF7F5FD2846EFF79AF856
:10E090002046EFF759F8054635605DB13C703068B1
:10E0A0002246414607F006FB0020BDE8F0816FF0F4
:10E0B0000A00FAE76FF01000F7E70000F8B5037DFB
:10E0C000033B022B1AD9046994F83F00A8B1A36A54
:10E0D000226B591AD7171E25A1FB022301FB073318
:10E0E000A2FB050105FB0311054A00231EF0BAF847
:10E0F000636B8342B4BF00200120F8BD0120FCE720
:10E1000040420F000269D0F8283130B5946A156B8F
:10E1100003FB01131C449462946B05FB034393635C
:10E12000D0F834311944C0F8341130BD2DE9F04F26
:10E13000C368D0F8B4515B692DED048B87B008EE4D
:10E14000103A2B68019300F5DA7306468A4603936A
:10E15000039B9D4207D1304604F06CFC07B0BDEC38
:10E16000048BBDE8F08F2B6905F11008984500F08D
:10E17000BF80BAF1000F00F0848000221746102102
:10E180005C2301FB02323046FCF728FF04460028DE
:10E1900000F0A2800D21FEF75AFF0290002800F047
:10E1A0009B80336A0593042205AB01212046FEF7CC
:10E1B00023FF002840F0908005AB01220421204677
:10E1C0008DF814A0FEF718FF002840F085802B89F9
:10E1D000ADF81430022205AB11462046FEF70CFFC5
:10E1E000002879D196F83A30062B15BFD6F8C82109
:10E1F00033699388B3F848301CBF591C918020467E
:10E20000ADF81430022205AB0321FEF7F5FE00281D
:10E2100062D105AB022206212046ADF81470FEF74C
:10E22000EBFE002858D1002F51D007212046FEF7E1
:10E230000EFF2F6905AB08EE900AD7F800B009EE83
:10E24000103A4FF00109B8451ED118EE901A204639
:10E25000FEF7C3FE02992046FEF7BFFE18EE100A35
:10E260002146FCF7A7F9019D2B68019370E71A89F5
:10E270001B681744BFB29845CAB201F10101F6D13B
:10E280007DE751465746F6E73B89ADF81430022248
:10E2900019EE103A49462046FEF7AEFEE0B907F106
:10E2A0000C03042209F101012046FEF7A5FE98B9EE
:10E2B0003846FFF741F83846EEF784FF2B7E013BE6
:10E2C0002B765F4609F10209DBF800B0BBE7404658
:10E2D00004F099FB2F76BDE7404604F094FB4FF025
:10E2E00000032B76002CBED02046F6F7C3FEBAE71B
:10E2F000404604F088FB4FF000032B76B3E710B5DF
:10E300000446D0F87C01D4F8C830984208D0EEF723
:10E3100059FFD4F8C830C4F87C310023C4E9603315
:10E3200010BD036930B593F83E50DDB9D0F888319F
:10E33000D0F884210133C0F88831D0E95F43C3EBC2
:10E34000C301214401328978C0F884218A4209DB63
:10E35000C0F884512178013393FBF1F201FB1233B1
:10E36000C0F8803130BD10B490F8CD401CB14AB92E
:10E370005DF8044B7047002AFAD05DF8044B104654
:10E38000F6F778BEC368B3F8BA4083F8B211641ADE
:10E39000A3F8B041C3F8B4215DF8044BFCF79EBD6F
:10E3A000C168D0F828212DE9D848436E0469D1F816
:10E3B000D001013282FB03BCC7170BFB07F100FB46
:10E3C0000C13ABFB00011944034A00231DF04AFF64
:10E3D0006063BDE8D88800BF40420F0010B500233D
:10E3E0000169C0F82C31C0F88831C0F8303191F89B
:10E3F0003C20012A044615D0037D033B022B8CBF31
:10E4000000230123012A81F83F300CBFA36F0023B2
:10E410002046C4F8283101F003FB2046BDE8104037
:10E42000FCF78DBE1346EDE738B5044601F0DAFD82
:10E430003328054619D0637D022B1FD02369EBB129
:10E44000204601F08CFB831D18D0A23080B2012839
:10E450000BD9D4E916232046FDF79AF8054620B9D2
:10E460002046BDE83840FFF7B9BF204601F0DDFA8D
:10E4700029462046BDE83840FCF720BE38BD10B51F
:10E4800000230446C0F8CC31FCF782FE2046BDE8EC
:10E49000104001F0CABA2DE9F347D0F870410F8857
:10E4A00054F81C59043F064688467F081C3D00F579
:10E4B000B87A04F11C09D14510D1002586F87851AD
:10E4C000CDF804D0CDF800D008F102084FF00709CC
:10E4D000BD4219DB002002B0BDE8F087204601F004
:10E4E000EBFB4846FEF728FFE06828B10121FFF763
:10E4F000C1FBE068EEF766FE2046EEF763FEEB69CF
:10E500002C46A3F11C05D4E724210120EEF736FEAA
:10E51000044678B138F8023F0380A0F818906946A5
:10E520001C30FEF702FF2146304602F0A9F820B960
:10E530000135CDE76FF01000CDE76FF00A00CAE7B4
:10E5400073B505461446FEF782FD064618B96FF00E
:10E550000C0002B070BD63798DF8063001220DF118
:10E56000060311462846FEF747FD0028EFD16388D1
:10E57000ADF8063002220DF1060311462846FEF7DB
:10E580003BFD0028E3D12388ADF8063002220DF1CF
:10E59000060304212846FEF72FFD0028D7D1237952
:10E5A0008DF8063001220DF1060303212846FEF7FF
:10E5B00023FD04460028CAD131462846FEF70DFD4A
:10E5C0002046C6E770B5D0F8FC600446BEB3D6E975
:10E5D00002521544B269D0F80031AD1A7D2DA8BFA2
:10E5E0007D25CBB1D4F80001D0E902311944C369CB
:10E5F000AA1C5B1A9A421CDA0321F6F742FD94F832
:10E60000FA300370002345708370B169D4F80001BB
:10E610002A46F6F73CFD0CE0B0F8F8001028A8BF39
:10E6200010200121C001F6F710FDC4F800010028F8
:10E63000D8D13046F6F71EFD0023C4F8FC3070BD7B
:10E640002DE9F04F044685B00023C768ADF80A30C5
:10E6500023697869D3F83080D0F80090D4F828A1E5
:10E660000E460A460DF10A03214601F0F4F900288E
:10E670007DD094F83930072B7CD005D8053B012B91
:10E6800007D94FF4806209E0082BFAD1B17CDC2273
:10E6900001E0317C9622642312FB013208212046DE
:10E6A000FCF79CFC0546002861D0236A03930422F2
:10E6B00003AB1721FEF7A0FC00285DD1636B039329
:10E6C000042203AB08212846FEF796FC002853D10C
:10E6D00004212846FEF7BBFC834600284CD0236962
:10E6E0009B6A0393042203AB01212846FEF784FCB6
:10E6F000002841D14FF47A730AFB088899FBF3F99B
:10E70000042298FBF9F303210393284603ABFEF799
:10E7100073FC88BB0095BDF80A3078693246214603
:10E7200001F0A5F940BB59462846FEF756FC796929
:10E730002B463246204604F06CFBE8B907F1B800DE
:10E74000FFF740FF94F8CD3053B107F5DC73042296
:10E7500010212846FEF750FC70B90023C7F8B831E5
:10E76000636B7869013363632946FBF723FF05B0C8
:10E77000BDE8F08F317C8AE708212846FCF743FC8E
:10E78000F5E7407F002808BFFF20704707B58DF8E8
:10E7900007200DF107030122FEF72EFC03B05DF800
:10E7A00004FB07B5019201AB0422FEF725FC03B080
:10E7B0005DF804FB2DE9F04F06468FB00446039246
:10E7C00036F8042B8B46043A30460021032ACDB29A
:10E7D00012DD0388032B0FD993420DDC01310B2985
:10E7E00004D16FF00A000FB0BDE8F08F033323F0BF
:10E7F0000303D21A1844E9E7002DF2D0C1EBC1019E
:10E8000001310120EEF7BAFC039B1860002800F0EC
:10E81000B1800570B4F800900023A9F104090293B7
:10E82000B9F1030F40F3A9803388032B40F2A58090
:10E830004B4500F3A280039BD3F80080DBF8003047
:10E84000009332464E4B062107A8FEF755FD0546BC
:10E8500080B99DF808A0CAEBCA04631C08EB030248
:10E8600048F80350C2F80350089A4FEACA077AB929
:10E870006FF00A05029B28B2013302930028B2D13F
:10E880003388033323F00303A9EB03091E44C7E7CE
:10E89000099B002BECD01279042AE9D84444627019
:10E8A0001B79002BE4D0A3700A9B002B4ED093F968
:10E8B0000430E3700C9B002B4BD093F90430A37110
:10E8C0000D9B002B48D093F904300B9AE371002A7A
:10E8D0004BD0DBF80030009302212A4B04A8FEF74E
:10E8E0000BFD002844D1059B002B38D093F9043050
:10E8F0002371069B002B35D093F90420A7EB0A0364
:10E900004344A7EB0A075A7194F90430013308BF56
:10E910000023B84408BF237198F90530013304BFC0
:10E92000002388F8053094F90330013304BF2379BC
:10E93000E37094F90730013304BF0023E37194F9C5
:10E940000630013396D1E379A37193E74FF0FF339B
:10E95000AFE74FF0FF33B2E74FF0FF33B5E74FF0CB
:10E96000FF33C5E74FF0FF32C8E7FF222271C5E74A
:10E9700005467FE76FF0100035E7002033E700BF62
:10E98000ACFF04000000050090F8A2301BB1012B81
:10E9900027D0FA2300E0402380F8203190F89D3002
:10E9A000012B0CBF40232023A0F8223190F89E3089
:10E9B00080F8243190F8A3305A1E5342534180F816
:10E9C000263190F8A030022B0DD0032B0DD0012B57
:10E9D00014BF0623072380F82531022380F827314E
:10E9E00070477D23D8E71B23F5E71F23F3E70000DB
:10E9F0002DE9F04FC368DBB0D3F81490002316461E
:10EA0000044603930A46002900F01C8333680093F0
:10EA10005321454B06A8FEF76FFC054620B105259E
:10EA200028465BB0BDE8F08F637D022B1AD101232D
:10EA30003E4F06AA184652F8041F79B13A2B06D861
:10EA4000232B0BD062D80D2B08D01425E8E7A3F1B7
:10EA50003B01C9B200FA01F13942F6D00133DBB211
:10EA6000542BE8D1209B1BB11B790D3B0B2BD6D926
:10EA7000189B1BB11B7913F0380FD0D12E9B33B1EB
:10EA80001B88142BA3F1040201D0202AC7D12F9B8D
:10EA900033B11B88142BA3F1040201D0202ABED16C
:10EAA0001F9B002B37D12046FFF782F990B9099AB6
:10EAB00094F83A30002A35D012791999002900F0DB
:10EAC000D2829A4294F88B00097940F0BE82884243
:10EAD00040F0BB82299828B103AA3146FFF76AFEAD
:10EAE000804670B92E9E002E00F08682B6F800B0E7
:10EAF000ABF1040B5846EEF727FB0746C0B96FF0A1
:10EB000010080398EEF75EFB454689E7A3F1330151
:10EB100006299AD8A2E719794846FBF78AFA00280D
:10EB2000C1D07CE71A46C8E7BCFB04000120C00145
:10EB30005FFA8BFB311D5A4606F0BCFD3E462F9F07
:10EB4000002F00F05B82B7F800A0AAF1040A50463B
:10EB5000EEF7FAFA8046002800F079825FFA8AFA26
:10EB6000391D524606F0A6FD47460C99002940F093
:10EB70004782079B002B40F05982089B13B11B79F9
:10EB800084F83930099B13B11B7984F83A300A9B19
:10EB900013B11B7984F83B300B9B13B19B88A4F80D
:10EBA00040300D9B13B11B7984F83C300E9B43B170
:10EBB00053F8040F596804AA03C2DDE90423C4E929
:10EBC00016230F9A22B1D9F8141053684B432366C9
:10EBD000109941B1D9F800304FF47A7293FBF2F2F8
:10EBE0004B6853436366119B0BB15B68A36694F853
:10EBF00085301BB1A36E013B84F88630159B13B1A1
:10EC00005B68C4F88030379B2BB11B7984F8863061
:10EC1000002384F88530389B13B11B7984F8873042
:10EC2000179B13B11B7984F88830189B2BB11B7983
:10EC300084F88A30002384F88930199B13B11B793A
:10EC400084F88B3094F8893053B194F88B30012BD1
:10EC500040F0F08194F88A3043F0010384F88A3060
:10EC6000237D033B022B14D9139B0BB15B68A36775
:10EC7000169B2BB11B79003B18BF012384F884300D
:10EC80001A9B13B11B7984F8EB30149B0BB15B68B2
:10EC9000E3671B9B13B11B7984F88C301C9B13B169
:10ECA0009B88A4F88E301D9B13B11B7984F890309B
:10ECB0001E9B13B11B7984F891301F9B13B11B79F4
:10ECC000C4F89430209B13B11B79C4F89830219B71
:10ECD00013B11B7984F89C30239B13B11B7984F802
:10ECE0009D30249B13B11B7984F89E30259B13B172
:10ECF0001B7984F89F30269B13B11B7984F8A030D0
:10ED0000289B13B11B7984F8A130229B13B11B7986
:10ED100084F8A230279B13B11B7984F8A330299B78
:10ED200053B1D4F8C800D4F87C31834201D0EEF757
:10ED300049FA039BC4F8C8302A9B13B11B7984F8A5
:10ED4000A4302C9931B131F8042B04F1A500043A18
:10ED500006F0B0FC2D9931B131F8042B04F1A70075
:10ED6000043A06F0A7FC2E9B63B1D4F8B0302BB167
:10ED700000221A70D4F8B000EEF724FAC4F8B0609C
:10ED800084F8ADB02B9B2BB15B68C4F8B430012282
:10ED900084F85C212F9B63B1D4F8BC302BB10022E6
:10EDA0001A70D4F8BC00EEF70DFAC4F8BC7084F801
:10EDB000B8A0309B2BB11B79003B18BF012384F80E
:10EDC000C030319B13B11B7984F8C130329B9BB1A9
:10EDD0001A7902F0010284F8C3201A79C2F34002C2
:10EDE00084F8C4201A79C2F3800284F8C5201B7904
:10EDF000C3F3C00384F8C630339B2BB11B79003BAF
:10EE000018BF012384F8C730409B13B11B7984F8E5
:10EE1000E830419B13B11B7984F8E930429B13B170
:10EE20001B7984F8EA304F9B13B11B7984F80C31BD
:10EE3000349B2BB11B79003B18BF012384F8CC30E5
:10EE4000359B13B15B6884F8CE30509B2BB11B7996
:10EE5000003B18BF012384F8CD30369B13B11B79DA
:10EE600084F8CF30399B13B11B7984F8D0303A9BAA
:10EE700013B15B68C4F8D4303B9B13B15B68C4F832
:10EE8000D8303C9B13B15B68C4F8DC303D9B13B1B8
:10EE90005B68C4F8E0303E9B1BB1B3F90430A4F8C2
:10EEA000E4303F9B1BB1B3F90430A4F8E630439B38
:10EEB0002BB11B79003B18BF012384F8EC30449B35
:10EEC0002BB11B79003B18BF012384F8ED30459B23
:10EED00013B11B7984F8EE30469B13B11B7984F88B
:10EEE000EF30479B13B11B7984F8F030489B2BB16E
:10EEF0001B79003B18BF012384F8F130499B2BB1EB
:10EF00001B79003B18BF012384F8F2304A9B2BB1D8
:10EF10001B79003B18BF012384F8F3304B9B2BB1C6
:10EF20001B79003B18BF012384F8F4304C9931B1B0
:10EF300031F8042B04F1F500043A06F0BBFB4D9BBD
:10EF40002BB11B79003B18BF012384F801314E9B84
:10EF500013B11B7984F80231529949B1D9F80030C4
:10EF60004FF47A7293FBF2F24B685343C4F80431C6
:10EF7000539949B1D9F800304FF47A7293FBF2F209
:10EF80004B685343C4F80831549B13B11B7984F880
:10EF90000D31559B13B11B7984F80E31569B43B14B
:10EFA00053F8040F596804AA03C2DDE90423C4E935
:10EFB0004423579B13B11B7984F81831589B13B124
:10EFC0001B7984F81931599B13B11B7984F81A31D4
:10EFD0002046FEF7EDFE10B9204600F0C7FC2046A3
:10EFE000FFF7D2FC00F04AFD637D022B7FF418ADE1
:10EFF0004846FBF7AEFC13E5B346A0E5BA46B4E5D8
:10F000000B88043B012B7FF6B4AD2046FFF743FA93
:10F01000804600283FF4ADADFEB9002F3FF471AD3E
:10F0200000233B703846EEF7CDF86AE51B7984F88B
:10F030003830A2E5002B7FF413AE94F88A3043F009
:10F0400004030BE66FF00A05EAE40125E8E4002E6C
:10F050003FF455AD47466FF010080023337030463B
:10F06000EEF7B0F8D9E79A4232E500BF2DE9F04754
:10F070000C46804623212046FDF7E9FF064618B9D5
:10F080006FF00E00BDE8F0874546002798F8003085
:10F09000BB4205D831462046FDF79FFF0020F1E72F
:10F0A00039462046FDF7D3FF81460028E8D06A782C
:10F0B00001212046FFF76AFB0028E1D1AA7802214E
:10F0C0002046FFF763FB0028DAD1EA7803212046C7
:10F0D000FFF75CFB0028D3D104212046FDF7B7FFE2
:10F0E00082460028CCD02A7901212046FFF74EFB2A
:10F0F0000028C5D16A7902212046FFF747FB002886
:10F10000BED151462046FDF768FFAA790521204669
:10F11000FFF73CFB0028B3D115F8072F0621204646
:10F12000FFF734FB0028ABD149462046FDF755FFD9
:10F130000137ABE72DE9F047044610464A1E8AB076
:10F14000102A00F20884DFE812F0B0031100B003C7
:10F15000B00348000604060406044F00B00306048A
:10F16000060406040604A8030604E2032046FEF78C
:10F1700044FE0546C8B9204600F044FC0546A0B947
:10F18000204600F082FC204600F042FC054660B9B3
:10F19000236953B12046FFF703F9204600F0D8FD5C
:10F1A000054620463DB100F040FC29462046FBF7CD
:10F1B00085FF00250DE000F0D2FC50B9D4E91623FC
:10F1C0002046FCF7E5F905460028EED12046FFF77A
:10F1D00005F928460AB0BDE8F08781681A4620463E
:10F1E000FFF706FC0546F4E7D4F80C804FF4806284
:10F1F00009214046D8F81490FBF7E4FD05460028A5
:10F2000000F0AE83226A1721FFF7CBFA70BB022110
:10F210002846FDF71CFF074640B394F8382001212B
:10F220002846FFF7B3FA08BB94F839200221284694
:10F23000FFF7ACFAD0B994F83A2003212846FFF73B
:10F24000A5FA98B994F83B2004212846FFF79EFAC6
:10F2500060B9B4F840304FF6FF7293420CD194F885
:10F260003C2007212846FFF791FA80B12846F5F7A0
:10F2700001FF6FF00E05ACE7ADF80830022202ABDB
:10F2800005212846FDF7B8FE0028E8D0EEE7D4E9CE
:10F290001623CDE902230822009002AB114628462E
:10F2A000FDF7E4FE0028E1D1226ED9F81430B2FB5C
:10F2B000F3F209212846FFF774FA0028D6D14FF45B
:10F2C0007A73D9F8002092FBF3F20A21636EB3FB44
:10F2D000F2F22846FFF765FA0028C7D1A26E0B218B
:10F2E0002846FFF75EFA0028C0D1A26F0D212846FC
:10F2F000FFF757FA0028B9D1E26F0E212846FFF731
:10F3000050FA0028B2D1D4F880200F212846FFF708
:10F3100048FA0028AAD194F8842010212846FFF743
:10F3200035FA0028A2D194F8862031212846FFF72B
:10F330002DFA00289AD194F8872032212846FFF729
:10F3400025FA002892D194F8882011212846FFF749
:10F350001DFA00288AD194F88A2012212846FFF746
:10F3600015FA002882D194F88B2013212846FFF744
:10F370000DFA00287FF47AAF94F8EB201421284688
:10F38000FFF704FA00287FF471AF94F88C20152160
:10F390002846FFF7FBF900287FF468AFB4F88E30F9
:10F3A000ADF80830022202AB16212846FDF724FEF4
:10F3B00000287FF45BAF94F8902017212846FFF7D0
:10F3C000E5F900287FF452AF94F8912018212846DF
:10F3D000FFF7DCF900287FF449AF94F89420192155
:10F3E0002846FFF7D3F900287FF440AF94F898201F
:10F3F0001A212846FFF7CAF900287FF437AF94F89E
:10F400009C201B212846FFF7C1F900287FF42EAF6E
:10F4100094F89D201D212846FFF7B8F900287FF4B5
:10F4200025AF94F89E201E212846FFF7AFF900284B
:10F430007FF41CAF94F89F201F212846FFF7A6F900
:10F4400000287FF413AF94F8A02020212846FFF76E
:10F450009DF900287FF40AAF94F8A2201C212846C9
:10F46000FFF794F900287FF401AF94F8A32021213D
:10F470002846FFF78BF900287FF4F8AE94F8A12016
:10F4800022212846FFF782F900287FF4EFAED4F856
:10F49000C8002946FFF7EAFD00287FF4E7AE04F133
:10F4A000A503022226212846FDF7A6FD00287FF4A9
:10F4B000DDAE04F1A703062227212846FDF79CFDB7
:10F4C00000287FF4D3AED4F8B42025212846FFF7D6
:10F4D00068F900287FF4CAAE94F8A42024212846B5
:10F4E000FFF754F900287FF4C1AE94F8C0202A2118
:10F4F0002846FFF74BF900287FF4B8AE94F8C120F6
:10F500002B212846FFF742F900287FF4AFAE94F88C
:10F51000C43094F9C320002B14BF022300231A43E4
:10F5200094F8C530002B14BF042300231A4394F829
:10F53000C630002B14BF082300231A43D2B22C215B
:10F540002846FFF723F900287FF490AE94F8C720EF
:10F550002D212846FFF71AF900287FF487AE94F88A
:10F56000E8203A212846FFF711F900287FF47EAE03
:10F5700094F8E9203B212846FFF708F900287FF49A
:10F5800075AE94F8EA203C212846FFF7FFF80028E2
:10F590007FF46CAE94F80C2149212846FFF7F6F869
:10F5A00000287FF463AE94F8CC202E212846FFF784
:10F5B000EDF800287FF45AAE94F8CE202F2128468B
:10F5C000FFF7EFF800287FF451AE94F8CD204A21E0
:10F5D0002846FFF7DBF800287FF448AE94F8CF20E8
:10F5E00030212846FFF7D2F800287FF43FAE94F888
:10F5F000D02033212846FFF7C9F800287FF436AE23
:10F60000D4F8D42034212846FFF7CBF800287FF423
:10F610002DAED4F8D82035212846FFF7C2F80028AF
:10F620007FF424AED4F8DC30029302AE33460422D9
:10F6300036212846FDF7E0FC00287FF417AED4F809
:10F64000E03002930422334637212846FDF7D4FCEC
:10F6500000287FF40BAEB4F8E430ADF80830022295
:10F66000334638212846FDF7C7FC00287FF4FEAD5D
:10F67000B4F8E630ADF80830022233463921284686
:10F68000FDF7BAFC00287FF4F1AD94F8EC203D21A1
:10F690002846FFF77BF800287FF4E8AD94F8ED20CA
:10F6A0003E212846FFF772F800287FF4DFAD94F87A
:10F6B000EE203F212846FFF769F800287FF4D6ADF9
:10F6C00094F8EF2040212846FFF760F800287FF4E7
:10F6D000CDAD94F8F02041212846FFF757F80028D7
:10F6E0007FF4C4AD94F8F12042212846FFF74EF88C
:10F6F00000287FF4BBAD94F8F22043212846FFF7A1
:10F7000045F800287FF4B2AD94F8F3204421284650
:10F71000FFF73CF800287FF4A9AD94F8F420003AF4
:10F7200018BF012245212846FFF730F8024600287D
:10F730007FF49CAD94F8F430012B00F09280002B04
:10F7400008BF0C2204F1F50346212846FDF754FCBE
:10F7500000287FF48BAD94F8012147212846FFF75C
:10F7600015F800287FF482AD94F80221482128463C
:10F77000FFF70CF800287FF479ADD9F80020D4F811
:10F7800004314FF47A7A4C2192FBFAF22846B3FB0B
:10F79000F2F2FFF706F800287FF468ADD9F80030E0
:10F7A000D4F8082193FBFAF34D212846B2FBF3F27B
:10F7B000FEF7F7FF00287FF459AD94F80D214E2194
:10F7C0002846FEF7E3FF00287FF450AD94F80E21A1
:10F7D0004F212846FEF7DAFF00287FF447ADD4E931
:10F7E00044235021CDE902230090334608222846C5
:10F7F000FDF73CFC00287FF439AD94F81821512125
:10F800002846FEF7C3FF00287FF430AD94F8192195
:10F8100052212846FEF7BAFF00287FF427AD94F85E
:10F820001A2153212846FEF7B1FF00287FF41EADB0
:10F83000627D022A03D194F83830012B1AD1D4F812
:10F84000703100221C3B04F5B87403F11C01A14285
:10F8500009D13346520006212846FDF7CDFB78B189
:10F8600004E50A226EE7198826F81210DB690132D6
:10F870001C3BEAE7B4F848104FF6FF73994209D1F0
:10F8800039462846FDF7A9FBD8F814002946FDF7AC
:10F8900090FDA7E404F14803DDE794F8A230426B41
:10F8A000002B0CBF0326112612B96FF00A0590E455
:10F8B0000023009307212C4B02A8FDF71DFD0546F0
:10F8C00000287FF486AC099B002BEED05968D1B19B
:10F8D000089AC2B1059BB3B10798A0B100799B8883
:10F8E00092880090204603F0DCF8054600287FF45B
:10F8F00070AC94F8AC11B1422CBF0021012120461C
:10F90000FEF777FB65E40846EDF75CFCCDE7E668BB
:10F91000102211213046FBF755FA0546C0B1226A84
:10F920001721FEF73EFF68B9B4F89C31ADF80830F6
:10F93000022202AB11212846FDF75EFB10B9706967
:10F940002946A4E72846F5F795FB6FF00E0049E439
:10F950006FF0100046E40246204600F03BF841E418
:10F960006FF0100535E400BF5CFB040090F839101F
:10F97000034B044A042918BF13460363704700BFB2
:10F98000B00005002C00050038B5084B1B68054683
:10F990009847044640B9064B28461B6898470446DA
:10F9A00010B92846FFF7E2FF204638BD2C000500BD
:10F9B000B000050010B5054B5B6804469847044B42
:10F9C00020465B68BDE81040184700BF2C000500CA
:10F9D000B0000500072917B409D8052909D9084C32
:10F9E000A4680194A44603B05DF8044B60470C2959
:10F9F000F5D06FF00A0003B05DF8044B704700BF0C
:10FA00002C000500036BDB6803B1184718467047EC
:10FA1000036B1B691847036B5B6903B11847704799
:10FA2000036B9B6903B118477047036BDB69184789
:10FA300010B4046B246AA4465DF8044B6047036B62
:10FA40005B6A1847036B9B6A1847036BDB6A03B159
:10FA500018471846704730B40C6B656B25B1246BA2
:10FA600014B1A44630BC6047002030BC704710B4CD
:10FA70000C6B646BA4465DF8044B6047026B926BA1
:10FA800002B11047A0F89C217047036BDB6B03B1F8
:10FA900018477047030E0B70030C4B70030A8B70F2
:10FAA000C870704790F8A430022B10D019B1042B05
:10FAB00001D10B7913B1D0F89001704790F838302C
:10FAC00013B9D0F8540170478B6858687047002903
:10FAD000EFD1F0E770B50646084611461546FDF72A
:10FAE00007FF0446E0B92868FDF776FF044690B9A1
:10FAF000286896F8A430C26EC6F8D02183B1D6E942
:10FB0000181393FBF1F3D6F8981101FB0321FDF7CD
:10FB100093FE28B104462868FDF77AFE00232B6087
:10FB2000204670BD11F1A20F16D011F1A10F0BDA12
:10FB3000A33108D1012310E0012303FA01F140F6BB
:10FB400041031942F6D1704711F19F0FF2DB1131D9
:10FB500089B20B29F0D9704702230376F3E7D0F876
:10FB6000903143B9D0F89431002B14BF6FF00500E9
:10FB70006FF0A000704790F8A430022B01D0042B46
:10FB800028D190F838305BB9D0F8542112BBD0F8A6
:10FB90005831002B14BF6FF005006FF0A1007047C3
:10FBA000012B17D1D0F8703100221C3B00F5B87042
:10FBB00003F11C01814205D1002A14BF00206FF01F
:10FBC00005007047996811B9596801B10132DB69C4
:10FBD0001C3BEDE70020704770B5C36898B01C224D
:10FBE0000D46044600210DEB02005E6905F070FD34
:10FBF0000EAB069301AB08931123099394F8A4303C
:10FC00008DF81C30EB680C932B7D8DF83C3005F1A2
:10FC100008022B690E9306A92046FDF7C3FD0028B4
:10FC200048D1AB68002B45D1236E326828694FF468
:10FC30007A714B4392FBF1F293FBF2F35BBAADF8AE
:10FC4000083094F8A1308DF80A3094F89C308DF883
:10FC50000B30D4F8983094F83A208DF80C3094F8A2
:10FC60009E308DF804208DF80D3094F8A42094F87F
:10FC7000A0308DF805208DF80E3094F83B2094F8D4
:10FC80009D308DF806208DF80F30D4F894208DF833
:10FC9000072003230DF111018DF81030FFF7FAFE54
:10FCA0002A1D06A92046FFF715FF10F1A10F08BF76
:10FCB0006FF0A10018B070BD10B50446406818B1CF
:10FCC000FDF7A6FD00236360A06818B1FBF7C2F939
:10FCD0000023A36010BD38B5D0F890510446FDB1A3
:10FCE0002846FDF795FD0023C4F89031D4F854510F
:10FCF000FDB12846FDF78CFD0023C4F8543194F87B
:10FD00003830012B0BD194F8783143B1D4F87051CD
:10FD100004F5B8741C3D05F11C03A34212D138BD93
:10FD2000D0F894010028E1D0FBF794F9C4F894517D
:10FD3000DCE7D4F858010028E1D0FBF78BF9C4F8D0
:10FD40005851DCE72846FFF7B7FFED691C3DE2E7B5
:10FD5000F0B5C3689DB004461C2200210BA85E6963
:10FD600005F0B6FC12AB0A9305AB0C9311230D936F
:10FD700094F83A2094F8A4008DF82C0004F1A5031F
:10FD80000E9304F1A7030F93002A68D0062A66D0C9
:10FD9000236E31684FF47A756B4391FBF5F193FB59
:10FDA000F1F35BBAADF8183094F8A1308DF81A3041
:10FDB00094F89C308DF81B30D4F898308DF81C30B6
:10FDC00094F89E308DF81D3094F8A0308DF81E30D8
:10FDD00094F89D308DF81F3003238DF814208DF892
:10FDE000203094F83B20D4F890318DF81620D4F8C8
:10FDF00094208DF815008DF8172093B394F83830BF
:10FE0000002B59D0012B5DD194F87831002B59D0BB
:10FE100003ABD4F87061CDE903331C3E002504F533
:10FE2000B87706F11C039F4240F08280D4F870310D
:10FE300053F81C691C3E03F11C00874240F0BB8054
:10FE400003A9204600F078FED4F870319F4240F0BC
:10FE5000C2802046FFF73FFF33201DB0F0BD0023D6
:10FE60009FE7D4F89431002BC8D1D4F8B030E669BC
:10FE7000109304F5CA7294F8AD3012960AA9204680
:10FE80008DF84C30FDF78EFC054688B90DF1210147
:10FE90003046FFF7FFFDD4F89431002BAED104F5C6
:10FEA000C8720AA92046FFF715FE05460028A5D00E
:10FEB0002846FBF7DAF8D0E794F8A430022B05D0F7
:10FEC000042B03D00025C4F89851F1E7D4F854313D
:10FED000002BF7D1D4F85831002BF3D1D4F8BC3033
:10FEE00010930A9BD4F8B4201A6094F8B8201A71C1
:10FEF0000AA904F5AC722046FDF754FC054600281B
:10FF0000D6D1D4F85831002BDCD1D4F8B4000DF19F
:10FF10002101FFF7BFFD04F5AA720AA92046FFF7E9
:10FF2000D9FD05460028CDD02046FFF7D4FEBFE717
:10FF300094F8A430022B01D0042B25D1727D22B974
:10FF400005233376F6691C3E6BE7042B1CD1D4F8ED
:10FF5000942112B1F268002AF3D17368002BF1D119
:10FF6000B368002BEED1F36810930A9B32691A60D4
:10FF7000327D1A710AA906F108022046FDF712FC2B
:10FF8000054628B10223DCE7F26842B30323D8E731
:10FF9000B3680BB10623D4E730690DF12101FFF7F7
:10FFA00079FD321D0AA92046FFF794FD0546002879
:10FFB000E8D10723C5E71B7E013B042B06D801903F
:10FFC000FDF7BAF9019803A9FDF7A9F9F2693346DB
:10FFD000A2F11C062FE7002D7FF46AAF72E7022B17
:10FFE000BBD0AFE72DE9F041C36892B004460F469D
:10FFF000154600211C220BA85E6905F069FB07F17C
:020000023000CC
:1000000010030A9394F83A2094F8A40031688DF80C
:100010002C0005AB0C9311230D93236E002A54D0B2
:10002000062A52D04FF47A76734391FBF6F193FB94
:10003000F1F35BBAADF8183094F8A1308DF81A30AE
:1000400094F89C308DF81B30D4F898308DF81C3023
:1000500094F89E308DF81D3094F8A0308DF81E3045
:1000600094F89D308DF81F30032304F1A5018DF81D
:1000700014208DF8203094F83B20D4F894310E9160
:100080008DF8162004F1A701D4F894200F918DF873
:1000900015008DF81720C3B3BB4236D10023C4F836
:1000A0009431A5B9E0690DF12101FFF7F3FC04F5E6
:1000B000C8720AA92046FFF70DFD054638B9C4F8F5
:1000C0009801002012B0BDE8F0810023B1E794F858
:1000D0003830012B0CD1D4F8700104F5B8721C38FB
:1000E00000F11C039A420AD11146204600F024FD7B
:1000F0002046FFF7F0FD2846FAF7B7FFE2E729466A
:10010000FFF710FDC0691C38EAE794F83830EBB906
:10011000D4F8582142B3BA4226D1C4F858312DB18F
:1001200015F1A10F08BF6FF0A105E4E7D4F8B40002
:100130000DF12101FFF7AEFC04F5AA720AA92046D1
:10014000FFF7C8FC05460028BBD0D4E7012B0BD134
:1001500094F8783143B1D4F8706104F5B8781C3E56
:1001600006F11C03984502D16FF00F05C3E73B6908
:10017000306998421BD0F6691C3EF1E7072325E061
:100180001D7EDB69062D08BF01311C3B25E0137E77
:10019000013B042B06D80190FDF7CEF8019803A986
:1001A000FDF7BDF8EB692A46A3F11C0521E0002309
:1001B000B36055B90DF12101FFF76CFC321D0AA99E
:1001C0002046FFF787FC0028D8D002233376D4F8E6
:1001D0007001A0F11C021346002103F11C05A84583
:1001E000CED100297FF46DAF03AB0568CDE90333B1
:1001F0001C3D02F11C008045C9D1204603A900F036
:100200009BFCD4F8700180450CBF3320002059E7D7
:100210002DE9F04190F8A43004464BB390F8C0307B
:1002200033B3026990F8C110956A6B1C01258D40AB
:10023000D0F89811581AA84201D2994218D96D42A3
:10024000D4F890011D40D2E90B37C16E97FBF3F74C
:100250006F433944FDF7F0FA94F8383053B9D4F8C5
:10026000540118B1C16E3944FDF7E6FAC4F898514B
:10027000BDE8F081012BF9D194F87831002BF5D04D
:10028000D4F8706104F5B8781C3E06F11C034345B0
:10029000ECD0706818B1C16E3944FDF7CDFAF6693B
:1002A0001C3EF2E72DE9F3410446DDE9086790467C
:1002B000C1B10D7801932046FFF7F4FB294694F86D
:1002C000A450019B35B1257D033D022D0CD8D4F8F7
:1002D000D04121444246CDE9086702B0BDE8F04173
:1002E000FDF79CBB0D46E5E7D4F810C0D4F82CE12F
:1002F000A46EDCE90B52DCF828C092FBF5F504FB98
:100300000EF40CFB05452944C46EE2E738B5047DC4
:10031000B1F90050033C022C024603D8D0F8D001BA
:10032000284438BDFFF7BEFB1169C06ED1E90B430D
:1003300093FBF4F38C6AD2F82C11926E02FB0152FB
:1003400004FB03231844ECE790F8CF30012B04D0D2
:10035000022B14BF2020802070474020704708B532
:10036000FFF7A0FBBDE808401146FDF76BBC2DE987
:10037000F34104469846BDF8203001931646FFF736
:1003800091FB94F8A450B1F90010019B35B1257D83
:10039000033D022D0AD8D4F8D041214408914246A9
:1003A000314602B0BDE8F041FDF76DBB2769D7E9E2
:1003B0000B52D7F828C0D4F82C71A46E92FBF5F537
:1003C00004FB07110CFB0511C46EE6E7F7B5064602
:1003D00014461A46BDF8203001930D46FFF762FB24
:1003E00096F8A410099F019B09B9B5F90070089708
:1003F000214603B0BDE8F040FDF799BB37B590F852
:10040000A45014461A46069B019345B1FFF74AFBD8
:10041000019B214603B0BDE83040FDF7F2BB284602
:1004200003B030BD37B590F8A45014461A46069B69
:10043000019345B1FFF736FB019B214603B0BDE8B0
:100440003040FDF7BCBB284603B030BD0023C0F8E8
:100450004C314FF48073A0F850310123C0F834318F
:10046000704730B5C3688BB05D6990F89F308DF8E8
:1004700026300446FFF768FF236EADF8240004F52C
:10048000907101AA2846F9F79DFD94F839302E386D
:10049000012B81B2204605D102F060FBA4F89C013B
:1004A0000BB030BD02F0ADFBF8E700F5B872C0E963
:1004B0005C2204F048BC10B590F83A104C1EE4B22F
:1004C000012C024613D990F88A3083F00403C3F359
:1004D0008003042914BF581C981C92F88430012C06
:1004E00098BF013013B1032908BF013010BD0123AB
:1004F0000229EFE710B490F83810A1B190F8EB1092
:1005000089B1D0F8703100F5B8721C3B082403F1B2
:100510001C00904202D15DF8044B704799761C761E
:10052000DB691C3BF3E75DF8044BFDF7A8BFC3682C
:1005300010B5044623B100221A70C068ECF742FEE1
:100540002046BDE81040ECF73DBEF8B5D0F870513C
:1005500055F81C6904461C3E00F5B87705F11C00EF
:10056000B84204D12046BDE8F84004F0EEBBFCF7E9
:10057000E3FE2846FFF7DBFFF3693546A3F11C06CF
:10058000ECE7D0F8703100211C3B00F5B87203F1A4
:100590001C00904201D108467047187E072801D000
:1005A000092800D10131DB691C3BF0E72DE9F04758
:1005B000044604F06DFB054600283FD194F838A0AE
:1005C000BAF1010F02D194F87831E3B394F83B30DB
:1005D0001BB994F87831012B37D894F89C60012E20
:1005E00004D094F83A30013B012B30D894F88B308A
:1005F000012B2ED194F88A8018F0040F07D094F8BC
:100600003A30013B012B02D994F8A4301BBB2046A1
:10061000FFF751FFA76E8146BAF1000F11D02046B7
:10062000FFF7AFFF08F0010303FB000303EB090032
:10063000874212DB16F0FD0F08BF25252846BDE8CE
:10064000F0870120EEE73325F8E73525F6E7252585
:10065000F4E7FB25F2E72425F0E72125EEE738B59E
:100660000446FFF728FF05462046FFF78AFF0346AA
:1006700094F88A0000F0010000FB0333581938BDDC
:1006800038B50446084694F87831082B24D0D4F8BD
:10069000703104F5B8711C3B03F11C02914214D176
:1006A000637D022B05D094F8A430022B01D0042BDB
:1006B00001D1002303761C30FCF74CFE94F878310E
:1006C000013384F87831002038BD05881A889542B6
:1006D00004D0DB691C3BDFE70120F5E70820F3E7E6
:1006E000F8B590F8783105460E46002B3ED0D0F88C
:1006F000704154F81C3900F5B8721C3B04F11C071A
:10070000974201D1072013E030882188884228D100
:100710006B7D022B16D1237E082B0BD10A23237667
:1007200006F11C00FCF708FE3046ECF74BFD0020FC
:10073000C0B2F8BD0A2BF3D00923237695F8EB302D
:10074000A376EDE72046FFF7B7FA3846FCF7F4FD4D
:100750002046FFF7ECFE95F87831013B85F87831BB
:10076000DEE7D9691C46A1F11C03C7E70720E0E7D3
:100770002DE9F04F8BB0072905460F46039307D8A4
:10078000052939D86FF00A0B58460BB0BDE8F08F39
:100790000C29F7D1D0F80C804FF480624046FAF76C
:1007A00011FB0446002800F0FE802B6A0693042209
:1007B00006AB1721FCF720FC002840F0EE80032157
:1007C0002046FCF744FC0746002800F0E680D5F8F8
:1007D000706105F5B8791C3E06F11C034B4540F0ED
:1007E000B98039462046FCF7F8FBD8F814002146BA
:1007F000FCF7DFFD8346C7E7D668C3680293002E87
:10080000C0D00DF1100A36F8048BCDE904AA0024FB
:10081000A8F10408A146B8F1030F6FDD3388032B5C
:100820006CD943456ADC039B1B6800933246654BD9
:10083000032106A8FCF760FD834618B9079B83B91E
:100840006FF00A0B049850F81C491C3C00F11C0383
:100850009A4599D0FFF76BFEE3692046A3F11C048B
:10086000F4E7089B13B9099B002BE9D1242101204F
:10087000ECF784FC0446002869D0079B9B88038022
:10088000089BCBB1072F02D1ECF79CFCD8E7099964
:100890005B6803610122427579B131F8043B043B86
:1008A00000F11402DBB20C30FDF7DBFB834620B114
:1008B0002046ECF787FCC5E7437507232383049B99
:1008C0001C3B03F11C0292450ED1514604F11C0061
:1008D000FCF72BFD3388033323F0030309F10109EF
:1008E000A8EB03081E4496E721881A88914203D199
:1008F0002046FFF71CFEA3E7DB69E1E7B9F1000F33
:100900003FF440AF6B7D022B50D1062F06D195F8F6
:100910003B30002B4CD16FF0120B93E7B9F1010F74
:100920008ED121462846FFF7DBFE8346002889D179
:100930006B7D022B86D0029B5B699A6C002A81D06A
:100940000146D200D5F88C0104F0C2FE7AE76FF0C0
:10095000100B77E701212046FCF779FB0546E0B153
:100960003388ADF81830022206AB01212046FCF78F
:1009700043FB90B9737D33B929462046FCF72DFB24
:10098000F6691C3E28E733690693042206AB022170
:100990002046FCF731FB0028EED02046F4F76AFB36
:1009A0006FF00E0BF0E66FF0100BEDE6062FB5D1F1
:1009B000B9F1010F7FF444AF21462846FFF760FEEE
:1009C000B3E700BF6C00050090F8A420022A11D004
:1009D000131F5A425A41D0F87031002AA3F11C0368
:1009E0000CBF0721002100F5B87003F11C02824200
:1009F00002D170470122EEE71A7E093A012A88BF28
:100A00001976DB691C3BF0E710B50446FFF7DCFF05
:100A10002046BDE8104003F098BF00000B682DE9A8
:100A2000F74F0F4653F81C1906461C3900221C3399
:100A30009F42D5B202F101023CD11C226A434032EE
:100A400014213046FAF7CAFA044680B3336A019398
:100A5000042201AB1721FCF7CFFA002865D196F8E4
:100A60007831C3F108031D44012201AB1321204654
:100A70008DF80450FCF7C0FA002856D11421204606
:100A8000FCF7E5FA814600284FD03D6855F81C393F
:100A9000A3F11C0805F11C039F4210D149462046D2
:100AA000FCF79BFAF36821465869F9F783FD03B018
:100AB000BDE8F08FC8690B46A0F11C01B7E72B7E9B
:100AC000013BDBB2042B98BF1A4A4FF001012046CC
:100AD00094BF12F803B04FF0000BFCF7B8FA82464F
:100AE00018B32B88ADF80430022201AB0121204657
:100AF000FCF782FAC8B92B690193042201AB0221E9
:100B00002046FCF779FA80B901AB01220321204687
:100B10008DF804B0FCF770FA38B951462046FCF75E
:100B20005CFA4546D8F81C30B2E72046F4F7A2FA42
:100B3000BDE700BF240005000B6899422DE9F04194
:100B400007460C4609D0FFF769FF256855F81C6970
:100B50001C3E05F11C08444501D1BDE8F081284642
:100B6000FFF7AAF84046FCF7E7FB2846FFF7DFFC53
:100B700097F87831013B87F87831F3693546A3F16E
:100B80001C06E6E72DE9F347C368CDF804D0D3F897
:100B9000148090F83830CDF800D0012B05461BD1D9
:100BA000D0F8704154F81C7900231C3F00F5B87947
:100BB0004FF00A0A04F11C064E4510D143B1D8F893
:100BC00048202AB1D5F88C01D200002104F080FD24
:100BD00069462846FFF7B0FF02B0BDE8F087227EE5
:100BE0000A2A34D8DFE802F00633333333333324B0
:100BF000383C460095F8A430022B03D0042B01D0DA
:100C0000072312E021462846FEF7E6FF48B10223FB
:100C100023763046FCF790FB69463046FCF77FFBB5
:100C200004E0A368002BEBD00623237601230EE01B
:100C30002A6992F83E202AB9E96F41B1D5F8882196
:100C4000914204D895F8EB20A27608222276FA6920
:100C50003C46A2F11C07ADE7A27E013AA276F6E778
:100C600094F91A2084F818A0002AF0DC2046FFF737
:100C700023F8CEE7A27E013A52B2A276F4E72DE93C
:100C8000F843D0F890600D461F46F168D6F8C4319D
:100C900001F1B808ABB11C7901EB84013046D1F801
:100CA000C890214601F0C6FF3A4649464046FCF747
:100CB000B9FC5FB92A4621463046BDE8F843FDF746
:100CC00052BB91F8B840013CE4B2E5E725B12846B3
:100CD000BDE8F843F4F7CEB9BDE8F883F0B5D0E944
:100CE0005F3290F83850C168681E4542C2EBC202BC
:100CF000B1F9B840B1F9BA604541134401F1C800F7
:100D0000A64200DCF0BD50F824100F798A79AF427A
:100D100008D1022A94BF93F9072093F90620CA70DC
:100D20000134EDE7022A02D993F90320F7E75F784F
:100D3000042F02D093F90420F1E7022A14BF1A46C7
:100D40005A1C92F90420EAE7F8B506460846D6F898
:100D5000C811C5684988D6F8A0415B1B641AA7B2C0
:100D60009DB292B9123DACB28FB1BC4228BF3C4695
:100D700023460A4606F5D27102F01EFAD6F8C821BB
:100D800053881C4454800120F8BD143DEBE73846DD
:100D9000FAE72DE9F347D0F8904094F83A30D4F8C8
:100DA0000C80D4F8C461D8F8145094F838A0013BF2
:100DB000012B88BF94F88A70236E88BF87F00407E0
:100DC00008F1680204F5907128468CBFC7F38007CC
:100DD0000127F9F7F7F8814686B1337908EB8303E9
:100DE000D3F8C86094F89C30032B0BD1B379022B55
:100DF00008D80025284602B0BDE8F087B8F9B83019
:100E0000013BEBE7284600221FFA89F101F0FDFAC9
:100E100005460028EDD002463146204603F0CCFAC4
:100E200018B12846F4F726F9E3E7B379062B0DD875
:100E3000DFE803F004232305282E3400A7BB2A464D
:100E40003146204602F086FB0028EAD10127D4F87B
:100E5000C8311B7853BB002FE3D00021284601F096
:100E600054FBB8F8C420009203462A463146204677
:100E7000FFF77DFA0028BDD0D3E794F83A30013B64
:100E8000012B11D92A463146204602F031FEDDE71A
:100E90002A463146204603F075F9D7E72A463146FF
:100EA000204602F0DFFAD1E70027D0E7BAF1000FC1
:100EB00002D1B379012BCED11FFA89F387F0010259
:100EC00029462046FFF740FF0028C4D0C5E70000B0
:100ED0002DE9F04FC4688FB00E46079304F1480324
:100EE0000593B1F90030039390F8383096F80680F6
:100EF000D4F814B096F804A0591E4B424B41069307
:100F000090F89C30049310230546174600211A469A
:100F10000AA804F0DDFBB8F1020F4FF0100365D80A
:100F200004F1780204F16809009201934A463146BF
:100F30002846FFF7B7F9002840F0AA8095F89F30BF
:100F400084F88A302846FFF7FFF9A4F88800069B4A
:100F5000039A9A4596F903A004F148034BD12AB1AC
:100F6000DBF800204C4992FBF1F21744B8F1020F74
:100F70003FD896F90220039304EB82020AA9D2F823
:100F80007051226C0A92E26B8DF836A0CDE90B27E6
:100F9000584608AAF9F709F8B279049BDDE9080177
:100FA00005EBC205032BC5E912010CBF6025202506
:100FB000B8F1020F0CBF002208221543039B45F035
:100FC000050518462022002196F9036004F080FBF5
:100FD000012384F84830E76484F8585084F8596055
:100FE000C4F8609005980FB0BDE8F08F4FF000098D
:100FF000ADE70125E5E7B2FA82FB95F8CE204FEA8E
:101000005B1B120748BF4BF0200BB8F1020F3DD815
:1010100004980328D5E95F1231D07079002814BFF5
:101020006FF05F062026C2EBC202B8F1020F0A443D
:101030000CBF002008200643527846F00506F6B2A1
:10104000FAB94BF4007BAA6B02F0FF12B2F5803FB5
:101050004BF0020B02D011498A4201D14BF0200B18
:1010600018462022002104F033FB079BE764236528
:1010700084F8586084F859A0A4F85CB0B0E7602602
:10108000D1E746F010064BF4307BDCE70126E7E7BA
:1010900000230593A6E700BF20A10700010003007D
:1010A000D0F8900038B5C468B4F9B83094F8BA20D4
:1010B000934219DA04EB83030269D3F8C810D26AA9
:1010C000B1F90030D4F8BC5002FB035253B9D4F844
:1010D000C030FFF7FDFE20B1B4F8B8300133A4F8FA
:1010E000B83038BD0023F4E70020FAE7F0B5056911
:1010F000866ED5E90B7494FBF7F3D0F89041E46E5B
:10110000091BB1FBF3F403FB1413012185F83F1015
:1011100093FBF6F6002107FB132380F85111AC6214
:10112000C0F84C41C0F82C61AB63F0BD2DE9F04F25
:10113000D0F8C4B18DB0DDE9164507460E4691469C
:101140009846BBF1000F13D09BF804206CB1FB68EC
:1011500003EB82034046D3F81CA1FCF729FA50B9EF
:10116000327824212046FCF734FA0DB0BDE8F08F28
:10117000B1F90020EAE7B8F83000830702D43278EA
:101180002321EFE7D8E90223BBF1000F61D097F8E4
:101190003A1007295DD1318801F001010A3104EBD1
:1011A000C101C1E9002341062DD5AB6ADA062AD573
:1011B000D5F800E0BEF1000F25D00AF10803029334
:1011C00004F10C030393231D049304F114034FF063
:1011D000000C059341F6221BE64540DCBAF1000FF6
:1011E00001D08AF828E0237F6BB9A37C5BB1A37E92
:1011F0004BB1B4F91610B4F90E0004F10E0200F070
:10120000B7FF01232377B8F830309B060CD5BB6BB2
:1012100003F0FF13B3F5803F02D03C4A934203D161
:1012200041462046FCF75BFAB9F1000F9DD0102231
:10123000002108A806AD04F04BFA009508AB4A4619
:101240003146384603F02EFA002854D03278262151
:1012500088E7B17904EBC101C1E91223A3E7BAF130
:10126000000F06D0D5E90101029B03EBCC0383E814
:101270000300EA7A92B3012ADDE9042318BF13467A
:101280004FF001029A71F2785A71B5F906202048A0
:10129000C2EBC232824292FBFBF122DC1D48824249
:1012A00022DB09B2B5F9082019481980C2EBC23215
:1012B000824292FBFBF119DC1648824219DB09B22B
:1012C000A87A598064227F2112FB00120CF1010CD4
:1012D000FF200835B2FBF0F21A717DE7039B2277FD
:1012E000CEE747F6FF71DDE70B49DBE747F6FF7115
:1012F000E6E70949E4E7009508AB4A463146384637
:1013000003F00EFA00287FF430AF9FE701000300DE
:10131000FFFF900CDFE66EF30080FFFF2DE9F04F3A
:1013200098468DB0C468DDF8589005460E461746BD
:101330000021102208A804F0CBF9B8F83030DB0700
:1013400005D4327822214846FCF743F955E0D8F815
:101350000020236AD7F808A0D31A039305AB0093A3
:101360003A4608AB3146284603F071F9002855D0BB
:10137000D4F8A8500599D5F88C31D5F810B0C9F833
:1013800020302B7D033B022B3AD8C5F8D011B4F89E
:10139000C6200599BB68ADF81820CDE90021A3EB64
:1013A0000A033A4631462846FFF710F882460028DD
:1013B00034D106AB019304AB00933A4608AB3146F7
:1013C000284602F095F948B395F8CC30F3B9049962
:1013D000DBF82C3003984A1E5A43636A1B1A9A4260
:1013E00026D33278FF214846FCF7F3F8AB6EDBF8E2
:1013F0002C20039902FB031363620DB0BDE8F08F4C
:10140000D8F800202846FFF771FEC0E7049A51463D
:1014100004F1B80001F02EFE0028D8D0D4F8A8308E
:10142000039A1B69DB6A13446362327826218AE7D8
:101430009BF84430002BD9D1D8F80030A4F8BA106A
:10144000C4F8BC302846FFF749FCCFE72DE9F0414E
:1014500088B01646DDF83880102205460C460DEBA4
:101460000200002104F034F9B8F1000F1AD002AFE5
:10147000009704AB32462146284603F013F928B101
:10148000262122784046FCF7A4F808E0009704AB38
:1014900032462146284602F05FFC0028F0D008B012
:1014A000BDE8F081FF21ECE7F0B5164689B01022C7
:1014B00005460C460DEB0200002102AF04F008F9CE
:1014C000009704AB32462146284603F0EBF830B1D2
:1014D00022780E982621FCF77CF809B0F0BD009721
:1014E00004AB32462146284602F0ECFE0028F4D137
:1014F000EEE72DE9F047164696B0C2681E9DD2F879
:10150000148089461C465BB31F6A0DF1040A5422FD
:101510000021504604F0DCF834B1627F96F8323096
:101520000AB1012B00D1637799F88F3043B13CB1F8
:10153000F26A2AB1AB6AC5E9072A43F00803AB6235
:10154000328EAB6A52060DD543F01003AB622A46C9
:1015500039464046F8F72FFD48B10023AB6203E05F
:101560001F46D2E7002BF2D116B0BDE8F087AB6A78
:101570001B07F9D5EA6903460E219A4208DCA56BE0
:101580006B1CA36300F03AFF2C4484F83C00EBE7AB
:1015900001FB03F62F6ABE5BB04238BF3046013311
:1015A000EBE72DE9F04FD0F8904099B0174604933F
:1015B000E368029394F83A30029A013BDBB2012BC4
:1015C0000393029B88BF94F88AA0B3F9B83003F163
:1015D000FF3B02EB83030593D3F8C45095F9023027
:1015E00002EB830388BF8AF0040AD3F870612A787B
:1015F00081468846304604998CBFCAF3800A4FF072
:10160000010AFBF7FFFF002800F096800DF1340976
:101610002C220021484604F05BF83346CDF80090B8
:101620003A4604F138012046FFF763FFAB79062BF9
:1016300017D8DFE803F0043F3F524A5A6200BAF17C
:10164000000F32D13B464246009629462046FFF71E
:1016500065FECDE900693B46524629462046FFF724
:1016600065FD029BD3F8A840424659462046FCF748
:101670007AFE059BD3F818314BB1049B3288CDE933
:1016800000730FFA8BF1336A204601F0F8FAB37851
:1016900043B194F83830E268002B56D1B2F8B83034
:1016A000A2F8BA3019B0BDE8F08FCDE900693B4629
:1016B0004246D2E7039B012BCDE900693B46F7D9AF
:1016C000002229462046FFF731FD00963B46424660
:1016D00029462046FFF7BAFEC3E700963B4642463E
:1016E00029462046FFF71AFEBBE700963B464246D6
:1016F00029462046FFF7D8FEB3E71022002109A8AB
:101700000DF1180903F0E4FFCDF8009009AB424653
:101710002946204602F0C6FF28B12A782621304605
:10172000FBF757FF9DE74B4609AA4146204601F0CB
:10173000B7FE002895D1F0E7BBF1000F91D1049BD3
:10174000012B18BFC9F80CB08BE7AB79022BA9D8D5
:1017500092F8AD31013BDBB282F8AD31002B9DD068
:10176000A0E770B5D0F8C421C6689579D378EC00AD
:10177000E4B2A34228BF23465C1C4C7490F83A4064
:10178000022C01D0042C0BD10233DBB24B7490F845
:101790008A20520603D596F8AD2113444B7470BDD0
:1017A000537813FB05F30133F8E72DE9F043C568DF
:1017B00089B004460E4605F1B8089146002A4AD081
:1017C000016991F83E30002B00F0818091F83C30A7
:1017D000022B78D12046FCF7A4FD4F462046FFF7A8
:1017E000D1F9002F37D0D4F8C411002E79D0022EB1
:1017F00040F09980002385F8AC31D4E9032302F549
:10180000DE70019092F8CD01029002F5B87003905D
:1018100002F58E70049093F8443002F1C8000590F0
:1018200001A80690002B40F08C8092F8AC318DF826
:101830001C3092F8BA30B2F9BA008DF81D308DF82C
:101840001E3021B118B103A92046FFF78AFF03A972
:10185000204603F0FCF8D4F8C8311A78EAB1002E1B
:1018600071D15A88D4F8A0319A420CBF01230423C5
:1018700084F8B03194F8B021B4F8AE1101232046B9
:10188000FCF766FB204601F0EFF80123A4F8B23123
:10189000D4F8C83100221A705A80002E0CBF31468D
:1018A00002212046FCF742FC4046FBF74DFE404635
:1018B00001F0FAFB4046FBF76BFE4046FBF7FDFEEE
:1018C00009B0BDE8F08390F8EB30002B82D03246AF
:1018D00005F11800FBF7CBFE074600287FF47AAF2E
:1018E0007CE759B994F83830012B07D195F8CC3101
:1018F00094F878219A4208BFC4F8346195F8AC0195
:10190000002305F5B875984205DD55F8042B92784B
:101910003AB9C4F8342100293FF46FAF0123CB71E9
:101920006BE70133EFE795F8AC31002B3FF465AF7F
:10193000D5F870319A78002A7FF45FAFFF229A7051
:101940005BE7002373E7022392E72DE9F041C568C6
:10195000066904460F4605F11801FBF77AFE0021DF
:10196000B4F84830A5F8CC11A5F8C6303B68A5F806
:10197000C400FA68B363B36A1344B36205F1B808EC
:1019800094F8843084F850314046FBF78EFE18B945
:101990006FF01000BDE8F081012685F8AC61D5F844
:1019A0007031B4F848201A8094F83A30E068013B6E
:1019B000B34288BF94F88A6000F1B80088BF86F00F
:1019C00004064FF001024FF0000188BFC6F3800605
:1019D000FBF795FD0028DBD000218E4214BF0323C6
:1019E0000B468170837194F8CC3001800122027122
:1019F000816063B97A687B69C5F8C0304FF4803183
:101A00002046C5E92E12FFF769F90020C2E74046DB
:101A100001F030FB0028EDD0BAE700002DE9F74FC8
:101A2000C668CE4BF361D0F828315A1CCB6893FBC3
:101A3000F2F2D0F834311344C0F8343190F8B331B5
:101A400004460F461BB1D0F8C83101221A7094F831
:101A50003830012B40F08C8106F1180120462569B1
:101A6000FBF7F7FDA6F8C40094F87831A96A94F85A
:101A700084003A69012B0ABFD4F870314FF6FF7326
:101A800033F81C3CA6F8C6303B68AB63FB680B44DC
:101A9000A16FAB62C4F828110131194406F1B809ED
:101AA000C4F82C21C4F8601110B1204601F052FB9B
:101AB0000023C4F83001A6F8CC31D4F8703104F515
:101AC000B87A1C3B03F11C02924510D12046FEF768
:101AD00058FD002186F8AD014846FBF7E6FD0028D9
:101AE00040F0E6806FF0100003B0BDE8F08F1A7E82
:101AF00002F0FD02082A2BD196F8CC0193F91A20A6
:101B00001D8800F1010E002A5FFA8EFE00F18002AE
:101B100009DC96F8CD1101F1010C88425FFA8CFCCA
:101B200008D186F8CDC106EB420286F8CCE1A2F8D6
:101B3000BC500DE006EB410106EB4202B1F8BC01DE
:101B400086F8CCE1A2F8BC0086F8CDC1A1F8BC5162
:101B5000DB691C3BB6E729464846FBF7A6FD10B9F2
:101B600086F8AC51BEE7013596F8AD319D42F2DB07
:101B700086F8AC31D4F80CB094F83A800BF1B80385
:101B800008F1FF3801935FFA88F8DBF8143000930E
:101B90002046FEF764FDB8F1010F88BF94F88A5023
:101BA000019B88BF85F0040502464FF000011846EE
:101BB0008CBFC5F380050125FBF7A1FC002891D05F
:101BC0000021DBF8C8308D424FF0010214BF032022
:101BD000084619801A719970987199609BF8AC3118
:101BE000002B00F0B9800BF5B8730193002D61D084
:101BF000DBF8CC3002251A801A71997099719960BE
:101C0000D4F870011C380BF1C80184464FF0000E67
:101C10000CF11C039A454FD194F83AC0BCF1020F65
:101C200002D0BCF1040F0CD151F8253001221A71F9
:101C30004FF0020E00221D809A7083F806E09A6031
:101C40000135B8F1010F0CD851F8253001221A7175
:101C50004FF0040E00221D809A7083F806E09A600F
:101C6000013594F88A30DB0771D494F884306BB175
:101C7000BCF1030F0AD151F8253001221A71062157
:101C800000221D809A7099719A60013594F8CC30C9
:101C9000002B65D17A687B69A6F8BA5000272046E8
:101CA000C6E92F23A6F8B870FFF718F838461BE7E7
:101CB000012559E71546A3E79CF81830072B01D0FA
:101CC000092B2AD1019B53F82EB0BCF80030ABF899
:101CD0000030009B9B6C1A46D4F88C3102FB0E330B
:101CE000CBF8203051F825306A1C1D804FF00005DC
:101CF0001D71B8F1010F4FF001050EF1010B83F8D2
:101D000002E09D71C3F808C000D85D71DCF81C309A
:101D1000DE46A3F11C0C15467AE7F3462A46F5E7A2
:101D2000037E072B01D0092B0AD151F825301D80E5
:101D30009A7083F804E083F80680986001320135D8
:101D4000C0691C3800F11C039A45E9D18DE70022D7
:101D500096464FF00508F5E7154697E79C00050005
:101D60002A460021484601F085F9002892D0B9E6BC
:101D70003946204603B0BDE8F04FFFF7E6BD00BF8F
:101D800070B404690D68CE68A563A56A0A69354414
:101D9000A562C0F82C21002270BCC0F8302100F0F0
:101DA0003DB90021FCF76BBB90F83A20034682B99D
:101DB00090F8A40078B993F89C20012A0DD1D3E9BA
:101DC000412191420BD893F83B30012B18BF3A20A8
:101DD00070473920704724207047252070471D2008
:101DE000704770B51C4606691A460546F9F794F81F
:101DF00023686360F36AA3600023236196F83D3093
:101E000073B1D5F808315BB107F0C2F8D5F80831E5
:101E10000133B0FBF3F202FB130360680344636019
:101E2000012070BD10B50446006918B1EBF7CAF97E
:101E300000232361D4F86C01EBF7C4F90023C4F844
:101E40006C3110BD70B54421C66805460120EBF722
:101E500095F90446C0B195F8882001462846F9F75F
:101E600035F8012384F83C3084F83F30D5F804314C
:101E7000236373695A694FF496635343E362D5F859
:101E80006C310020186070BDF520FCE710B504210E
:101E900004460120EBF772F90028C4F86C010CBF6E
:101EA0006FF01000002010BD10B504460069EBF77C
:101EB00089F90023236110BD2DE9F043D0F890503B
:101EC000EE6891B0D6F81490D6F8C88010220021A0
:101ED000074602A803F0FCFB00227F21484600F0E1
:101EE00094FA044690B3D5F86C211368591C11601C
:101EF000069395F80E318DF82030D5E94423CDE9CD
:101F00000A2395F80D318DF830309BB1D5E95F2368
:101F1000B96A0291C3EBC303796A03911344D6F8FB
:101F2000BC10DB7904910EAA02A948468DF8163040
:101F3000F8F73BF8B6F8C410224606A803F026FAD4
:101F4000014638B12046F3F795F80024204611B039
:101F5000BDE8F083204600F0D8FAB6F8C42000921D
:101F60000346224641462846FEF701FA0028EDD0F6
:101F7000E8E72DE9F347D0F89060F468B4F9B810B9
:101F80004B1CA4F8B83021B10027384602B0BDE898
:101F9000F087102304F1780204F16808D4F8C8A08F
:101FA000D4F8BC900092019342463046FEF77AF98D
:101FB00005460028E8D196F89F3084F88A303046EC
:101FC000FEF7C2F904F14807A4F888002022294648
:101FD00038469AF9036003F07BFB012384F848300C
:101FE0002523C4F84C9084F8583084F85960C4F81C
:101FF0006080CAE7084609B1F3F73CB8704710B5EE
:10200000C468022904F1B80402D00121FCF77AF86F
:102010002046BDE81040FBF797BA00002DE9F041DB
:10202000C5681B4BEB6100240F466C7605F1180167
:102030000646FBF70EFB4FF6FF73A5F8C630D6E950
:102040005F23D6F80C80A5F8C400C3EBC303134488
:102050002146012208F1B80093F90760FBF74FFA17
:1020600098B1D8F8C8300722DA80DE701C809C60F6
:1020700001227B68C5F8BC30C5F8B840C5F8C0403F
:10208000A5F8BA202046BDE8F0816FF01000FAE70D
:10209000F0000500D0E9013200691844824234BFE3
:1020A00010460020704739B10B881068033323F0C5
:1020B0000303C01A1060194408467047B0F9003095
:1020C000934230B502DBB0F9020030BD013900EBBC
:1020D000810330F92140944222DCB3F90200F4E795
:1020E000631803EBD3735B1030F92350954219DC6E
:1020F0005C1C8C42F4D1A500043D30F9241000EBA7
:10210000840344195B886488405B1C1B521A24B208
:10211000091A624309B292FBF1F2981800B2D4E7AF
:102120000024E6E71946E4E7B0F5804F08B509DB7F
:10213000C0F5004212B218210C48FFF7BFFF404221
:1021400000B208BD002806DB0246BDE8084007488B
:102150001821FFF7B3BF10F5804F82B202DB524265
:1021600012B2F2E7A2F50042E4E700BF80010500E9
:10217000F8B50646400000B20F461546FFF7D4FFFB
:102180000446780000B2FFF7CFFFC0F5804304F5A6
:10219000804403EBD37304EBD4725C10C4EB620491
:1021A00024B2002C08DA002EB4BF4FF440434FF4A1
:1021B00080432B800020F8BD3846FFF7B5FF074667
:1021C00008B92880F6E7224623211548FFF776FF55
:1021D00007EBD77283037840010442F34F0254BFE8
:1021E0009B189B1A93FBF7F000B2B0F5804F0246A4
:1021F000A8BF4FF48042002808DB0A481F21FFF7E0
:102200005DFF002EB8BF40422880D3E75242054808
:1022100012B21F21FFF752FF00F5804000B2F0E735
:10222000E001050004010500024682B052F8483F73
:102230000193019B93420CBF012302230376024BBF
:10224000C361183002B070476C020500012B10B555
:102250000A46044650F8040C20D1E36B0133E363D3
:1022600090F9FD108B4206DC04F130001146BDE808
:102270001040F2F71DBF0023E363A4F118013834C6
:10228000F8F73AFABFF35B8F54E8003F013B44E8AC
:102290000032002AF8D1BFF35B8F10BD022BE3D0D0
:1022A0000023E363A4F1180101233834F8F724FA7A
:1022B000BFF35B8F54E8003F013B44E80032002A43
:1022C000E9D0F7E73030F2F7FFBE92F826300A4641
:1022D000A0F1180150F8040CF8F722BA10B5044622
:1022E0004830F2F703FFBFF35B8F00232365BFF392
:1022F0005B8F10BD10B504464830F2F7F7FEBFF310
:102300005B8F002323652046BFF35B8FBDE8104041
:10231000EAF758BF10B504464830F2F7CFFEBFF3D6
:102320005B8F04F1500353E8002F013243E8002192
:102330000029F8D1BFF35B8FBFF35B8F236DBFF331
:102340005B8F012B04DC606900222146F8F7D1F98C
:10235000012010BD10B5582104460120EAF70EFFF8
:1023600048B10346044A446143F8482BC0E912339C
:1023700000230365436510BD800205000148F8F79E
:1023800025B900BFC84300207FB50C4600258068F2
:10239000039503A9F8F7DFFAA8B1039B21681E682B
:1023A0002046F8F75DFA043E4FF0FF3229462046FA
:1023B000F8F761FA00952B462A4631462046F8F791
:1023C00081FA04B070BD6FF00F00FAE7EAF7FABEC9
:1023D00010B504460C20EAF7B7FE10B10123846063
:1023E000036010BD0148F8F7BDBA00BFFC430020F0
:1023F0000148F8F7B7BA00BFD44300204030C00905
:10240000FF2828BFFF20C0B27047036C10B51C68BE
:1024100002310819F2F72BFE28B183682344836048
:10242000C369023BC36110BD002380F82030C3683C
:10243000838470477F2A70B5054629D88368C068B1
:102440001C18E869961C001B864221D895F82000CC
:1024500048B91C78587804F00704052C0CBF802478
:10246000022420435870012385F82030CB0103F467
:10247000FF433146284643EA0204F2F702FE24B243
:102480000470C4F307244470EB68AB84023070BD61
:102490000020FCE770B5B2F5006F90F820300546DB
:1024A0000C4616462FD2D0E902215018E969022BBA
:1024B000A1EB000134BF042002203044884222DC1A
:1024C0004BB9537843F00203537000227E21284613
:1024D000FFF7B0FF01E0012BF7D9022385F8203088
:1024E000E30203F4F04333436FEA43436FEA534399
:1024F000B11C28461CB2F2F7C4FDC4F307230470D4
:102500004370023070BD0020FCE710B5044609B9E5
:10251000A08C10BD90F82030012B0BD100227F2120
:10252000FFF788FFB0FA80F040090028F0D06FF084
:102530000E00EEE7ECD900220F21FFF7ABFFF1E729
:10254000C368012B70B505460C460BD8CA68002A33
:1025500056D113B16FF0040070BD0120C1E9013301
:102560000880F9E7836802211E88F2F79AFDE36884
:1025700031B2C3B100294FF003026270B5BFC6F398
:10258000C3223212C6F30A06F6B2A660B4BF626076
:102590006260A268911C8B42DCD3023B9B1AE36011
:1025A00000231846D8E72078CA43D20F80F00100F4
:1025B0008242CFD1002915DBF111012006F07F0600
:1025C0007E2960706160A66005D12070E968A2680C
:1025D0009142E6D2BEE77F2901D00023F6E72070C2
:1025E0000123F3E7C6F3C3210222C6F30A060F292B
:1025F00062706160A660F3D00129EED1E660E5E784
:102600006FF00A00A8E702292DE9F843D0F89050AE
:1026100004460E4607D02846F8F73EFFA36803623B
:10262000AB690133AB6194F8BE21AB6882F0010263
:102630009B6B314628469847022E03D0A4F1180020
:10264000F8F794FF0023022EC4F890300CD194F8D0
:10265000BE316BB32846F8F768FA0023A4F8BC3102
:1026600084F8BE31BDE8F8832746012E57F8886FFD
:10267000D4F8088018BFE368D6F8009018BF9844D3
:10268000BE42E4D0B5420FD0336993F83D305BB120
:10269000737D022B08D1B368DB6B2BB1414630460A
:1026A0009847B3691844B0614E46D9F80090E7E7FF
:1026B0002B69002BD1D094F8BD3113B12846F8F71F
:1026C00071FA94F8BC31002BC7D02B6993F83E30D7
:1026D000002BC2D101212846F8F75AFABDE710B401
:1026E0000B46C0F8A81089684C6B18461146234663
:1026F0005DF8044B18472DE9F74FDDF830B0DDF8F1
:1027000038A00F469046814620B90024204603B0E9
:10271000BDE8F08F002FF8D0002AF6D0002BF4D0BF
:10272000BBF1000FF1D01846019303F012FE0446EE
:10273000461C584603F00DFE451C04F11D002844BC
:1027400000F00F02C2F11002504410440092EAF768
:10275000FBFC04460028D8D000F11C0301991E445C
:10276000BAF1000F29D0009A154435441846009359
:1027700003F0E7FD5946304603F0E3FD00211C223B
:10278000204602F0A5FF009BA561C4E902360D9B1F
:102790002146C4E9043A4846F0F741FC48B94246AC
:1027A00039462046F0F74FFD0028AFD02046F0F71D
:1027B00052FC2046EAF706FDA7E75546D6E710B5D6
:1027C000044630B1F0F747FC2046BDE81040EAF778
:1027D000F9BC10BD13B5044670B1816800680022D1
:1027E000F0F75AFD30B90090D4E90332A1682068AF
:1027F000F0F75AFD02B010BD6FF00A00FAE708B515
:102800000B4638B131B1D0E905211846F2F7A4FBE7
:10281000002008BD6FF00A00FBE718B111B10846AF
:10282000F2F798BB70471FB580B109B199420DD03E
:10283000CDE90203CDE90021D0E9033281680068C7
:10284000F0F741FD00B205B05DF804FB6FF00A003F
:10285000F9E72DE9F041054688B00F4690461E463F
:10286000C3B101A9FFF7CBFF044678B90E9801A9BF
:10287000B047044630B943463A4601A92846FFF717
:10288000D2FF044601A92846FFF7C7FF204608B03B
:10289000BDE8F0816FF00A04F8E770B590F83A30BF
:1028A00090F83950022B06460C4641D05A1E012A98
:1028B00001D9012D19D096F88B209ABB03F0FD00A9
:1028C000012802D0073B5842584196F8C43096F888
:1028D000C5201A4496F8C63013FB02F302EB400001
:1028E000053303EB400398B217E0002596F88B30D0
:1028F000B3B13046FDF745FE012D23D1002396F8F4
:102900003A20042A04BF00200346033505EB4305A3
:1029100000EB4003E818400080B2211A88B270BD75
:102920000820E9E7012DE1D0002001230546E6E774
:10293000012DDAD00020024600EB400313445B0077
:102940000933D0E70122F7E700F5DA73C0E96D3308
:1029500000F5D273C0E9693370472DE9F041D0F832
:10296000B45106468846174600F5DA739D421CD1DD
:1029700020210120EAF702FC044640B3B8F80030F9
:10298000038100F11008C0E904882946FAF7CDFC5C
:1029900096F8BC31013386F8BC3138684146FAF705
:1029A000C4FC237E013323760CE02989B8F800208B
:1029B00091420AD1386805F11001FAF7B6FC2B7E76
:1029C00001332B760020BDE8F0812D68CEE76FF053
:1029D0001000F8E770B504460D4601201021164698
:1029E000EAF7CCFB60B10681C56004F5D271FAF755
:1029F0009CFC94F8AC31013384F8AC31002070BDFC
:102A00006FF01000FBE7F8B504682668054600275C
:102A1000AC4200D1F8BD2046FAF78EFCE3681BB14A
:102A20001F70E068EAF7CEFB2046EAF7CBFB34469E
:102A30003668EDE7F8B5D0F8B4412668054600F5EC
:102A4000DA77BC4203D1002385F8BC31F8BD2046BB
:102A5000FAF772FC04F11000FFF7D5FF2046EAF701
:102A6000B1FB34463668ECE738B590F8A230002B5D
:102A700090F8AC3104460CBF0325112583B100F555
:102A8000D270FFF7C0FF94F8AC31AB4203D1012103
:102A90002046FBF7AEFA0023C4F8A03184F8AC312D
:102AA00038BD2DE9F843984690F8A23090F8B2511D
:102AB0009DF82090002B04460F4616460CBF0323BA
:102AC000112355B92B4606224146FBF741FA3846F9
:102AD000EAF778FB2846BDE8F883427D022A09D050
:102AE000002304224146FBF733FA00253846EAF773
:102AF00069FB22E090F8AC219A4202D10023032224
:102B0000F0E790F8B3310BB1FFF7AEFF324639462C
:102B10002046FFF75FFF05460028E7D1D4F8A02143
:102B2000B4F89C3116449E42C4F8A06109D903460A
:102B3000042241462046FBF70BFA2046FFF794FF9C
:102B4000C8E719F0010F18BFA4F8AE8119F0020F01
:102B5000C0D04FF48073A4F8B231BBE72DE9F04147
:102B600090F88B3090F83A7006460D467BB9A1F18B
:102B70001B04022FA4B201D0042F05D129463046F0
:102B8000FFF78BFE204484B22046BDE8F081013F70
:102B9000FFB2012F83BF90F88A8088F00408C8F341
:102BA00080084FF00108FDF75AFDEB1FA3EB8000F2
:102BB00096F89C30032B84B215D0B8F1000F01D0E9
:102BC0002C44A4B296F83A30022B01D0042B0AD13F
:102BD000012F01D82C44A4B229463046FFF75DFEF0
:102BE000204484B201E0012FF6D996F88430002BFE
:102BF000CAD096F83A30032B02BF063D6419A4B23E
:102C0000C2E7FFF74ABE70B5054600240C26EB6903
:102C1000686AA34203DCBDE87040EAF7D3BA06FB5A
:102C2000040301349868EAF7CDFAF0E70146012081
:102C3000EAF7A4BA30B5C46804EB8101D1F81C31BD
:102C4000E3B17AB15968128841F001055D60D5079A
:102C500044BF41F003015960950703D55A6842F01B
:102C600004025A605A68D20706D590F8CE20D106E1
:102C700044BFB4F8C4205A8501221A7030BD2DE932
:102C8000F04F2DED028B08EE103A8FB0D0F8C43122
:102C90001A9D9DF86CA0C7680646904603B1197945
:102CA00007EB81012C22D1F81C4103A8002102F07E
:102CB0000FFD002396F8CE6084F82930002D00F037
:102CC0009180BAF1000F03D1636843F001036360A0
:102CD0002B8E190542BF626842F002026260DA047C
:102CE00003D5626842F0040262606268D20779D557
:102CF0009B060DD530070BD5A9696A69CB174FEA3A
:102D0000836C8806D3174CEA911119F0ABFAA085B1
:102D1000F10648BFA4F82A8006F0400816F0200605
:102D20003CD1B8F1000F5DD095F82CB0BBF1000F8D
:102D300061D00C2505FB0BF0D7F81490CDF828B026
:102D4000FFF774FF0C9020B34FF0000A2B460C9D48
:102D5000B9F82E00B9F830C003FB0AF2154401920D
:102D6000A880A5F802C099F82CC085F806C00CFB15
:102D700000F0FFF75BFF019AA8600C9802440C2357
:102D80009268002A33D10DEB0300CDF828A0FFF79D
:102D90003AFF3EB30B98EAF715FA23E095F82C308A
:102DA000C3B90D9B43F008030D93B8F1000FBBD1DD
:102DB00018EE101A786903AAF7F7FDF800B316B1F8
:102DC0000B98EAF7FFF9B8F1000F0BD003A8FFF753
:102DD0001AFF07E00E2058430A93FFF727FF0B90D6
:102DE0000028DED10FB0BDEC028BBDE8F08F0AF1F8
:102DF000010AD345ABD10D9B43F020030D93D7E7D8
:102E00000A9B84F829300B9B63620C9B2362207021
:102E1000E8E72DE9F04F824690F8CC008BB0002611
:102E2000CDE9086693461F46002800F0208109215D
:102E30001846FAF70CF9019038B309AB02939BF8E6
:102E400011309E4213DA9AF83930062B18BF3246F9
:102E5000DBF8083008BF0022202053F82280DBF87E
:102E6000043053F82650FFF7E1FE044680B907AB63
:102E7000042201213846CDE90766FAF7BDF800289B
:102E800000F0E6800998FAF7FCFE6FF00C00EEE027
:102E900098F80330C37798F806304377002D48D070
:102EA0002A7882776B68C382DB0742D59AF8CE30E6
:102EB000D80641BF698DA18201212177002A38D12E
:102EC000190741BFB5F92C2022610122E27698064C
:102ED00006D595F8290088BB4FF0000E84F818E05D
:102EE0009AF8CE30990705D595F8280000286BD1BF
:102EF000002161769AF8CE305B061AD504F10C02F7
:102F00004FF0000895F82930984510DA0C2303FBA0
:102F100008F12B6A0492102003EB0109039100933E
:102F2000FFF784FEDDE90312009B00287AD184F8C4
:102F30001A80029B02941C60013680E700EB40007F
:102F4000C000FFF773FE80460028C5D0002395F827
:102F500029E0009304F1040C0246009B734502DB58
:102F6000CCF80080BAE700990E2303FB01F96B6AE5
:102F700005934B44D888197B0390588911750490A8
:102F8000B3F902009080059811F0070130F809901C
:102F90000398A2F8069018BF0121C90320EA010195
:102FA0008911118199885181049990818909D18170
:102FB0001B891382049B5382009BCCF800200133B1
:102FC000944600931832C8E700EB40008000FFF7FA
:102FD0002DFE00288CD095F8281004F1080C03462B
:102FE0002A4605EBC108424502D1CCF8000080E733
:102FF000B2F90890A3F80490B2F90A90A3F80690E9
:10300000B2F90C90A3F8089092F80E9083F80A9009
:1030100092F80F9083F80B900832CCF800309C4661
:103020000C33E0E75B5C0371B9F80230C380B9F898
:103030000430038199F806308372D9F80830C360F0
:103040000023C9F8083008F101081060024659E76A
:1030500009AB042202213846F9F7CEFF04460028C6
:103060007FF410AF01993846F9F7B7FF20460BB04F
:10307000BDE8F08F70B501F1190500EB85050C4630
:103080008E18A64201DC002070BD55F8043B0BB140
:103090000134F6E73020FFF7C9FD45F8040C00289D
:1030A000F6D16FF01000EFE72DE9F04100F1640474
:1030B00000F1B8064FF00C08002754F8043B03B3A6
:1030C000586A08B1EAF77EF854F8043C1B6A83B1E9
:1030D000002505E008FB050301359868EAF772F85A
:1030E00054F8043C186A93F82930AB42F2DCEAF752
:1030F00069F854F8040CEAF765F8B44244F8047C23
:10310000DBD1BDE8F081D0F84821BAB9C369C0F875
:103110003821C0F83C21C0F840211A0E80F8442123
:103120001A0C80F845211A0A80F8462180F84731A8
:1031300000F59C7100F5A47005F057BF00207047A2
:1031400010B50446D0F8480105F048FF0023C4F844
:10315000483110BD70B588B011B9002008B070BDFD
:103160000369856ED0F8480109BAD3E90B640023DE
:10317000CDE900330293039104AB1022694605F0B8
:1031800039FF0028E9D1BDF81E0040BA83B294FB94
:10319000F6F090FBF5F058430014DFE708B502465F
:1031A00008460221FFF776F9FF23037018234370C6
:1031B0005A238370033008BD2DE9F84317469A1D42
:1031C000884692B202211E46FFF764F9FF2303707E
:1031D000182343705A2383700823C37026FA03F31D
:1031E00006714371D8F80090841DC14501D1BDE836
:1031F000F8839EB1B9F80850BD4212D9ED1BADB2AB
:10320000B542D9F80C1028BF3546394420462A4625
:1032100002F050FA761BB6B22C440027D9F8009081
:10322000E3E77A1B97B2F9E70529F8B50646154694
:1032300001D80020F8BD03781B09FAD1B0F801705D
:1032400006398F42F5D110210120E9F797FF044696
:1032500028600028EDD039460120E9F78FFFE060B3
:103260002868C4681CB9E9F7ADFF2C60E1E73A466D
:10327000F11C204602F01EFA2B6801201F81D9E7BD
:10328000F0B54FF47A73046894FBF3F40B2381F8E0
:103290003A30002381F83C304669C1F880304FF461
:1032A000166070430866C82060430426486681F8AB
:1032B0008C6019204FF0090C0A26C1E925C68866E2
:1032C0002E4E2F48C1F88400C1F89C603220D1F8FE
:1032D000C86081F888004FF6FF7501200327A1F828
:1032E0004050A1F8485081F8CF00A1F8900081F833
:1032F000A43081F88B703070B070737081F8C300A7
:1033000081F8890081F8D0001E48C1F8D43044F615
:10331000206C033AC1E936C002264FF40040B242A5
:1033200081F88A60C1F8E00000F1402094BF0022DB
:103330000122C1F8E400144881F8EB204FF001129B
:10334000C1E93B024FF4FA625443C1E941430D879E
:10335000002400254FF48072C1E9444581F8013111
:1033600081F8023181F83B7081F80D3181F80E311E
:10337000A1F8182181F81A31F0BD00BF0301020144
:10338000000118050080FFFF00000101030A08701A
:103390004B70030C000E8B70C870704783784278B6
:1033A00000781B0443EA0223184370470068704703
:1033B00030B59DF80C402AB1012581F8255030F830
:1033C000025B8D852BB1012581F8265030F8025B18
:1033D000CD8594B1012481F827407AB110F8012BF2
:1033E0000BB110F8013B652A28BF0022652B28BFCE
:1033F000002381F8292081F82A3030BD002BF0D13C
:103400001A46F3E7C3688B4210B5044603D3F1F7BD
:1034100048FEA06810BD0020FCE773B504460026F6
:103420000846114601AA1D460196FFF7FDFEB0B100
:10343000019BA3B1204601AA2946FFF78EFA044654
:1034400050B1019BDB6823B11E70019BD868E9F77E
:10345000B9FE0198E9F7B6FE204602B070BD6FF0E4
:103460000404F9E738B504460D4610460221062249
:10347000FFF710F8FF230370182343705A2383705B
:10348000AB7994F8842003F00F0343EA0213C3706E
:10349000D4F830310371C3F30723437138BD000002
:1034A0002DE9F84F0E462DED028B054611463046AC
:1034B00008EE103A1446FFF743F8002781464FF60E
:1034C000FF7BBA46B9F1000F0CD02EDB6FB30120A1
:1034D00085F85101C5F830B185F850A1BDEC028BDB
:1034E000BDE8F88FA168D6F808803046FFF78AFF5C
:1034F0006268022A24D1A168022921D94046FFF737
:103500004DFF134B98421BD198F8032002F00F0097
:1035100006280CD0082819D10A4618EE103A08F1EE
:1035200003012846FFF779FF50B10020D6E70629AE
:10353000FBD1B8F804B0C2F3001A002FF5D101276F
:1035400021463046FEF7FCFF8146BBE74846C5E70B
:10355000FF185A002DE9F04190F88B800F46054680
:103560001146B8F1000F54D0B8F1010F40F0BD8002
:10357000C468B4F9BA6094F8CC31013E1E44B0007E
:10358000073080B2FFF70AFEBB7903700022467055
:103590008270D5F82831C370061D04F1CC05B4F94A
:1035A000BA30013B93420BDC04F5DE75002294F83F
:1035B000CC31934206EB820122DC0020BDE8F08191
:1035C00055F8047B97F804C0B7F900100132BCF13C
:1035D000000F12D0B4F8C400BB7949005B0601F4B7
:1035E000FF7103F0F0530B4343EA0C03314643EA07
:1035F0004020FFF7CBFE0436D1E7BB681888EBE725
:1036000035F8020B400240F00050FFF7BFFE0132D8
:10361000CDE7D0F8C441667823789E4228BF1E4685
:103620007600002E14BF0B200920304418BF4FF045
:103630000108FFF7B3FDBB790370D5F8C43195F8E5
:103640008420DB7843EA023395F88A20920002F462
:10365000807213432A6992F83E2043EA423343EAD8
:103660008833437000221B0A8370C270D5F828315A
:103670000371C3F307234371CEB18671360AC67155
:103680006178237899420CD80830012361789942F7
:10369000024600F102001ED8238913701B0A5370E2
:1036A00005E0A3780A302178D5B28D4203D30020FB
:1036B0006070A07082E763B1013BDBB2591C01323C
:1036C00034F8311000F8021C090A00F8011C02301D
:1036D000E9E74B1EF1E7013334F8332000F8022C00
:1036E000120A00F8012CDBB2D0E76FF0110065E799
:1036F0002DE9F04F2DED048B8BB006460891104656
:10370000194608EE902A0193FEF71AFF4FF0000ABF
:10371000002805D0B8BF4FF0000A0AF0010A26E0E1
:1037200018EE903A9C68019B18EE900A9968FFF792
:1037300069FE019B5A680092022A6AD1996802299F
:1037400067D92046FFF72AFEBA4B984261D1E37849
:10375000009A03F00F03082B0FD10A46199BE11CB6
:103760003046FFF75AFE002853D04FF0000A50466B
:103770000BB0BDEC048BBDE8F08F96F88B70012F79
:103780004DD10629F1D9089880799842EDD1BAF146
:10379000000FEAD1D6F80CB00BF1B80308EE103ADE
:1037A00096F83A3003933369BBF9B8500093002F71
:1037B00069D0012FDBD123790293072202EB830228
:1037C0009142D2D30BEB8502A179D2F8C420B2F991
:1037D0000020C6F8281133B307340493039B013B40
:1037E000DBB20693049B9B0009EE103A049B04EBAA
:1037F0008303079300230393079B9C421AD130460F
:10380000FAF7CEFD009B83F844A0189B4FF0010A05
:103810001D60019918EE900AFEF792FE78E7002FDE
:10382000B1D10829AEE7009B93F848300493009B80
:10383000DC6CD3E72046FFF7B9FD8100074604F1B1
:103840000404C0F34F2306D5BBF8C410994208BF47
:103850004FF0010AD0E7C0F34709914585DDB26E0C
:10386000914582DA10F00102C0F34368059200F03E
:10387000E380BBF8C4209A423FF477AFB8F1060F5B
:1038800040F2E1801BE1201D0292FFF787FD804698
:10389000C0F3003086F85001B4F80700029AC6F869
:1038A000280118F4404FC8F3403AC8F3813318D1C7
:1038B00004F1090C0920384481427FF456AF012BF2
:1038C00018D17F085FFA88F302930021CCB2BC4282
:1038D0000CEB4100A14610D317D1029B9F4214D399
:1038E00043E7B4F80970002F04F10B0C14BF0B2050
:1038F0000920E0E7002BE5D037E7B0F800E0BBF89F
:10390000C400864501F10101E0D1039B072B46D19C
:10391000029BDB073FF529AF18EE100A2946F9F79D
:10392000EEFD024600283FF420AF039B072B49D051
:10393000B94536D004801388013313804FF001035A
:103940009371013596F83A30042B7FF458AF18EE96
:10395000100A01222946F9F7D2FD00283FF405AFED
:10396000029BBDF8084003F1010B0223837118F498
:10397000807F4FF00103A0F800B0037105F1010151
:1039800055D018EE100A0122F9F7B9FD00283FF4CE
:10399000ECAE023405230480837102352FE7012247
:1039A000BAE7039005F0F4FA5FFA88F1A1EB090198
:1039B000000A039AB0FBF1F301FB13008144A2F863
:1039C0000090B8E7B94505F1040418D00BEB840466
:1039D0004FEA4909D4F8B830A3F800900BEB850101
:1039E0000235D1F8C820D1F8CC101388581C023306
:1039F00010800B804FF0010393718B71A2E705F0EB
:103A0000C7FA5FFA88F3A3EB090303EBD373000A49
:103A10005B100BEB8404B0FBF3F103FB1100D4F853
:103A2000B82081444FEA4909A2F80090D6E70D4634
:103A3000E5E600BFFF185A00B8F1060F3FD8BBF803
:103A4000C4209A423BD1012303FA08F2B8F1060FD1
:103A500092B203D1059B0BB9520092B2039B9342E1
:103A60003FF683AE134009937FF47FAE039B062D90
:103A700043EA020303933FF778AE18EE100A0122DF
:103A80002946F9F73CFD00283FF46FAE099B83708F
:103A9000059BA0F8009007F00107077180F80680E9
:103AA00063B1069B012B06D996F88A3003F0040314
:103AB00058EA030302D14FF0010343710135029B21
:103AC0009BB1009B19EE101AD86CE9F7ADFB009A78
:103AD000D06400283FF449AE1346049A83F8482086
:103AE00019EE102AA11A01F0E5FD4A4684E600BF4E
:103AF0002DE9F04FD0F80CB02DED028B0D4611469C
:103B0000DBF814202C7908EE102A95F902200BEB33
:103B100082020346D2F8707190F8842090F83A003F
:103B200089B00228059284F001046AD0421E012A5D
:103B300001D9002C68D093F88B20002A76D100F0B0
:103B4000FD04012C02D0C21F54425441BE7CC6B1B8
:103B500093F8C4200292BA7EAAB193F8C58093F874
:103B6000C660029AA000053000EB420000EB48025C
:103B70000298404406FB002000224FF0020A9146C2
:103B80006BE00296E7E7002E00F0E3809046E6E760
:103B90000022012491464FE00599920042EA490231
:103BA000BAF1010F42EA0102427012BF851CC51C26
:103BB000847067E053F8047BB978002900F0AC808A
:103BC0000134A6E056F824209378ABB913882B7003
:103BD0001B0A6B70D2E91423AF1CBAF1000F0DD190
:103BE000CDE90023DDE9022318EE100AF6F7E0F92B
:103BF0003946FFF7CBFB063501349CE0CDE900895F
:103C0000F2E7002C40F0A1809BF8AD214FF00109B4
:103C10004FEA490000F109064FF0000A062000FBB8
:103C20000260D0465646CDF808A016E0002CAFD171
:103C30009BF8AD214FF00109042804BF002214466F
:103C400009F1030002EB420600EB44003044002679
:103C500040004FF0010AB046029680B2CDE906233B
:103C6000FFF79CFAA9790170BAF1020FDDE906238A
:103C700092D10299F20042EA48020A4342EA8402DF
:103C8000851C4270B9F1000F06D0D3F830312B708B
:103C9000C3F307236B7002356CB1D7E91223CDE96A
:103CA0000023D7E9142318EE100AF6F781F9294604
:103CB000FFF76CFB0435029B33B1B7F90E302B7064
:103CC000C3F307236B700235B8F1000F06D0FB8AEF
:103CD0005B009BB22B701B0A6B70023556B1029BC6
:103CE00013B13B7C05F8013BB8F1000F02D03B7EDD
:103CF00005F8013B24BBB9F1000F21D0D7E9162309
:103D0000D7E91289CDE902230BF5B8769BF8AC21EF
:103D10003346A2423FF74EAFBAF1000F0BD1CDE9C7
:103D20000089D7E9142318EE100AF6F741F929465D
:103D3000FFF72CFB04359BF8AC31A3423FF742AFB1
:103D400009B0BDEC028BBDE8F08F00220124914642
:103D50005EE7B04605E700002DE9F04F2DED028B40
:103D600091B008EE902A079390F83A300D915A1EC0
:103D7000D2B2022B83460E921CD0012A01D90B79B4
:103D8000C3B99BF88B30002B14BF012302230C9383
:103D900014BF062305230799099318EE900AFEF72E
:103DA000CFFB00278146B9F1000F07D0B8BF00272D
:103DB00004972CE000230C930923ECE718EE903ACB
:103DC0009D68079B18EE900A9968FFF71BFB079BFD
:103DD0005B68022B40F09580079B9C68022C40F2A8
:103DE00090802846FFF7DAFAB04B984240F089807D
:103DF000EB7803F00F03082B0FD11C9B2246E91C24
:103E00005846FFF70AFB00287BD000230493049850
:103E100011B0BDEC028BBDE8F08F099A9442F4D347
:103E20000E9A012A74D8042BEFD1002FEDD19BF804
:103E30003A3008930D9B28791B7983F00103049392
:103E4000089B022B05F105086AD0013B012B02D922
:103E5000049B002B64D09BF88B60002E7FD100F078
:103E6000040500F001020535022717FB0257C0F3D5
:103E7000400300F002053D44C0F3C001D71801FB28
:103E800007550596C0F380074FF0020A0696AC422C
:103E9000BBD3DBF80C0002904069029C08EE100ACC
:103EA000DBF8C4010F900D9890F9020004EB80003C
:103EB000D0F870519BF8380040B9002E52D0012044
:103EC0008BF8510138F8020BCBF83001BAF1000F32
:103ED00050D14046FFF76AFA064608F10600FFF7A0
:103EE00065FA08F10404A046064454460F980028D9
:103EF0004CD00898072849D1686B002846D16C63DC
:103F00000127079918EE900AFEF71AFB81464AE747
:103F10000C9A013A012A01D8012B85E7022B83E78D
:103F2000BA4600F0010382080593BAF1010FC0F30D
:103F3000400302EB42001E4606924FEA400040F06A
:103F40001B816F7905F1060807F00107DD1C05EB01
:103F5000470500EB450500210B460A4697E74FF061
:103F6000010ADEE7059880F001008BF85101DBF8CB
:103F70002C01A9E73FB14046FFF718FA08F1040801
:103F800004460026B2E73C463E46AFE70091404675
:103F90002946FFF70DFA069B4FF00608069949459A
:103FA00008FB09020BD00299B2F800E0B1F8C4C0D6
:103FB000E64527D1901CFFF7F9F94B460446049AD1
:103FC000002A40F0D0809BF88B20002A40F0BF8070
:103FD0009BF83A20042A40F0BA80029AB2F9BA203B
:103FE000042A40F0B480029AD2F8D42011880B44FD
:103FF0001380069B994540F0AE80029A0323A2F8F5
:10400000BA3004E709F10109C8E79BF83A30042BFC
:104010007FF4FBAE85F82470059B8BF850316FE779
:10402000049B361B002B00F09B80029BD3F8703161
:10403000D3E91289D5E9142318EE100ACDE90089D5
:10404000CDE90223F5F7B4FF0746BAF1000F2FD1EF
:10405000DDE90223CDE9002318EE100AD5E9162385
:10406000F5F7A6FFCDE90A0AA6FB0023CDE9022356
:10407000DDE90A23921943F10003101943F100010D
:10408000C21941EB0A030299A4FB0789B1EB0800AE
:10409000039961EB090118F0E5F8049B03B1404274
:1040A0000123686385F82430B6E700BFFF185A0083
:1040B0000F9BCBB3089B072B36D16B6BA3B3CDE91A
:1040C000008918EE100AD5E91623F5F771FF0023D1
:1040D000D5F834803A46CDE90003064618EE100ABA
:1040E000F5F766FF002307460193224618EE100AF3
:1040F000CDF80080F5F75CFF00230246A7FB08011E
:1041000018F0B0F800230246019318EE100A00964A
:10411000F5F74EFF02460B46C90F521843F1000354
:10412000500840EAC370B8E795F828306BB1B5F98C
:104130003020C2F18062D317B806B90918F0E2F84E
:10414000301A00EBD0704010A7E73846F8E7069B1E
:1041500099453FF45AAEBAF1000F3FF461AF2646DD
:10416000D5E9128966E7002F3FF44FAFBAF1000F8F
:104170003FF456AF264658E700F1090505EB430525
:10418000E9E600BF2DE9F84FC36891F9021003EB8F
:104190008103D3F8705195F824600EB190F8C36094
:1041A000AB7C002B6ED090F8C490AC7E1CB190F824
:1041B000C510002977D1002B68D0002790F8C610D1
:1041C00000297AD1002C73D04FF0000890F8C61067
:1041D00000295DD1002B5DD124B11C4690F8C6307A
:1041E000002B5BD14FF0000B002E5AD06B6B4FEAC7
:1041F000D37A09EB4600C31909EB070010FB0BF05B
:1042000000EB430005305044114680B2FEF7C6FF74
:104210000146052301F8023B46EA490343EA8703C6
:1042200043EACB0B4BEA0A1B024680F801B02EB1E1
:10423000686B20EAE070FFF7A9F8911DB9F1000F53
:1042400006D0B5F90E300B70C3F307234B70023163
:1042500037B1EB8A5B009BB20B701B0A4B700231CB
:10426000B8F1000F02D02B7C01F8013B14B12B7E7A
:1042700001F8013BBAF1000F02D06B6B5B420B708F
:10428000BDE8F88F994690E7012797E71F4699E721
:104290000124A3E70C46A1E7A0469FE74FF0010BDE
:1042A000A2E7B246A5E7002BEED1984601278DE79D
:1042B000002BF1D11C46984694E74FF00108002CE2
:1042C0008CD083E72DE9F04F85B0804603911046EE
:1042D000194616461D46FEF733F9002482464FF074
:1042E0000109BAF1000F05D000DA0024204605B01C
:1042F000BDE8F08FA968B7683046FFF783F86B68B0
:10430000022B4ED1A96802294BD93846FFF746F84F
:10431000284B984245D1F878042900F00F00E4D9E1
:104320000528E2D1002C42D197F804E04FF0040AAE
:104330000EF0010C1AFB0C000EF0020ACEF3800303
:10434000CEF340025044CEF3C00B02EB030A00EB65
:1043500043000BFB0A000EF0100ACEF3001E70445F
:104360008142C3D30398D8F80C1090F9020001EBF6
:104370008001781DD1F87011BCF1000F06D081F8D2
:104380002490FFF713F8486307F10900CDF800B057
:10439000FFF70EF8BAF1000F02D003785B424B63CF
:1043A000012429463046FEF7CBF8824699E7544669
:1043B0009CE700BFFF185A002DE9F34190F88B30BD
:1043C000C568012B06460F46144642D1052110460A
:1043D000F0F757FE4923037029234370B5F8C63020
:1043E00083701B0AC37020230371D4E90223204683
:1043F00002EB0308FEF718F8132200212046FEF70F
:1044000019F80546D0B3FF230370182343705A23CD
:10441000837000F10B01C31C082203F8012B9942A1
:10442000FBD1F069FEF7B2FF39463046FBF76EFF6D
:1044300005F10F01FEF7AAFFA36815220092A8EB71
:104440000303224639463046FBF7ECFF02B0BDE8D5
:10445000F08107211046F0F714FEAD230370062308
:104460004370B5F8C63083701B0AC370B5F8C4300A
:1044700003711B0A437120238371B6E76FF00E00AE
:10448000E4E700002DE9F04F804687B089461046EA
:10449000194615461C46FEF753F84FF0000B4FF037
:1044A000100A00284FD127782FB10BF001073846AA
:1044B00007B0BDE8F08F6368AE68E060002B39D1CB
:1044C000A168022936D93046FEF768FF224B984290
:1044D00030D1BBF1000F3AD1132938D102AAF31C15
:1044E00006F1130E9346186859689446ACE8030029
:1044F000083373456246F6D1CDF800A003232A465F
:1045000049464046FBF77AFF08BB06F10B00FEF771
:104510004DFF119B186006F10F00FEF747FF109B3F
:10452000A2681860A8685946033A033001F0C2F83F
:104530004FF0010BA1682846FEF764FF214628468C
:10454000FDF7FEFFADE7B8BF4FF0000BADE7A16888
:104550002846FEF757FFAAE7FF185A002DE9F74F44
:104560001F460C9B00930D9B019390F88B30D0F865
:104570000C80D2F80890012B48F2AD6C0CBF4FF0C4
:10458000050B4FF0070B42F6493A044618BFE246C6
:104590000D461646FBF7E3FE002854D15946304637
:1045A000FEF730FF00284ED0B9F8003053454AD10D
:1045B000B9F80230B8F8C4209A4203D04FF6FF721F
:1045C000934240D194F88B306BBBB9F804104FF68E
:1045D000FF73994237D094F83830012B30D195F9D8
:1045E000023008EB8308D4F8C431D8F8700193F88E
:1045F00000E0BEF1000F08D09A780132B2FBFEFC59
:1046000023F832100EFB1C229A7000220180827067
:10461000AA79012A07D19A79012A02D05B79012B64
:1046200001D12B88C370019B0D93009B0C933246E4
:104630003B462946204603B0BDE8F04FFFF722BFB6
:10464000A8F8C610EFE7002003B0BDE8F08FF0B582
:1046500085B003ADD0E9036701950A9D0095044636
:10466000FFF77CFF054618B90025284605B0F0BDC8
:104670000399E3698B4212D097F83F30002BF3D1B6
:104680003046F6F775FB04460028EDD0037D002B7D
:10469000EAD190F83830002BE6D1F9F730FEC6F8B1
:1046A000A840E2E72DE9F043D0F80C8091F90270C0
:1046B000D2F8089085B008EB87070DF10C0CD7F8FD
:1046C0007071CDF804C00DF1080CCDF800C004469F
:1046D0000D461646FFF742FF20B96FF0040005B003
:1046E000BDE8F083E269039B9A42F6D12946204651
:1046F000FBF70CFE02998842EFD1B3682A79A3EB4D
:1047000009035AB1B8F8C6200C980280CDE90021FF
:10471000204632462946FBF759FEE0E73A88F3E7A0
:104720002DE9F84319460746104616461C46FDF784
:1047300007FFDFF864900025002803D0B8BF0025EC
:10474000284617E0A168D6F808803046FEF75AFEE2
:104750006368022B1AD1A168022917D94046FEF7D7
:104760001DFE484512D198F8033003F00F03082BC3
:1047700002D00020BDE8F8830A46089B08F1030137
:104780003846FEF74AFE0028F3D10125214630467F
:10479000FDF7D6FED0E700BFFF185A0090F838307A
:1047A00053B190F884302BB1D0F860318B4218D1DE
:1047B000D0F8303118467047036993F83F30002B2A
:1047C000F8D0D0F84C31D0F8282113440133994265
:1047D00003D190F85131002BEAD190F85031002BE1
:1047E000E8D0FEF7B7BC8B7C4BB1B1F90E30D0F8F6
:1047F000DC20934214DBD0F8E020934210DC8B7E67
:1048000063B1B1F91630B0F9E4209A4208DCB0F98E
:10481000E6009842B4BF0020012070470120704795
:10482000002070472DE9F84F144603684FEAE279FB
:104830000E469046452102692048614300FB09115C
:10484000A4FB00450D44012C75F1000183FB0223FC
:104850002CDAD2F1000A63EB430B4FEADB711AEB5F
:10486000010A4BF1000B4FEA5A0747EACB702018B8
:104870004FEA6B0145EB010117F0F4FCB8F1010FB1
:1048800079F10003ACBF05236FF0040318440A2339
:1048900090FBF3F0D6F8D43083420DD8D6F8D83058
:1048A00098428CBF00200120BDE8F88FD90F12EB91
:1048B000010A43F1000BD6E70020F5E738F2A9C75B
:1048C00038B591F8D030023B0D461446052B28D858
:1048D000DFE803F003101B03101BA3781BBB94F845
:1048E000243003B3626BFFF79DFF00280CBF02204A
:1048F000012038BDA378B3B9A37C0BB9A37E73B1F3
:1049000021462846FFF76FFFEFE7A3785BB994F8DD
:10491000243043B1626BFFF785FF0028F0D10220FD
:10492000E7E70020E5E70320E3E738B55021054637
:104930000120E8F723FC044628B1014695F88820B9
:104940002846F6F7C3FA204638BD38B5056904464F
:1049500015B1E86CE8F736FC2846E8F733FC00238D
:10496000236138BD2DE9F0471C46037D033B022B34
:1049700007460D46164602D80020BDE8F087D0F85D
:104980001080D0F86890D8F82CA02246F6F7C4FA28
:1049900098F83F303BB92346324629463846BDE8B1
:1049A000F047F6F7F1BAE368D8F82810384619440A
:1049B000FFF7F4FE21680AFB09F900FB09126260A7
:1049C00098F83C30022B04BFD8F83430D218521B70
:1049D000002A10DAD8F83020E3680A44D8F8281002
:1049E00022600133E36019443846FFF7D7FE23689D
:1049F00000FB093363602061C4F8089097F83930F0
:104A000073B92346324629463846F6F7A9FA0028F4
:104A1000B2D0224629463846F6F7CEFA0120ACE756
:104A200036B1616835446D1AA5EB0905002DA3DB8D
:104A300098F83D30002BF1D1002EEFD0636822684A
:104A4000A6EB09063344164463602660E6E7F8B532
:104A5000044605690E46F9F7F3FDE26F20692AB1B5
:104A6000D4F888319A428CBF00220122D4F88030D9
:104A70001BB1D4F834118B423ED990F84430002B4E
:104A80003CD194F83870012F1DD194F88B30012B54
:104A900002D194F878319BB390F83E309BB194F8F2
:104AA000EB3083B190F84530013BD9B280F8451026
:104AB00049B902B10221012380F83E302046BDE809
:104AC000F840F9F7DCBCEAB101239F4280F83E30A0
:104AD000F0D194F8EB30002BECD02046FBF798FB9C
:104AE000B27CD4F8D0311344C4F8D031204601212F
:104AF000BDE8F840F9F706BB0121DCE70521DAE75C
:104B00003321D8E7002FE8D1D4F84C112046F9F72B
:104B1000D5FA85F83F0018B12046FBF779FBE5E7A9
:104B2000C4F82871E2E72DE9F04FD0E90389836EDC
:104B3000D9F82C60D9F838405E43D9F830308BB0C2
:104B40000D46D9F8281007461C44FFF727FED9F870
:104B5000383000FB063097F8383033B999F83F30D9
:104B6000002B4CD0D9F834301844401B002880F278
:104B70008B80621BD7F82831002AB8BF2C1B03F1A9
:104B80000103AEBF0024D9F83050B4FBF5F49C42C9
:104B90007CDB94FBF3F4D7F880302BB1D7F83421C9
:104BA00011198B4238BF9C1A21463846F9F7AAFAE8
:104BB0001422002529460DEB020003AECDE9035572
:104BC00000F086FD38460896FBF7DCFF97F8386062
:104BD00008F5B87308F1B809059396B93146484607
:104BE000F8F763FD38B3D8F87031B7F848201A8069
:104BF00021225A805E7701238DF8243011E0601E57
:104C0000B3E7D7F8706108F5DE7A1C3E294607F550
:104C1000B87B06F11C00584511D1CDE903A58DF8EC
:104C2000241005A93846FFF712FF4846F8F7B0FCF4
:104C30004846F8F742FD20460BB0BDE8F08F307EC5
:104C4000072801D0092816D148460191F8F72DFD13
:104C50000028F0D00199B6F800C008EB81002023AD
:104C6000D0F870010022A0F800C0438042770131E3
:104C7000F6691C3ECDE796F91A000028DEBF3088A1
:104C80002AF815000135F3E70024D4E700248FE764
:104C9000034690F8380093F83920B0FA80F1B2FA60
:104CA00082F249095209914214D1196EA1B19A6E4A
:104CB0004A4311D0596E91420EDB78B993F8A42083
:104CC000022A01D0042A0AD193F85C31002B08BFD4
:104CD00036207047F420704723207047002070472B
:104CE00038B590F89F3004465BB3FFF71EFE0546CB
:104CF00068B1D4F8C801E8F765FA06210120E8F7A1
:104D00003DFAC4F8C80120B92046FFF71EFEF52081
:104D100012E0626E00230370438083802A63226E58
:104D2000EA6294F8EB2085F8452094F8380020B129
:104D3000012285F83C20184638BD022385F83C3016
:104D4000FAE73220F8E7FEF7DEB9036910B504464A
:104D50000BB1FFF7FAFD2046FEF7F2F9D4F8C801CF
:104D6000E8F730FA0023C4F8C83110BD2DE9F04F40
:104D70009846D36891F8D0705C68137C924691F89D
:104D80003820003C18BF0124012A85B083460E4616
:104D900046D1D1F8C4211AB1D279002A18BF1446DD
:104DA00006F5B87201927A1FD2B24FF00009029252
:104DB0002CE0DAF80020D6F8705152F8292010883B
:104DC00001991C3D05F11C0C8C4509D1B8F8001067
:104DD000012202FA09F20A43A8F80020012413E094
:104DE0002988814240D0ED69EAE700F0FD02511EBA
:104DF0004A424A41B8F800C002FA09F141EA0C01FE
:104E0000A8F800101443687609F101094B45D0DC7D
:104E1000204605B0BDE8F08F121A18BF0122E9E75D
:104E2000002BF5D0DAF800301A68FFF749FD042F9F
:104E300096F8524109D8012F0CD80CBF0124002448
:104E4000A8F8004086F85201E2E7053F022F07D993
:104E50000024F5E700F0FD04631E5C425C41EFE7CF
:104E6000241A18BF0124EBE7314658460393FFF795
:104E700027FD042F6A7E039B05D8012FB5D80CBFF0
:104E800001220022B6E702990229C5D90022B1E722
:104E90002DE9F04F1C469B7885B081468846154623
:104EA000002B40F0908091F8C770002F00F08E80AA
:104EB000A66B5EB16FF03B0004F13C02001B811851
:104EC000B1427CDB26EAE676B3FBF6F62046F9F73C
:104ED00058FC2388ADF80C30824603AB0222012136
:104EE0002846F8F789F8002866D1A3788DF80C30A9
:104EF000012203AB03212846F8F77EF800285BD196
:104F000003AB0122052128468DF80CA0F8F774F8B0
:104F1000002851D1A378002B5AD1D8F8C431002BE6
:104F200056D194F82430002B64D0606BDFF8A08158
:104F30000246C317CDE90023452101FB00FC01997E
:104F4000D9F80030D9F8102008FB01C1A0FB08896E
:104F50008944B8F1010F79F1000183FB022380F24B
:104F6000AD80504263EB43014FEAD17C10EB0C0063
:104F700041F100014FEA500E8B464EEAC17118EB29
:104F800001004FEA6B0C49EB0C0117F06BF9DDE9FE
:104F90000023012A73F10003ACBF05236FF0040363
:104FA000184404220A23082190FBF3F003AB03907A
:104FB0002846F8F721F8E8B16FF00C0017E012F876
:104FC000011B0B447BE7002637467FE73E467DE723
:104FD000E3788DF80C30012203AB04212846F8F762
:104FE0000BF80028E8D1A378002B9AD0002005B058
:104FF000BDE8F08FA37A33B1221D09212846F9F7C5
:105000009FFA0028D8D1A37C3BB104F10C020A21FD
:105010002846F9F795FA0028CED1A37E3BB104F1DA
:1050200014020B212846F9F78BFA0028C4D194F812
:105030002530CBB1A38DADF80C30022203AB0C218F
:105040002846F7F7D9FF0028B6D194F827305BB18E
:1050500094F829308DF80C30012203AB0E2128463C
:10506000F7F7CAFF0028A7D194F82630CBB1E38D1B
:10507000ADF80C30022203AB0D212846F7F7BCFF38
:10508000002899D194F827305BB194F82A308DF834
:105090000C30012203AB0F212846F7F7ADFF0028A3
:1050A0008AD1002FA2D003AB0122102128468DF80F
:1050B0000C60F7F7A1FF002898D07DE7D90F12EB1D
:1050C000010A43F1000B4FEA5A0141EACB7156E75E
:1050D00038F2A9C72DE9F04F2DED028BD2F80CA0C4
:1050E00085B008EE100A08EE901A109C019316463F
:1050F000BAF1000F13D0DAF8049001220DF10E037B
:10510000042120468DF80E20F7F776FF054640B1C2
:105110006FF00C0005B0BDEC028BBDE8F08FD146FE
:10512000EBE7327C03469A4216DC10EB0900F1D023
:1051300005212046F7F78BFF80460028E8D000279E
:10514000337CBB420FDC01274D4529DB414620461D
:10515000F7F743FF0020DDE701991941C90748BF70
:1051600001300133DFE7019B3B41DB0716D501210D
:105170002046F7F76CFF83460028C9D0336818EE45
:10518000901A53F8273018EE100A2246FFF780FED7
:105190000028BDD159462046F7F71FFF0137CFE75A
:1051A00001212046F7F753FF06460028B0D0DAF871
:1051B000003033F81530ADF80E3002220DF10E0339
:1051C00001212046F7F718FF0028A1D10DF10E03A9
:1051D0000122022120468DF80E70F7F70DFF0028FE
:1051E00096D131462046F7F7F8FE0135ACE72DE9B8
:1051F000F84390F878310546BBB190F83830012B70
:1052000013D0D0F8704134F81C3C54F81C69A0F855
:1052100048301C3E00F5B8784FF0000904F11C0737
:10522000474504D1002385F87831BDE8F88320464E
:10523000FAF742FD3846F8F77FF8E36823B183F8C0
:105240000090E068E7F7BEFF2046E7F7BBFFF36991
:105250003446A3F11C06E1E7F8B50C4605460521E6
:10526000184617461E46EFF70CFF8D230370862362
:105270004370877020233F0AC77003713046FDF7E3
:10528000D3F8217A227E03291ABF4900093111215E
:105290001AB1012A0CBF052208220A443046022115
:1052A000FDF7F8F800286FD0FF2303702D011823B5
:1052B000437045F007055A238370C570237E227A18
:1052C0009B0002F0030203F00C03134303712368F5
:1052D00043711A0A82711A0C1B0EC2710372237A6F
:1052E000022B16D0032B1FD0012B01BF2369437261
:1052F000C3F30723837214BF00F1090300F10B030A
:10530000207E012823D002282DD0002818BF20207D
:10531000F8BD236943721A0A82721A0C1B0E0373BA
:10532000C27200F10D03EBE7D4E90423110A4272C3
:105330008172110C120E02731A0A437382731A0CD3
:105340001B0E0374C172C27300F11103D8E7226A05
:105350001A70110A5970110C120E9970DA70626A83
:105360001A710020D4E7D4E90812080A197058709D
:10537000080C090ED970110A1A715971110C120E0C
:1053800098709971DA71ECE72020C1E713460A465C
:1053900001460020FFF760BF70B5049CB8B1B1B101
:1053A000AAB1A3B19CB10B4D0B4E28600B480C4D1C
:1053B00031602B60046090470A4B002203F1A0018A
:1053C0005A6043F8082B8B42FAD1002070BD4FF091
:1053D000FF3070BD84600020886000208060002065
:1053E0007C6000208C600020002973D0002B71D0DD
:1053F0001E2A6FD113286DD80A88012A64D1F8B506
:105400004D88012D63D1CA7A83F821200A7B83F865
:105410002020B1F80F20DA61B1F80D402F4E304F47
:1054200002FB04F29A61B1F811205A6106EBC00444
:10543000D1F8072062605A60CA7CA2F10302B2FA76
:1054400082F25209DA7262885A874A8B83F83D20C9
:105450000024120A4FF04C0C83F83E2083F83FC022
:1054600083F840404A7E83F841200A7E83F8422038
:10547000CA7D83F843208A7D83F844204A7D83F8DF
:1054800045200A7D83F8462036F830201A700A7FBE
:10549000497F3E681C7442EA01220327022104204E
:1054A0009A8605229C625D70198183F823109F7291
:1054B00083F825001A6326B118460699B04720469E
:1054C000F8BD4FF0FF30F8BD6FF0010070476FF08E
:1054D0000100F8BD4FF0FF30704700BF8C60002026
:1054E00084600020132816D80C4B1B6870B5044646
:1054F00063B10B4E06EBC002C50050689847002010
:10550000731900225A6046F8342070BD044E4FF0E3
:10551000FF30E500F4E74FF0FF307047886000206F
:105520008C600020002A42D02DE9F0411F4682B055
:10553000D3B31328064637D814460123884621746E
:105540006FF00A002370A370A37303216FF0470369
:10555000184A607100254FF03F0C0B20A171237297
:1055600002211923126884F804C06072E173E374A5
:105570000DF106006570E570E571A572E5722573A1
:105580006573257590470C4BBDF8062003EBC60CE0
:105590001521ACF802202846A4F8112023F8368003
:1055A000397002B0BDE8F0814FF0FF30F9E74FF0FD
:1055B000FF307047806000208C6000201FB51446CB
:1055C0001A46094B1B680546D8684CB1074B009139
:1055D000CDE9013406492B4600F026F801F022F807
:1055E000044B1C46F3E700BF24440020B40205002E
:1055F000C10205005E0805000A22002100F048BF34
:1056000008B5074B044613B10021AFF30080054BEA
:105610001868836A03B19847204603F0B1F800BFC9
:1056200000000000F00205000EB403B5014603AB14
:10563000054853F8042B0068019300F07BF802B092
:105640005DF804EB03B070472444002070B50D4DA5
:105650000D4C641BA4100026A64209D10B4D0C4C26
:1056600016F0DAFF641BA4100026A64205D170BD17
:1056700055F8043B98470136EEE755F8043B984748
:105680000136F2E74C4600204C4600204C460020F4
:105690005046002010B501390244904201D100204B
:1056A00005E0037811F8014FA34201D0181B10BD8B
:1056B0000130F2E70A44914200F1FF3300D1704714
:1056C00010B511F8014B03F8014F9142F9D110BD0B
:1056D00002440346934200D1704703F8011BF9E7E7
:1056E0009368013B002B10B4936008DA9469A342DD
:1056F00001DB0A2903D15DF8044B00F0D3BE136827
:10570000581C1060197008465DF8044B7047F8B5D6
:1057100006460F461446D518AC4201D1002007E0DA
:1057200014F8011B3A463046FFF7DAFF431CF3D169
:10573000F8BD00002DE9F04F0D469DB01446984687
:10574000064618B183690BB901F00CFF894B9D42E5
:105750001BD175686B6ED90705D4AB899A0502D445
:10576000A86D01F0A2FFAB891B0701D52B69EBB92E
:105770002946304600F0E8FEC0B16B6EDC070ED55E
:105780004FF0FF301DB0BDE8F08F7B4B9D4201D143
:10579000B568DFE7794B9D4208BFF568DAE7AB896A
:1057A0009805EDD4A86D01F081FFE9E70023099386
:1057B00020238DF82930CDF80C803023DFF8C0810C
:1057C0008DF82A304FF0010923469A4613F8012B31
:1057D0000AB1252AF9D1BAEB040B0BD05B4622465D
:1057E00029463046FFF793FF013000F0AA80099A5E
:1057F0005A4409929AF80030002B00F0A28000234E
:105800004FF0FF32CDE905230AF1010A0493079313
:105810008DF853301A935446052214F8011B58484A
:1058200001F0BEFF049AD8B9D10644BF20238DF8F9
:105830005330130744BF2B238DF853309AF80030B0
:105840002A2B15D0079A544600204FF00A0C214607
:1058500011F8013B303B092B4ED9B0B1079214E04F
:10586000A0EB080309FA03F313430493A246D2E71B
:10587000039B191D1B680391002BBBBF5B4242F0C9
:10588000020207930793B8BF049223782E2B0CD102
:1058900063782A2B35D1039B1A1D1B680392002BBA
:1058A000B8BF4FF0FF3302340593DFF8E4A021784E
:1058B0000322504601F074FF40B14023A0EB0A00E0
:1058C00003FA00F0049B03430134049314F8011B12
:1058D0002C488DF82810062201F062FF00283FD0E6
:1058E000294B1BBB039B073323F0070308330393A8
:1058F000099B3B44099367E70CFB02320C460120ED
:10590000A5E700230134059319464FF00A0C204601
:1059100010F8012B303A092A03D9002BC5D0059184
:10592000C3E70CFB012104460123F0E703AB00931E
:105930002A46164B04A9304600F0CCF80746781CDE
:10594000D6D16B6ED90705D4AB899A0502D4A86D60
:1059500001F0ACFEAB895B063FF512AF099811E789
:1059600003AB00932A46094B04A9304600F056FBCE
:10597000E4E700BFEC0405000C050500CC040500BD
:10598000F4020500FE020500D55A03000F5703007C
:10599000FA0205002DE9FF4755EC104B002D0E468D
:1059A00019462B46BBBF05F100431D4600232D239E
:1059B0000B700D9BDDF830A0914623F02008BCBF92
:1059C00022461446B8F1460F05D0B8F1450F00D174
:1059D0000136022100E0032103AB019302AB0093E7
:1059E00045EC104B5346324600F0AEFEB8F1470F7F
:1059F000074602D119F0010F22D0B8F1460F07EB8C
:105A0000060910D13B78302B0AD100220023204612
:105A1000294616F067FB18B9C6F10106CAF80060FE
:105A2000DAF800309944002200232046294616F077
:105A300059FB08B1CDF80C903022039B4B4507D39E
:105A4000039B0E9ADB1B3846136004B0BDE8F08759
:105A5000591C03911A70F0E7F7B503460029B8BF47
:105A6000494203F8022BB4BF2D222B220929427090
:105A70002ADD0DF10704A4460A27A6460A4691FB33
:105A8000F7F607FB16153035632A04F1FF340EF8DC
:105A9000015C3146F1DC3031AEF1020504F8011C45
:105AA000441C294661450AD30DF10902A2EB0E02FE
:105AB000654588BF00221344181A03B0F0BD11F8E1
:105AC000012B04F8012FEDE7302330318370C170D2
:105AD000031DF1E72DE9F04F2DED028B8DB00C4643
:105AE000DDF8608016461F46054601F0D9FDD0F866
:105AF00000A0504600F02DFC00230A932368059374
:105B0000D8F8003094F818B0073323F0070303F1F6
:105B10000802C8F80020D3E90023C4E91223D4E91D
:105B2000128929F000430793CDF8188008EE100A77
:105B30009F4BDDE906014FF0FF3216F005FB88BBF5
:105B4000DDE906019A4B4FF0FF3216F0DFFA48BB51
:105B5000002200234046494616F0CEFA10B12D230C
:105B600084F84330934B9448BBF1470F94BF984659
:105B7000804603232361059B23F0040222604FF03B
:105B80000009009733460BAA2146284600F0D8F9B1
:105B9000013040F090804FF0FF300DB0BDEC028B33
:105BA000BDE8F08F42464B464046494616F0CCFAD7
:105BB00040B14B46002BBCBF2D2384F843307F48B7
:105BC0007F4BD1E763680BF0DF0206925A1C3FD18E
:105BD00006236360059B616843F48062002303939E
:105BE0000AABCDE901B309AB49EC108B00932260FD
:105BF0000DF123032846FFF7CDFE069B0999472B9D
:105C0000804608D1C81C02DB6368994241DDABF1D4
:105C1000020B5FFA8BFBBBF1650F20D801395A46A6
:105C200004F150000991FFF717FF0A9A1318012A8F
:105C30008146236102DC2268D20701D5013323614A
:105C40009DF82330002B9CD02D2384F8433098E717
:105C5000069A472ABED1002BBCD10123B9E7BBF17C
:105C6000660F18D1002963680BDD216113B9226822
:105C7000D00702D501330B442361A1654FF0000921
:105C8000DEE713B92268D20701D50233F4E7012316
:105C9000F2E74FF0670B0A9B994205DB236821610D
:105CA000D807EAD54B1CE7E70029D4BFC1F10202AF
:105CB00001221344E0E723685A0507D423694246CA
:105CC00031462846B84701302CD164E7BBF1650F57
:105CD00040F2E080D4E912010022002316F002FA1B
:105CE000002834D0374A012331462846B8470130CE
:105CF0003FF451AFDDE909239A4202DB2368D8075C
:105D000010D518EE103A524631462846B8470130B1
:105D10003FF441AF4FF0000804F11A090A9B013B20
:105D2000434509DC23689B0700F10581E0680B9B74
:105D30009842B8BF184630E701234A463146284604
:105D4000B84701303FF427AF08F10108E6E7099BA7
:105D5000002B39DC1B4A012331462846B847013065
:105D60003FF419AFDDE90923134302D12368D907B2
:105D7000D8D518EE103A524631462846B847013079
:105D80003FF409AF4FF0000904F11A0A099B5B4286
:105D90004B4501DC0A9B92E70123524631462846D7
:105DA000B84701303FF4F7AE09F10109EEE700BF53
:105DB000FFFFEF7F05030500090305001103050040
:105DC0000D030500150305000A9AA36D9A42A8BFAA
:105DD0001A46002A914637DC4FF0000B29EAE97990
:105DE00004F11A02A36D0593A3EB09035B4533DCB1
:105DF000DDE909239A423BDB2368DA0738D40A9BA2
:105E0000059A09999A1AA3EB01099145A8BF9146F1
:105E1000B9F1000F35DC4FF0000829EAE97904F107
:105E20001A0ADDE909239B1AA3EB090343457FF70F
:105E300079AF0123524631462846B84701303FF436
:105E4000AAAE08F10108ECE713463146424628465F
:105E5000B8470130C0D19EE601233146284605925D
:105E6000B84701303FF497AE059A0BF1010BB9E743
:105E700018EE103A524631462846B8470130BED196
:105E800089E6059A4B46424431462846B8470130D8
:105E9000C1D180E60A9A012A01DCDB0738D501234B
:105EA000424631462846B84701303FF474AE18EEFA
:105EB000103A524631462846B84701303FF46BAE9F
:105EC000D4E912010022002316F00CF9D8B90A9B7C
:105ED00008F10102013B31462846B84701300ED196
:105EE00059E60123524631462846B84701303FF46F
:105EF00052AE08F101080A9B013B4345F1DC4B46D9
:105F000004F15002DCE64FF0000804F11A0AF2E74F
:105F100001234246DFE701234A4631462846B84777
:105F200001303FF438AE08F10108E3680B995B1AC1
:105F30004345F0DCFAE64FF0000804F11909F4E7F4
:105F40002DE9F047164699468A680B69DDF82080EE
:105F50009342B8BF1346336091F8432007460C467E
:105F60000AB1013333602368990642BF33680233B4
:105F70003360256815F0060506D104F1190AE368B7
:105F800032689B1AAB4226DC94F84320131E226829
:105F900018BF012392062BD404F143024946384628
:105FA000C04701301ED02368E568326803F006035D
:105FB000042B08BFAD1AA36822690CBF25EAE5755A
:105FC00000259342C4BF9B1AED1800261A34B5422F
:105FD0001AD1002008E00123524649463846C047FE
:105FE000013003D14FF0FF30BDE8F0870135C6E73F
:105FF000E1185A1C302081F84300224494F84510DF
:1060000082F843100233C7E7012322464946384647
:10601000C0470130E6D00136D9E700002DE9FF473F
:106020000F7E0C9D782F914680460C469A4601F1D2
:10603000430207D8622F0AD8002F00F0D880582FCB
:1060400000F0A38004F1420584F842703AE0A7F121
:106050006303152BF6D801A151F823F0B5600300B6
:10606000C96003004560030045600300456003000C
:1060700045600300C96003004560030045600300FC
:106080004560030045600300D5610300F96003002B
:10609000B76103004560030045600300F76103003A
:1060A00045600300F960030045600300456003009C
:1060B000BF6103002B681A1D1B682A6004F14205AA
:1060C00084F842300123A3E020682968060601F124
:1060D00004030AD50E682B60002E03DA2D237642C6
:1060E00084F843305E480A2319E00E682B6010F0F4
:1060F000400F18BF36B2EFE72B682068191D2960E2
:10610000010601D51E6802E04606FBD51E885448EC
:106110006F2F0CBF08230A23002184F84310656801
:10612000A560002DA2BF216821F0040121600EB9F5
:10613000002D4DD01546B6FBF3F103FB1167C75D8B
:1061400005F8017D3746BB420E46F4D9082B0BD12A
:106150002368DE0708D5236961689942DEBF3023D2
:1061600005F8013C05F1FF35521B2261CDF800A076
:106170004B4603AA21464046FFF7E2FE01304CD1D0
:106180004FF0FF3004B0BDE8F087354881F8457026
:106190002968236851F8046B29601D0614D5DF07B0
:1061A00044BF43F0200323601EB9236823F020037B
:1061B00023601023B0E7236843F020032360782393
:1061C000284884F84530E3E7590648BFB6B2E6E709
:1061D0001546BBE72B6826686169181D28603506DF
:1061E0001B6801D5196002E07006FBD519800023F9
:1061F00023611546BAE72B681A1D2A601D6862687C
:106200000021284601F0CCFA08B1401B60606368A9
:106210002361002384F84330A8E723692A464946CE
:106220004046D0470130ABD023689B0713D4E068C9
:10623000039B9842B8BF1846A4E70123324649465B
:106240004046D04701309BD00135E36803995B1A83
:10625000AB42F2DCEBE7002504F11906F5E700BFDD
:1062600017030500280305000CB430B5174B0C1EAE
:106270001D689DB008DA8B232B604FF0FF301DB0F6
:10628000BDE8304002B070474FF40273ADF81430EF
:1062900014BF04F1FF332346049307934FF6FF73B3
:1062A00002900690ADF81630209A21AB02A928463C
:1062B000019301F0E3FF431CBCBF8B232B60002C38
:1062C000DDD0029B00221A70D9E700BF24440020D1
:1062D0000EB400B59CB01DAB029006906FF000416B
:1062E000094807910491094953F8042B0591006866
:1062F000019302A901F0C2FF029B00221A701CB098
:106300005DF804EB03B07047244400200802FFFF4F
:1063100010B50246147813460132002CFAD1013B25
:1063200011F8012B03F8012F002AF9D110BD10F844
:10633000012B11F8013B012A28BF9A42F7D0D01A4D
:106340007047034611F8012B03F8012B002AF9D1FD
:106350007047034613F8012B002AFBD1181A0138A5
:10636000704710B57AB103460139841813F8010B50
:1063700011F8012F904201D1A34201D1801A10BD22
:106380000028F3D1FAE71046F9E70000012B2DE9C8
:10639000F04701D0242B06D900F0C4FF1623036078
:1063A0000020BDE8F087DFF8E4C00D462E4615F862
:1063B000014B14F80C7017F00807F7D12D2C32D1CF
:1063C0002C780127B51C002B5BD0102B09D1302C69
:1063D00007D12C7804F0DF04582C4DD16C781023B1
:1063E000023507F1004808F1FF384FF0000CB8FB08
:1063F000F3F9664603FB198AA4F1300EBEF1090FCA
:1064000016D87446A34224DDBCF1000F1EDBB14553
:106410001CD301D1A24519DB06FB03464FF0010C4A
:1064200015F8014BE8E72B2C04BF2C78B51CCAE704
:10643000A4F1410EBEF1190F01D8373CE2E7A4F1F7
:10644000610EBEF1190F04D8573CDBE74FF0FF3C5B
:10645000E6E7BCF1000F05DA22230360464642B9A5
:1064600030469EE707B17642002AF9D0BCF1000F12
:1064700000D0691E1160F3E73024002BB1D108234E
:10648000AFE7302CA5D00A23ABE700BF3A030500E5
:1064900013460A46014602480068FFF777BF00BF6F
:1064A00024440020F8B50E461446054618B1836909
:1064B0000BB901F057F8214B9C422BD16C68A369B2
:1064C000A360A3891A072FD523696BB323692068BA
:1064D000C01A6369F6B28342374604DC2146284677
:1064E00000F0ACFF30BBA368013BA36023685A1CDB
:1064F00022601E7063690130834204D0A389DB07E8
:1065000006D50A2E04D12146284600F097FF88B907
:106510003846F8BD0A4B9C4201D1AC68CFE7094B25
:106520009C4208BFEC68CAE72146284600F00CF8F8
:106530000028CBD04FF0FF37EAE700BFEC0405009E
:106540000C050500CC040500324B70B51D680646ED
:106550000C4625B1AB6913B9284601F003F82E4B60
:106560009C420FD16C68A389B4F90C2019072CD474
:10657000DD0611D40923336042F04003A3814FF0BC
:10658000FF303EE0254B9C4201D1AC68EBE7244B49
:106590009C4208BFEC68E6E7580712D5616B41B131
:1065A00004F14403994202D0304601F0FDFC00237F
:1065B0006363A38923F02403A38100236360236919
:1065C0002360A38943F00803A38123694BB9A389FE
:1065D00003F42073B3F5007F03D02146304601F069
:1065E0008BF8A089B4F90C2010F001030AD0002325
:1065F000A36063695B42A361236943B910F0800023
:10660000BAD170BD810758BF6369A360F4E7002069
:10661000F7E700BF24440020EC0405000C0505004A
:10662000CC04050008B5062001F060FF012002F04F
:10663000A7F82DE9F74F03690C69A3420746C0F29A
:106640008180013C01F1140800F1140505EB84037D
:10665000019358F8243055F8242001339A424FEA28
:10666000840B08EB8409B2FBF3F631D34FF0000E34
:106670004046AC46F24650F8042B93B206FB03E3C7
:106680004FEA134E9BB2AAEB0303DCF800A0120CF6
:1066900013FA8AF306FB02E20093009B4FEA124EC4
:1066A00092B2C2EB1A4202EB2342BDF800308145A0
:1066B00043EA02434CF8043B4FEA224ADBD255F846
:1066C0000B302BB9019B043B9D421A462ED33C61F3
:1066D000384601F051FB002824DB013628464FF0F4
:1066E000000C58F8042BD0F800E093B2ACEB030395
:1066F000120C13FA8EF3C2EB1E4202EB23429BB242
:1067000043EA0243C14540F8043B4FEA224CE8D239
:1067100055F8242005EB840322B9043B9D421A4618
:106720000AD33C61304603B0BDE8F08F1268043BE9
:10673000002ACCD1013CC7E71268043B002AF0D103
:10674000013CEBE70020EEE72DE9F04F2DED048B47
:1067500057EC106B93B0456ADDF88080069110EE1F
:1067600010AA044609920C93BB4675B9102001F09B
:1067700003F80246606220B9A74BEA21A748FEF75A
:106780001DFFC0E901550560C560636A196851B114
:106790005A684A60012393408B60204601F0AAF8B2
:1067A000636A00221A603B1EAABF002323F0004B3D
:1067B000C8F800309A4BBCBF0122C8F8002033EA69
:1067C0000B031BD10C9A42F20F731360CBF313032C
:1067D000334300F09285219B63B9924B22E0924BA8
:1067E00001930833219A1360019813B0BDEC048B18
:1067F000BDE8F08F8B4B01930333F3E700220023B6
:106800005046594615F06EFC4BEC19AB804658B11A
:106810000C9A01231360219B002B00F06B858348A9
:106820001860431E0193DFE74BEC10AB10AA11A9CF
:10683000204601F047FBCBF30A5508EE100A002D65
:1068400000F0848019EE903AC3F3130343F07F57AE
:10685000564647F44017A5F2FF35CDF83880744B03
:1068600000223046394615F01DF865A3D3E9002310
:1068700015F0D0F964A3D3E9002315F015F8064606
:1068800028460F4615F05CF961A3D3E9002315F003
:10689000C1F902460B463046394615F005F8064662
:1068A0000F4615F067FC0022009000233046394661
:1068B00015F022FC50B1009815F042F932463B46E3
:1068C00015F010FC10B9009B013B0093009B162BA8
:1068D0005AD8009A574B03EBC203D3E9002351EC7B
:1068E000190B15F009FC002850D0009B013B0093C8
:1068F00000230B93109B5D1B6B1E059345BFC5F1D9
:1069000001030493002300234CBF05930493009BD1
:10691000002B3DDB059B009A0A921344059300234C
:106920000793069B092B00F28980052BC4BF043B0B
:106930000693069BA3F10203CCBF00250125032B80
:1069400000F28780DFE803F02D3A3859DDE9105373
:106950001D4405F23243202BC1BFC3F1400305F2B1
:1069600012400BFA03F326FA00F0DABFC3F120035A
:1069700006FA03F0184315F0D3F801230646A1F1F7
:10698000F877013D0E936AE70123B2E70B90B1E778
:10699000049B009A9B1A04935342079300230A9383
:1069A000BFE700230893099B002B55DC0123CDE9A9
:1069B00002331A4609920CE00123F3E70023099AF7
:1069C0000893009B134402930133012B0393B8BF38
:1069D0000123606A00224260042202F114069E42F2
:1069E00041683DD9204600F045FF019000283BD189
:1069F000114B02464FF4D571C0E60123DFE700BF1B
:106A000061436F63A787D23FB3C8608B288AC63FB4
:106A1000FB799F501344D33F470405005E040500F3
:106A20000000F07F430405003A040500160305004A
:106A30000000F83FB0050500B8040500012500235B
:106A4000069308954FF0FF33CDE90233002212235D
:106A5000B0E701230893F5E7099BCDE90233B8E7D6
:106A6000013141605200B8E7636A019A1A60039BE2
:106A70000E2B00F29D80002D00F09A80009B002BD1
:106A800032DDB74A03F00F0302EBC303D3E90089F9
:106A9000009BD8054FEA231716D5B24B51EC190BC2
:106AA000D3E9082315F0E0F907F00F0782468B467B
:106AB0000325AC4E57B942464B465046594615F051
:106AC000D3F982468B4628E00225F2E7F90708D57C
:106AD00040464946D6E9002315F09CF8013580462A
:106AE00089467F100836E5E700F09B80009B9D4FAC
:106AF0005E429B4B06F00F0203EBC203D3E9002377
:106B000051EC190B15F086F8361182468B4600239E
:106B10000225002E7AD1002BD3D10B9B002B00F045
:106B20008280914B00225046594615F0E5FA002824
:106B300079D0039B002B76D0029B002B36DD009B87
:106B4000504659465F1E0022884B15F063F8029E9E
:106B500082468B460135284614F0F2FF52465B46CA
:106B600015F058F8824B002214F09EFED046D9460C
:106B70008246A1F1507B002E58D17E4B0022404628
:106B8000494614F08FFE52465B468046894615F012
:106B9000D1FA002840F0958252460BF1004340465E
:106BA000494615F0A9FA002840F089825BEC19AB40
:106BB000119B002BC0F24881009A0E2A00F34481F9
:106BC000674B03EBC203D3E90089099B002B80F2DA
:106BD000D580039B002B00F3D18040F06F82654B82
:106BE00000224046494615F015F852465B4615F01E
:106BF00097FA039E3746002840F04582019D3123D5
:106C000005F8013B009B0133009340E2F20705D5F4
:106C1000D7E9002314F0FEFF013501237610083771
:106C200077E7022579E7009F039E94E701994C4B93
:106C300031440D91089903EBC60353E9022300295F
:106C400043D04D49002015F00FF952465B4614F031
:106C500029FE019D82468B464946404615F08AFA38
:106C6000064614F06DFF02460B464046494614F0B6
:106C700019FE303605F8016B52465B468046894660
:106C800015F03AFA002863D142464B4636490020B7
:106C900014F008FE52465B4615F02EFA002840F02C
:106CA000B5800D9B9D4281D0304B00225046594605
:106CB00014F0B0FF2D4B82468B46404649460022D9
:106CC00014F0A8FF80468946C6E75046594614F09E
:106CD000A1FF0D9B019D0F9382468B46494640467E
:106CE00015F048FA064614F02BFF303602460B46E4
:106CF0004046494614F0D6FD05F8016B0D9B9D42B8
:106D0000804689464FF0000224D11B4B504659461D
:106D100014F0CAFD02460B464046494615F00AFAF1
:106D2000002873D152465B461349002014F0BAFD87
:106D300002460B464046494615F0DEF900283FF46E
:106D400035AF0F9D6B1E0F9315F8013C302BF8D01B
:106D5000009749E0054B14F05DFF80468946BDE78A
:106D6000B0050500880505000000F03F0000244044
:106D700000001C40000014400000E03F019D56460A
:106D80005F4642464B463046394615F06DF815F0E1
:106D9000F1F9824614F0D4FE42464B4614F03AFF15
:106DA00002460B46304639460AF1300614F07AFDA9
:106DB00005F8016B019E039FAE1BB74202460B46CE
:106DC00035D114F071FD42464B4606460F4615F08C
:106DD000B1F9D0B942464B463046394615F082F9F2
:106DE00010B11AF0010F10D1204618EE101A00F061
:106DF00081FD002300982B700C9B01301860219BB3
:106E0000002B3FF4F1AC1D60EEE4009F2B461D46C5
:106E100013F8012D392A06D1019A9A42F7D1019926
:106E2000302201370A701A7801321A7090E7A64BA7
:106E3000002214F0EFFE0022002306460F4615F054
:106E400051F900289DD0CFE7089A002A00F0D7809A
:106E5000069A012A00F3BA800E9A002A00F0B28046
:106E600003F23343079E049D049A1A440492059A40
:106E700001211A442046059200F0F4FD0746002D3A
:106E80000CDD059B002B09DDAB42049AA8BF2B4605
:106E9000D21A0492059AED1AD31A0593079B1BB3D5
:106EA000089B002B00F0AF80002E13DD39463246E0
:106EB000204600F097FE18EE102A014607462046AD
:106EC00000F0E6FD18EE101A8046204600F012FD94
:106ED00008EE108A079B9A1B06D018EE101A20465F
:106EE00000F080FE08EE100A0121204600F0BAFDF5
:106EF0000A9B002B064640F388801A46014620462E
:106F000000F070FE069B012B064640F381804FF097
:106F10000008336906EB8303186900F053FDC0F1E4
:106F20002000059B184410F01F0000F09280C0F173
:106F30002003042B40F38A80C0F11C00049B03440F
:106F40000493059B034405440593049B002B07DD34
:106F500018EE101A1A46204600F09EFE08EE100A9F
:106F6000059B002B05DD31461A46204600F094FEB5
:106F700006460B9B002B6ED018EE100A314600F02F
:106F8000FBFE002867DA009B013B18EE101A009305
:106F90000A220023204600F0CFFC089B08EE100ACE
:106FA000002B00F0B181002339460A22204600F070
:106FB000C3FC029B002B074600F38E80069B022B2E
:106FC00051DC89E0109BC3F136034BE7039B5E1E47
:106FD000079BB342BFBF079B0796F21A0A9BB6BF37
:106FE0009B189E1B0A93039BB8BF0026002BB7BFBC
:106FF000DDE90323DDE903359D1A002334E7079E0D
:10700000049D089F3BE7079A67E7069B012B18DC66
:10701000BAF1000F15D1CBF3130393B92BF0004352
:107020001B0D1B0583B1049B01330493059B0133A6
:1070300005934FF001080A9B002B7FF46AAF0120F3
:107040006FE74FF00008F6E79846F4E73FF47DAFAE
:1070500018461C3072E7039B002B37DC069B022B83
:1070600034DD039B0293029B6BB931460522204617
:1070700000F062FC0146064618EE100A00F07CFEA5
:1070800000283FF7BBAD099B019DDB4300934FF008
:1070900000083146204600F02DFC002F3FF4A4AE3E
:1070A000B8F1000F05D0B84503D04146204600F0A6
:1070B00021FC3946204600F01DFC95E600263746A7
:1070C000E1E70097374699E500002440089B002B34
:1070D00000F0CA80039B0293002D05DD39462A4645
:1070E000204600F0D9FD0746B8F1000F5BD0796863
:1070F000204600F0BFFB054628B9874B024640F208
:10710000EA21FFF73BBB3A690232920007F10C011A
:107110000C30FEF7CFFA01222946204600F0BCFDD4
:10712000019B03F10109DDE90123134405930AF0F2
:107130000103B84604930746314618EE100AFFF7DC
:1071400078FA4146029000F1300A18EE100A00F079
:1071500013FE3A4603903146204600F029FEC268ED
:1071600009F1FF3B054602BB014618EE100A00F08C
:1071700003FE024629462046079200F0BBFBDDE9EC
:10718000063243EA0201049B0B434D460FD1BAF18C
:10719000390F2AD0039B002B02DD029B03F1310A39
:1071A0008BF800A075E73846BAE70122E2E7039BB7
:1071B000002B04DB06990B4304990B4322D1002AD0
:1071C000EEDD18EE101A0122204600F065FD314672
:1071D00008EE100A00F0D0FD002803DCE0D11AF020
:1071E000010FDDD0BAF1390FD7D139238BF8003038
:1071F0002B461D46013B15F8012C392A71D001326E
:107200001A7046E7002A07DDBAF1390FEDD00AF10E
:1072100001038BF800303CE7059B09F801AC994568
:1072200047D018EE101A00230A22204600F084FBF3
:10723000B84508EE100A4FF000034FF00A0241462D
:10724000204606D100F078FB8046074609F1010987
:1072500072E700F071FB3946804600230A2220467F
:1072600000F06AFB0746F1E7039B0293019D18EECD
:10727000100A3146FFF7DDF900F1300A019B05F8ED
:1072800001ABEA1A029B934209DD18EE101A0023A3
:107290000A22204600F050FB08EE100AE7E7029BA6
:1072A000002BC8BF1D46019BD8BF01251D444FF0D0
:1072B000000818EE101A0122204600F0EDFC3146BD
:1072C00008EE100A00F058FD002891DC02D11AF0F7
:1072D000010F8DD12B461D4613F8012D302AFAD00F
:1072E000D7E6019A9A4284D1009B0133009331235F
:1072F0001370CEE6094BFFF795BA219B002B7FF464
:107300006EAA074BFFF78EBA029B002BAEDC069BE2
:10731000022B3FF7A8AEA9E7B80405001503050046
:107320003A040500014B1868704700BF2444002050
:107330008A892DE9F041054610070C4658D44B6860
:10734000002B05DC0B6C002B02DC0020BDE8F0817B
:10735000E66A002EF9D0002312F480522F682B60C9
:1073600032D0606DA3895A0705D56368C01A636B74
:107370000BB1236CC01A00230246E66A216A284634
:10738000B047431CA38906D129681D292CD82A4A55
:10739000CA40D60728D500226260D904226922603B
:1073A00004D5421C01D12B6803B96065616B2F6065
:1073B0000029CAD004F14403994202D0284600F0C3
:1073C000F3FD00206063C1E7216A01232846B0472E
:1073D000411CC7D12B68002BC4D01D2B01D0162B0C
:1073E00001D12F60B1E7A38943F04003A381ADE74A
:1073F0000F69002FA9D093070E6808BF4B690F6073
:1074000018BF0023A6EB07088B60B8F1000F9CDDC6
:10741000216AA66A43463A462846B047002806DC59
:10742000A38943F04003A3814FF0FF308EE7074468
:10743000A8EB0008E9E700BF0100402038B50B6960
:1074400005460C4613B90025284638BD18B1836996
:107450000BB900F087F8144B9C421BD16C68B4F94F
:107460000C30002BEFD0626ED00704D4990502D403
:10747000A06D00F01AF928462146FFF759FF636E08
:10748000DA070546E0D4A3899B05DDD4A06D00F0A2
:107490000DF9D9E7054B9C4201D1AC68DFE7044BFD
:1074A0009C4208BFEC68DAE7EC0405000C05050017
:1074B000CC040500002310B50446C0E90033C0E940
:1074C0000433836081814366C28183611946082247
:1074D0005C30FEF7FDF8054B6362054BA362054B7C
:1074E000E362054B2462236310BD00BF25850300C2
:1074F000478503007F850300A3850300014900F051
:10750000AFB800BF3D74030070B568224D1E5543EF
:107510000E4605F1740100F0B3FD044640B10021B0
:10752000C0E900160C30A06005F16802FEF7D0F843
:10753000204670BD014800F0B8B800BF2D610020A2
:10754000014800F0B3B800BF2D610020014800F0F1
:10755000ACB800BF2E610020014800F0A7B800BF02
:107560002E61002010B50446FFF7F0FFA3691BB1A0
:10757000BDE81040FFF7F0BFC4E912332365134B99
:10758000134A1B68A262A34204BF0123A3612046E1
:1075900000F020F86060204600F01CF8A060204653
:1075A00000F018F80022E06004216068FFF782FF15
:1075B000A06801220921FFF77DFFE0680222122165
:1075C000FFF778FF0123A361D2E700BFF0020500B7
:1075D000FD740300F8B50746FFF7ACFF1E4B1E68AD
:1075E000B36913B93046FFF7BDFF4836D6E9013419
:1075F000013B03D533680BB33668F7E7B4F90C5099
:10760000D5B9164BE36004F15800656600F04CF8FC
:10761000FFF796FFC4E90155C4E904552560A5614B
:107620000822294604F15C00FEF752F8C4E90D5522
:10763000C4E912552046F8BD6834D9E7042138461C
:10764000FFF762FF044630600028D5D1FFF778FFCE
:107650000C233B60EEE700BFF00205000100FFFFD6
:107660002DE9F8430646884600F148040027D4E98E
:107670000195B9F1010905D52468002CF7D13846E8
:10768000BDE8F883AB89012B07D9B5F90E3001337A
:1076900003D029463046C04707436835E9E7000074
:1076A000004870477845002070477047704770B5B4
:1076B0000E46B1F90E10002996B014461D4608DAA0
:1076C000B6F90C3000222A601A0610D44FF48063F9
:1076D0000EE06A4600F08CFF0028F1DB019A02F40C
:1076E0007042A2F500535A425A412A60EEE7402305
:1076F0000020236016B070BD8B8973B59D070646C8
:107700000C4607D504F1470323602361012363611D
:1077100002B070BD01AB6A46FFF7C9FF009905468C
:10772000304600F0ADFC48B9B4F90C309A05EFD4FE
:1077300023F0030343F00203A381E3E70D4BB3629D
:10774000A389206043F08003A381009B6361019BB8
:1077500020615BB1B4F90E10304600F05BFF28B138
:10776000A38923F0030343F00103A381A089054308
:10777000A581CDE7FD740300024B0146186800F0B7
:107780007FBC00BF24440020024B0146186800F073
:107790000BBC00BF244400200000000000000000DB
:1077A00001F0FF01102A2BDB10F0070F08D010F8B2
:1077B000013B013A8B422DD010F0070F42B3F6D1B6
:1077C000F0B441EA012141EA014122F007047FF0CF
:1077D00000070023F0E80256083C85EA010586EA26
:1077E000010685FA47F5A3FA87F586FA47F6A5FA62
:1077F00087F68EB9EED1F0BC01F0FF0102F007026E
:1078000032B110F8013B013A83EA010313B1F8D118
:107810000020704701387047002D06BF35460338F9
:10782000073815F0010F07D1013015F4807F02BF32
:10783000013015F4C03F0130F0BC0138704700BF83
:10784000884210B501EB020402D98442234607D8CE
:10785000431EA14208D011F8012B03F8012FF8E7CD
:10786000024401468A4200D110BD13F8014D02F8CE
:10787000014DF7E770B5466A04460D4676B910200B
:10788000FFF77AFF0246606220B9184B184866215C
:10789000FDF794FEC0E901660660C660666AF3689B
:1078A00083B1636ADB6853F82500B8B9012101FA96
:1078B00005F6721D9200204600F060FB60B1C0E941
:1078C00001560EE021220421204600F057FB636A96
:1078D000F060DB68002BE4D1002070BD026843F843
:1078E00025200023C0E90333F7E700BF4704050064
:1078F0002C05050070B5466A05460C4676B9102081
:10790000FFF73AFF0246686220B9094B09488A210D
:10791000FDF754FEC0E901660660C6603CB16B6AC3
:107920006268DB6853F82210216043F8224070BD82
:10793000470405002C0505002DE9F0410D690746B7
:107940000C461E4601F1140C0020DCF8003099B200
:1079500002FB01611E0C0B0C02FB063389B20130E5
:1079600001EB034185424CF8041B4FEA1346ECDC63
:107970000EB3A368AB4219DC616838460131FFF7EA
:1079800079FF804628B902460C4B0D48B521FDF71A
:1079900015FE2269023204F10C0192000C30FDF751
:1079A00089FE21463846FFF7A5FF444604EB8503D0
:1079B00001355E6125612046BDE8F081B80405000F
:1079C0002C050500030C1B04D3B90004102310F090
:1079D0007F4F04BF0002083310F0704F04BF000156
:1079E000043310F0404F04BF80000233002805DB51
:1079F00010F0804F03F1010308BF202318467047A1
:107A00000023E4E7036813F0070201460BD0DA070E
:107A100023D4980749BF5B089B0801200B605CBF1B
:107A20000B600220704798B2A8B91B0C1020DAB284
:107A30000AB908301B0A1A0704BF1B0904309A0749
:107A400004BF9B080230DA0703D45B0800F1010091
:107A500005D00B6070471046E9E7002070472020F2
:107A60007047000010B50C460121FFF703FF0246E6
:107A700028B9054B05484FF4A071FDF79FFD012380
:107A80004461036110BD00BFB80405002C0505006A
:107A90002DE9F04F91460A69D9F810309A42B8BFE3
:107AA0000B460C46BCBF4C4699462769D9F810A036
:107AB000A368616807EB0A06B34285B0B8BF01311D
:107AC000FFF7D8FE30B90246444B454840F25D11FD
:107AD000FDF774FD00F1140505EB86082B46002226
:107AE000434521D304F1140303EB870709F1140381
:107AF00003EB8A0202923A1B153A22F00302043287
:107B000004F115018F4238BF04220192029A0393B7
:107B10009A420CD8002E03DD58F8043D002B5AD0B1
:107B2000066105B0BDE8F08F43F8042BD8E7B3F841
:107B300000A0BAF1000F24D004F1140EA9464FF0B2
:107B4000000C5EF8042BD9F800101FFA82FB89B2F2
:107B50000AFB0B114FEA124BD9F8002061444FEA9F
:107B6000124C0AFB0BC202EB114289B241EA0241FC
:107B7000774549F8041B4FEA124CE2D8019A45F8C0
:107B800002C0039AB2F802900433B9F1000F20D07A
:107B9000296804F1140CAE464FF0000ABCF800B09E
:107BA000BEF8022009FB0B22924489B241EA0A4145
:107BB0004EF8041B5CF8042BBEF80010120C09FBF5
:107BC000021101EB1A4167454FEA114AE6D8019AC2
:107BD000A95004359AE7013E9CE700BFB8040500B0
:107BE0002C0505002DE9F843154612F00302064660
:107BF0000F4607D0254C013A002354F82220FFF706
:107C00009BFE0746AD103DD0746A7CB91020FFF78B
:107C1000B3FD0246706228B91D4B1E484FF4D77160
:107C2000FDF7CCFCC0E901440460C460D6F82480B0
:107C3000D8F808404CB940F271213046FFF712FFE6
:107C40000023C8F80800044603604FF00009EB0762
:107C50000AD5394622463046FFF71AFF3946804694
:107C60003046FFF747FE47466D100BD0206838B905
:107C7000224621463046FFF70BFF2060C0F80090F7
:107C80000446E4E73846BDE8F88300BF78060500FF
:107C9000470405002C0505002DE9F0470C4649680E
:107CA000236903EB6218A368074691464FEA621AFC
:107CB00008F10106B3420BDB3846FFF7DBFD054652
:107CC00048B902462A4B2B4840F2D911FDF776FC01
:107CD00001315B00EEE7002300F1140100F1100216
:107CE0001846534537DB20692AEAEA7A04F114037F
:107CF00019F01F0901EB8A0103EB80002FD0C9F1B5
:107D0000200E8A464FF0000C1A6802FA09F242EA85
:107D10000C024AF8042B53F8042B984222FA0EFC6A
:107D2000F2D8031B153B23F00303043304F11502BF
:107D3000904238BF042341F803C0BCF1000F01D0CA
:107D400008F10206013E38462E612146FFF7D2FDBA
:107D50002846BDE8F08742F8040F0133C1E7043933
:107D600053F8042B41F8042F9842F9D8EAE700BFF2
:107D7000B80405002C05050030B502690C69121B1A
:107D80000ED100F11403143103EB840001EB8401E4
:107D900050F8045D51F8044DA54203D005D30122EB
:107DA000104630BD8342F3D3FAE74FF0FF32F7E7D6
:107DB0002DE9F84F0C460646114620469046FFF73F
:107DC000DBFF051E10D129463046FFF753FD30B9C1
:107DD0003A4B024640F232213948FDF7EFFB0123CE
:107DE000C0E90435BDE8F88FA4BF4346A04630463D
:107DF000D8F80410A6BF1C4600250125FFF73AFD60
:107E000020B92E4B02464FF41071E5E7D8F81070F8
:107E10002669C56004F1140908F1140500F1140E77
:107E200005EB870C09EB860608F11002F2460021EB
:107E300059F8043B52F804BF1FFA83F811FA8BF18A
:107E40001B0CA1EB0808C3EB1B4303EB28431FFAF1
:107E500088F819144E4548EA03434AF8043BE7D82A
:107E6000331B153B23F0030304331534A64238BFFC
:107E700004231D4473449E462E4666450ED30CF1E2
:107E80000302521B22F00302033DAC4538BF00221F
:107E90001A4452F8043D7BB10761A3E756F8048BFE
:107EA00011FA88F2141404EB184492B242EA044224
:107EB0004EF8042B2114E0E7013FEAE7B80405007F
:107EC0002C0505002DE9F7438946012157EC106B7D
:107ED0009046FFF7CFFC044630B90246254B2648B2
:107EE00040F20A31FDF76AFBC7F30A55C7F31303E3
:107EF00035BB002E019328D068460096FFF782FD1F
:107F0000009900B3019AC0F1200302FA03F30B4376
:107F1000C24063610192019BA361002B14BF022246
:107F200001222261D5B1A5F233450544C9F80050BC
:107F3000C0F13500C8F80000204603B0BDE8F0836A
:107F400043F48013D5E76161E5E701A8FFF75AFD27
:107F5000019B6361012222612030E3E704EB82038D
:107F6000A0F23240C9F800001869FFF72BFDC0EB02
:107F70004210DFE7B80405002C05050037B5A1FB6A
:107F800002244CB91146019200F07AF8019A054694
:107F900030B9284603B030BD0C2202600025F8E756
:107FA0002146FDF795FBF4E737B5002944D051F899
:107FB000043C0190002BA1F10404B8BFE41800F0C8
:107FC0005DFB1E4A0198136833B96360146003B007
:107FD000BDE8304000F058BBA34208D925686119BC
:107FE0008B4201BF19685B6849192160EDE71A46A9
:107FF0005B680BB1A342FAD911685518A5420BD1A1
:10800000246821445418A3421160E0D11C685B68C5
:10801000536021441160DAE702D90C230360D6E7EC
:10802000256861198B4204BF19685B68636004BFEF
:10803000491921605460CAE703B030BD30610020A7
:1080400070B50E4E0C463168054611B900F016FAAF
:1080500030602146284600F011FA431C0AD0C41CA7
:1080600024F00304A04207D0211A284600F006FAA3
:10807000013001D14FF0FF34204670BD3461002043
:108080002DE9F041CD1C25F0030508350C2D38BF36
:108090000C25002D074601DBA94205D90C233B60C6
:1080A00000263046BDE8F0812E4E00F0E7FA336836
:1080B0001C4634BB29463846FFF7C2FF431C044622
:1080C0004DD134682646002E40D1236831463846CB
:1080D00004EB030800F0D2F980453AD1216803355A
:1080E0006D1A25F0030508350C2D38BF0C252946DF
:1080F0003846FFF7A5FF01302BD023682B442360BF
:108100000EE02268521B1ED40B2A16D96119A34215
:10811000256018BF5960636808BF316062514B60C9
:10812000384604F10B0600F0AFFA26F00706231DCF
:10813000F21AB6D09B1BA350B3E76268A3420CBFF0
:1081400032605A60ECE723466468B2E734467668EA
:10815000B9E70C233B60384600F096FAA1E72560AA
:10816000DEE700BF306100202DE9F0418046144673
:108170000E4621B9BDE8F0411146FFF781BF2AB98B
:10818000FFF712FF25462846BDE8F08100F082FA8D
:108190008442074602D8B4EB500F12D8214640461D
:1081A000FFF76EFF05460028EDD0BC42224631465F
:1081B00028BF3A46FDF77EFA31464046FFF7F4FE07
:1081C000E1E73546DFE72DE9F0478E689E428246BB
:1081D0000C4690461F4638D88A8912F4906F32D0E8
:1081E00025680969A5EB0109656905EB450505EBFE
:1081F000D57501334B446D109D4238BF1D46530564
:1082000031D52946FFF73CFF064650B90C23CAF882
:108210000030A38943F04003A3814FF0FF30BDE855
:10822000F08721694A46FDF745FAA38923F4906354
:1082300043F08003A381266165614E44A5EB0905E7
:108240002660A5603E46BE4200D93E4620683246C2
:108250004146FFF7F5FAA3689B1BA36023683344EC
:1082600023600020DBE72A46FFF77EFF0646002852
:10827000E1D121695046FFF797FEC7E72DE9F04F9E
:1082800098468B891B069DB007460D4614460ED5B1
:108290000B6963B94021FFF7F3FE2860286120B91C
:1082A0000C233B604FF0FF30D1E040236B61002393
:1082B000099320238DF82930CDF80C803023DFF886
:1082C000A8818DF82A304FF0010923469A4613F809
:1082D000012B0AB1252AF9D1BAEB040B0BD05B466E
:1082E000224629463846FFF76EFF013000F0AA808B
:1082F000099A5A4409929AF80030002B00F0A280A3
:1083000000234FF0FF32CDE905230AF1010A04935F
:1083100007938DF853301A935446052214F8011B25
:108320005148FFF73DFA049AD8B9D00644BF20233C
:108330008DF85330110744BF2B238DF853309AF832
:1083400000302A2B15D0079A544600204FF00A0C13
:10835000214611F8013B303B092B4ED9B0B10792B1
:1083600014E0A0EB080309FA03F313430493A246B5
:10837000D2E7039B191D1B680391002BBBBF5B4217
:1083800042F0020207930793B8BF049223782E2B82
:108390000CD163782A2B35D1039B1A1D1B680392DD
:1083A000002BB8BF4FF0FF3302340593DFF8C8A0AD
:1083B000217803225046FFF7F3F940B14023A0EBA8
:1083C0000A0003FA00F0049B03430134049314F8F9
:1083D000011B26488DF828100622FFF7E1F9002836
:1083E00038D0234B1BBB039B073323F00703083311
:1083F0000393099B3344099367E70CFB02320C4655
:108400000120A5E700230134059319464FF00A0C1B
:10841000204610F8012B303A092A03D9002BC5D089
:108420000591C3E70CFB012104460123F0E703ABF0
:1084300000932A460F4B04A93846FDF74BFB421C1C
:108440000646D6D1AB895B063FF52CAF09981DB027
:10845000BDE8F08F03AB00932A46064B04A93846CB
:10846000FDF7DCFDEBE700BFF4020500FE020500AE
:10847000D55A0300C7810300FA02050038B5064D3E
:108480000023044608462B6000F064F9431C02D127
:108490002B6803B1236038BD386100201F2938B52F
:1084A00004460D4604D9162303604FF0FF3038BD53
:1084B000426C12B152F821304BB9204600F030F82E
:1084C0002A4601462046BDE8384000F017B8012B87
:1084D0000AD0591C03D1162303600120E7E70024CA
:1084E00042F82540284698470020E0E7024B014625
:1084F0001868FFF7D3BF00BF2444002038B5074DEC
:1085000000230446084611462B6000F00BF9431C7B
:1085100002D12B6803B1236038BD00BF3861002051
:1085200000F0F0B810B50C46B1F90E1000F0BAF832
:108530000028ABBF636DA3891B1823F48053ACBF25
:108540006365A38110BD2DE9F0411F468B89DB05D2
:1085500005460C46164605D5B1F90E100223002239
:1085600000F068F8A389B4F90E1023F48053A381B6
:1085700032463B462846BDE8F04100F017B810B53A
:108580000C46B1F90E1000F055F8431CA38915BF35
:10859000606523F4805343F48053A38118BFA38103
:1085A00010BDB1F90E1000F013B8000038B5074D3A
:1085B00004460846114600222A601A4600F0D8F800
:1085C000431C02D12B6803B1236038BD3861002001
:1085D00038B5064D0023044608462B6000F082F8AB
:1085E000431C02D12B6803B1236038BD38610020E1
:1085F00038B5074D00230446084611462B6000F0AD
:1086000079F8431C02D12B6803B1236038BD00BF49
:108610003861002038B5064D0023044608462B601B
:1086200000F078F8431C02D12B6803B1236038BDF9
:108630003861002038B5074D04460846114600222F
:108640002A601A4600F076F8431C02D12B6803B169
:10865000236038BD3861002082B001B901A942B160
:108660004BB113780B601278101E18BF012002B0B6
:1086700070471046FBE76FF00100F8E70148FFF78D
:1086800014B800BF2C6100200148FFF70FB800BFED
:108690002C61002051F8043C181F002BBCBF0B5864
:1086A000C018704738B5074D0446084611460022E9
:1086B0002A601A4600F046F8431C02D12B6803B129
:1086C000236038BD3861002049B1FF2A85BF8A2365
:1086D00003600A704FF0FF3098BF012070470846D2
:1086E00070470000024B58221A604FF0FF3070476D
:1086F00038610020024B58221A604FF0FF3070475B
:1087000038610020024B58221A604FF0FF3070474A
:1087100038610020024B58221A600020704700BFC9
:1087200038610020024B58221A604FF0FF3070472A
:1087300038610020024B58221A604FF0FF3070471A
:1087400038610020024B58221A604FF0FF3070470A
:1087500038610020044A05491368002B08BF0B4606
:1087600018441060184670473C61002008770120CB
:10877000024B58221A604FF0FF30704738610020DA
:10878000FEE700BF38B5054600F03AFB044698B94D
:108790000A48F3F777FC044660B9EDF7D7F90446C9
:1087A00030B92846EAF71CFD044628B1ECF706FE6E
:1087B000F3F78AFC00F0FEFA204638BD00400020A6
:1087C0007FB50C4669461646EAF7ABFD054600281C
:1087D00038D1029800F0BEFB01280FD0022820D02B
:1087E0001A4B1B481B4A1C49C01AC008000440F021
:1087F00001000EF021FF6FF011050FE0174BA3668B
:108800004FF6FF736066A4F86C3084F86E302EB1BA
:1088100094F85D3043F00A0384F85D30284604B0D4
:1088200070BD0F4B0122C4E919234FF6FF73A4F862
:108830006C3084F86E30002EF0D094F85D3023F068
:108840000E03E9E76FF00805E8E700BF34220500F2
:108850006C220500B30805009AC604000201FFFF60
:108860000001FFFF70B5164692F8442004460D46FD
:10887000EBF72EFE002840F0B58096F845202946FB
:108880002046EBF736FE002840F0AC8096F84820F2
:1088900029462046EBF760FE002840F0A38096F8BA
:1088A0004A2029462046EBF768FE002840F09A80CF
:1088B00096F8602029462046EBF73DFE002840F060
:1088C0009180327829462046EBF73CFD002840F0A5
:1088D0008980727829462046EBF744FD002840F055
:1088E0008180327929462046EBF75EFD002879D158
:1088F00096F8462029462046EBF70CFE002871D159
:10890000B26A29462046EBF770FD00286AD1326B27
:1089100029462046EBF779FD002863D1F26A294603
:108920002046EBF782FD00285CD1B278294620462C
:10893000EBF729FD002855D196F838202946204626
:10894000EBF793FD00284DD1726B29462046EBF7DB
:108950007CFD002846D196F83C2029462046EBF7BE
:10896000A6FD00283ED106F14B0229462046EBF732
:1089700058FEB8BB96F85D2029462046EBF70EFE60
:1089800080BB96F83B2029462046EBF77FFD48BB8D
:1089900096F8B02029462046EBF722FE10BB96F849
:1089A0005C2029462046EBF70AFED8B9F288294612
:1089B0002046EBF70AFDA8B9B26906F1080329467B
:1089C0002046EBF7D7FE68B906F164022946204637
:1089D000EBF754FE30B9294620462822BDE8704006
:1089E000EBF70FBE70BD0000F8B5054617461E46F2
:1089F0000C4651B92248234B2349C01AC008000431
:108A000040F001000EF014FE10E00B68B3F5004FCB
:108A10000ED91B481B4B1D49C01AC00800044FF457
:108A2000004240F001000EF007FE00242046F8BD91
:108A30004B79022B0AD0134B11481549C01AC008B4
:108A4000000440F001000EF0F3FDEEE7E3F752FF03
:108A5000044678B9E3F764FF044630B90848094B87
:108A60000C49C01AC0080004CAE70B4A1378037007
:108A7000591C11700123C4E9017665702374D5E790
:108A80006C22050034220500D6080500E608050022
:108A90000E0905003609050040610020F8B50C46B6
:108AA0001746064660B91E481E4B1F49C01AC0082B
:108AB000000440F001000EF0BBFD6FF00A00F8BDAD
:108AC00059B34078E3F716FF054658B91548144BDB
:108AD000727816491B1ADB081B0443F001000EF0E4
:108AE000ABFDEAE7124E47743368124AD3F8080523
:108AF000D3F80475013000234FF40041B1FBF0F1CD
:108B0000A1FB040113F0FEFB2978E860C2190123E0
:108B100030460CF0B1FB0020D1E70846CFE700BF9C
:108B20006C2205003422050071090500800905004A
:108B30000C40002040420F0010B5044660B91148B7
:108B4000114B1249C01AC008000440F001000EF099
:108B50006FFD6FF00A0010BD4078E3F7CBFE58B907
:108B60000948084B62780A491B1ADB081B0443F0CA
:108B700001000EF061FDECE7217806480CF062FB85
:108B80000020E8E76C220500342205007109050089
:108B90009D0905000C40002029DF704728DF704741
:108BA000F7B553074FEA9205019148BF01350446D6
:108BB000E4F7ECFB4FF0805306461F690EF0F0F926
:108BC000019970B1B4FBF7F0FFF7E8FF01992A466D
:108BD0002046FFF7E1FF3046E4F7DDFB002003B05D
:108BE000F0BD204601910CF0A3FC01992A462046D5
:108BF0000CF0BAFCEFE76FF01100704710B50A4CAB
:108C00000A4B23630A4B2146186812F0A5FA4FF469
:108C100010612046E3F73AFF04F118004FF41061A9
:108C2000BDE81040E3F732BFF84500200048E801F6
:108C3000206200200349044B0B63044B186812F0B8
:108C40008BBA00BFF845002000093D0020620020DB
:108C5000E3F7CEBE10B586B00E4B01930E4B0491D8
:108C6000CDE90230002305930C4B01A9186812F0DE
:108C70007DFB044650B10A480A4B0B491B1ADB081E
:108C80001B04224643F001000EF0D6FC204606B03D
:108C900010BD00BFEC620020246200202062002092
:108CA000342205006C220500B9090500F8B5141836
:108CB000C82C054616461F4618DC0E4B02461846C1
:108CC000FCF7F8FC324600212844FCF701FDA1B274
:108CD0000846FFF7BFFF044608B12046F8BD064925
:108CE000324629443846FCF7E5FCF6E76FF0100001
:108CF000F4E700BFEC62002024620020F8B51518EC
:108D0000C82D044616461F460EDC094B024618467F
:108D1000FCF7D0FC394632462044FCF7CBFCA9B224
:108D20000846FFF797FFF8BD6FF01000FBE700BFA4
:108D3000EC62002007B5002309488DF807300DF1DB
:108D40000701E3F7E7FE28B1064B074A07489521DC
:108D5000FCF734FC9DF8070003B05DF804FB00BF8E
:108D6000D80A0500D5090500AD0A0500D809050097
:108D700008B5FFF7DFFF00B908BD0BF0CDF9F8E744
:108D800008B506484FF40071E3F780FE28B9BDE846
:108D9000084003490148E3F7DBBE08BDD80A0500D7
:108DA0000862010002484FF48051E3F7D1BE00BFD2
:108DB000D80A050008B5FFF7F5FF28B9034B186876
:108DC000BDE8084012F0BCBA08BD00BF2062002018
:108DD00010B50A4C4FF4A0612046E3F757FE01207E
:108DE000E4F79CFB4FF400712046E3F74FFE0120AF
:108DF000E4F794FBBDE81040FFF71CBFEC0A050048
:108E000038B5FFF7CFFF0446B0B9FFF7E1FF052003
:108E1000E4F784FB274812F071F9274A106068B91B
:108E2000264B27482749C01AC008000440F001001B
:108E30000EF0FEFB6FF01804204638BD224912F0F8
:108E40008BF9044650B11E481C4B2049C01AC0087B
:108E5000000440F001000EF0EBFBEDE71C4DFFF7C6
:108E6000E9FE1C4B2B601C4B6B601C4B2B611C4B9D
:108E7000EB6022461B4B1C491C48AB60E3F704FF28
:108E8000044680B91A481B4BFF22C0E9003583F81D
:108E90005820194B8360194BC360012303740AF0F7
:108EA000C9FE04B2C8E70648044B1549C01AC008F9
:108EB0000004CEE7E40A0500206200203422050009
:108EC0006C220500520A0500F84500206B0A0500D7
:108ED0000C620020AD8C0300FD8C0300FD8B0300B1
:108EE000358C0300F78B0300718D0300D80A050051
:108EF000F861002048610020518C0300F4450020F7
:108F0000890A050010B504460AF008FF0B4B984289
:108F10000BD008D8103B984207D00233984209D0B2
:108F20006FF00B0010BD064BF8E740F69803238066
:108F30000020F7E740F64853F9E700BF1203CADE06
:108F40001403CADE014B0360704700BFD00A05005E
:108F5000022070470A4B98420ED008D8103B984226
:108F60000CD0023398420CBF022000207047054B02
:108F7000C31A584258417047012070470220704779
:108F80001203CADE1403CADEE3F702BFE3F710BF21
:108F9000E3F723BFE3F72CBFE3F744BFE3F75CBF7E
:108FA00008B5E3F763FF08BD1FB5099C0394089C4F
:108FB0000294079C0194069C0094E3F789FF04B097
:108FC00010BD1FB5099C0394089C0294079C019452
:108FD000069C0094E3F7A3FF04B010BDE3F7CABFFB
:108FE00008B50022E3F7AAFF08BD08B50122E3F7A0
:108FF000A5FF08BD08B5E3F7BFFF08BD38B50420DD
:10900000E4F7A2F8044648B1012000F0C7FA05468B
:10901000206018B92046E4F7D5F82C46204638BD24
:1090200010B5044638B1006800F088FC2046BDE861
:109030001040E4F7C7B810BD37B50C460546E0B19F
:10904000E4F728FB60B100212868019101AA00F033
:109050001FFC002814BF00206FF00B0003B030BDD0
:10906000631C05D024B14FF47A735C43B4FBF3F472
:109070002868214600F076FBEBE76FF00A00EDE789
:1090800013B50446B0B1E4F705FB034660B1002315
:109090002068019301A900F0C2FA002814BF002043
:1090A0006FF00B0002B010BD02460146206800F0D0
:1090B000F1F9F2E76FF00A00F4E77047704770B516
:1090C000064604200D46E4F73FF8044650B1284612
:1090D000314600F0D6F90546206018B92046E4F77D
:1090E00071F82C46204670BD10B5044638B10068B2
:1090F00000F024FC2046BDE81040E4F763B810BD42
:1091000037B50C460546E0B1E4F7C4FA60B100217A
:109110002868019101AA00F0BBFB002814BF0020C1
:109120006FF00B0003B030BD631C05D024B14FF4C9
:109130007A735C43B4FBF3F42868214600F012FB19
:10914000EBE76FF00A00EDE713B50446B0B1E4F7C2
:10915000A1FA034660B100212068019101AA00F044
:1091600097FB002814BF00206FF00B0002B010BD69
:1091700002460146206800F08DF9F2E76FF00A0020
:10918000F4E713B504464FF0FF3269462046E4F792
:1091900059FA08B102B010BD009B002BF3D0019822
:1091A0009847F0E7F7B50F46064618B90024204661
:1091B00003B0F0BD1420E3F7C7FF05460028F5D043
:1091C000032208210020E4F7D2F90446686018B9A8
:1091D0002846E3F7F7FFEAE74FF44060E3F7B4FF10
:1091E0000446286118B96868E4F7F2F9F0E74FF42B
:1091F00040630622CDE900320346084A6968084800
:10920000E4F734F90446286018B92869E3F7DAFF6F
:10921000E9E7C5E902672C46C9E700BFF80A05007F
:109220008391030020B100F108014068E4F7E2B93E
:109230006FF00A00704738B5044690B10068E4F753
:109240004AF9054680B92068E4F751F96068E4F707
:10925000BFF92069E3F7B6FF2046E3F7B3FF2846DE
:1092600038BD6FF00A05FAE70025F8E708B512F0F7
:1092700067FC064B002212F0CDFC054B002212F0D9
:10928000C9FC12F09FFF00EE100A08BD0080764076
:109290000000F03E10B5044601F046FBA46B01F05F
:1092A0004DFBB4FA84F0400910BDF8B51546026CC8
:1092B000866B044652B9076847BB406801F038F82E
:1092C000676005460136A6632846F8BD65B9806823
:1092D000FCF7F0F9A368226C13446268A360934220
:1092E000F0D32368A360EDE7C068FCF7E3F9226CD4
:1092F000E36851429B1A2268E36093423EBF636871
:109300005B18E360022D01D116B1013E0025D9E7BB
:109310003546D7E7034610B41A6C08466AB1DC68D4
:10932000596814448C4228BF1968DC6028BFD96092
:10933000D9685DF8044BFCF7BDB95DF8044B704784
:1093400070B5044601F0F0FA94F8455004F1240693
:109350006DB2002D14DCFF2384F8453001F0EEFAE5
:1093600001F0E2FA94F8445004F110066DB2002DB9
:1093700012DCFF2384F84430BDE8704001F0DEBA0F
:10938000636A002BE7D0304600F0F0FE08B100F031
:109390005DFF013D6DB2DCE72369002BE9D030466B
:1093A00000F0E4FE08B100F051FF013D6DB2DEE7D0
:1093B00038B504460D4601F0B7FAD4E90F312268FA
:1093C000A2604B43D0185B1A13446060E360002036
:1093D000FF23A06384F8443084F845309DB92369A5
:1093E0006BB104F1100000F0C1FE40B10A4B4FF028
:1093F00080525A6040BFBFF34F8FBFF36F8F01F0B1
:109400009DFA012038BD04F1100001F051FC04F177
:10941000240001F04DFCF2E700ED00E010B51C4621
:1094200083B10123002908BF2246C4E90F0184F853
:109430004630194622602046FFF7BAFF9DF80830F3
:1094400084F84C30204610BDF8B5064648435030ED
:109450000D46174601F08AFB044670B1002380F8E0
:10946000463065B100F15003C4E90F652360012166
:109470002046FFF79DFF84F84C702046F8BD034658
:10948000F2E710B502220C460021FFF7DDFF00B124
:10949000846310BD2DE9FF474FF00008DFF8F8A006
:1094A000019204460F461E46C14601F03DFAA26BEA
:1094B000E36B9A4201D3022E1AD132463946204636
:1094C000FFF7F3FE636A1BB104F1240000F04EFEC7
:1094D00040B1314B4FF080525A6040BFBFF34F8FC5
:1094E000BFF36F8F01F02AFA012004B0BDE8F087C6
:1094F000019D1DB901F022FA0020F6E7B8F1000F36
:1095000002D102A800F06EFE01F018FA00F084FC0F
:1095100001F00AFA94F84430FF2B08BF84F8449015
:1095200094F84530FF2B08BF84F8459001F006FA07
:1095300001A902A800F062FE38BB01F0F5F9A26BA8
:10954000E36B9A420FD101F0F9F9019904F110008F
:1095500000F0E8FD2046FFF7F3FE00F0EFFC50B10D
:109560004FF00108A1E701F0E9F92046FFF7E8FE16
:1095700000F0E4FCF4E74FF08053CAF8043040BF39
:10958000BFF34F8FBFF36F8FEAE72046FFF7D8FE98
:1095900000F0D4FCB0E700BF00ED00E010B50246DB
:1095A00000210120FFF750FF044638B10023C0E935
:1095B0000033C3601A461946FFF76CFF204610BD02
:1095C000F8B504461746EFF31186A02282F31188FE
:1095D000806BE26B904201D3022B1ED194F8455070
:1095E0001A466DB22046FFF760FE6B1C10D1636A0D
:1095F0000BB9012009E004F1240000F0B7FD0028B8
:10960000F7D0002FF5D00120386086F31188F8BD1F
:1096100001356DB284F84550EBE70020F5E738B529
:109620000C46EFF31185A02383F31188826BC36B83
:1096300093421BD990F845100132FF294BB2826347
:109640000FD1436A0BB9012008E0243000F08EFDF1
:109650000028F8D0002CF6D00120206085F3118876
:1096600038BD01335BB280F84530ECE70020F5E708
:109670002DE9F04385B00027DFF8E490019204461D
:109680000E46B84601F050F9A56BDDB131462046D3
:10969000013DFFF73FFEA56323696BB104F11000A4
:1096A00000F064FD40B12E4B4FF080525A6040BF35
:1096B000BFF34F8FBFF36F8F01F040F9012005B06A
:1096C000BDE8F083019D1DB901F038F90020F6E7EF
:1096D00017B902A800F086FD01F030F900F09CFBFC
:1096E00001F022F994F84430FF2B08BF84F844803D
:1096F00094F84530FF2B08BF84F8458001F01EF92F
:1097000001A902A800F07AFDF8B92046FFF7C2FDD2
:10971000A8B1019904F1240000F004FD2046FFF7F0
:109720000FFE00F00BFC40B94FF08053C9F8043035
:1097300040BFBFF34F8FBFF36F8F0127A2E72046D3
:10974000FFF7FEFD00F0FAFBF7E72046FFF7F8FD14
:1097500000F0F4FB2046FFF79DFD0028EDD0B5E7B3
:1097600000ED00E02DE9F04385B00025DFF81C9105
:10977000019104462F462E4601F0D6F8A36BEBB1BB
:10978000013BA363236813B900F036FE60602369D0
:109790006BB104F1100000F0E9FC40B13B4B4FF01D
:1097A00080525A6040BFBFF34F8FBFF36F8F01F0FD
:1097B000C5F80125284605B0BDE8F083DDF8048032
:1097C000B8F1000F03D101F0B9F80025F2E717B99D
:1097D00002A800F007FD01F0B1F800F01DFB01F058
:1097E000A3F894F84430FF2B08BF84F8446094F841
:1097F0004530FF2B08BF84F8456001F09FF801A9B0
:1098000002A800F0FBFC48BB2046FFF743FDF8B17F
:1098100023683BB901F088F8606800F047FD054611
:1098200001F08CF8019904F1240000F07BFC204643
:10983000FFF786FD00F082FB40B94FF08053C9F876
:10984000043040BFBFF34F8FBFF36F8F012793E703
:109850002046FFF775FD00F071FBF7E72046FFF7A4
:109860006FFD00F06BFB2046FFF714FD0028EDD0E4
:10987000002D9FD001F058F8616A19B1236B196867
:10988000C1F10701606800F07FFD9CE700ED00E09A
:109890002DE9F04105469046EFF31187A02383F3AD
:1098A0001188846B0CB390F8446076B2FFF732FDF8
:1098B000013C731CAC6313D12B690BB901200BE085
:1098C00005F1100000F052FC0028F7D0B8F1000FAD
:1098D000F4D00120C8F8000087F31188BDE8F081BA
:1098E000013676B285F84460E8E72046F4E70000E8
:1098F00010B5074A002352F833402CB942F8331010
:1099000002EBC303586010BD0133082BF3D1FAE713
:10991000B463002010B5084A002302EBC3014C6871
:10992000844204D1002042F83300486010BD013366
:10993000082BF2D1FAE700BFB463002010B504464B
:10994000FFF7E8FF94F8463023B92046BDE8104001
:1099500001F088B910BD70B504460D46164600F0FA
:10996000E3FF94F84430FF2B04BF002384F8443015
:1099700094F84530FF2B04BF002384F8453000F0F5
:10998000DDFFA36B2BB93246294604F1240000F019
:10999000D9FB2046BDE87040FFF7D2BC2DE9F0416D
:1099A000044600F0C1FF2F4B2F4E1A682F4F013293
:1099B0001A603568002D4AD134601B68012B1FD115
:1099C000B8464046013501F073F9072D08F1140837
:1099D000F7D1DFF8C480264D404601F069F92846EA
:1099E00001F066F9234801F063F9234801F060F9BA
:1099F000224801F05DF9224BC3F80080214B1D6025
:109A0000214A136801331360204A63641168E36AD2
:109A100014208B4200FB037004F1040188BF136023
:109A200001F054F900F08AFF194B1B686BB13368E1
:109A3000DA6AE36A9A4208D2164B4FF080525A60B3
:109A400040BFBFF34F8FBFF36F8FBDE8F081104B66
:109A50001B68002BD4D13368DA6AE36A9A4298BF54
:109A60003460CDE78C640020F463002000640020A3
:109A7000B8640020D864002004650020F064002051
:109A8000F8630020FC6300209C640020A064002098
:109A9000EC64002000ED00E0A4640020F8B5154B54
:109AA000154E1D680446306804300F4601F031F948
:109AB000631C07D137B131681048BDE8F840043164
:109AC00001F004B933682C195C6007D30C4B18689B
:109AD0003168BDE8F840043101F004B9094B186859
:109AE0003168043101F0FEF8074B1A68A24288BFC2
:109AF0001C60F8BD18650020F4630020F0640020AD
:109B0000FC630020F8630020D0640020094B0A4A5F
:109B10001B681268D06A50B9084A1268012A07D82F
:109B200033B9074B1868074B1B68C01A70470020F1
:109B3000704700BFA0640020F46300200064002090
:109B4000D064002018650020064A13681968064B87
:109B500019B94FF0FF321A6070471268D268D268A4
:109B60005268F8E7F8630020D064002010B590F840
:109B7000593004463BB9006B01F074F82046BDE84B
:109B8000104001F06FB8012BF9D010BD2DE9F0475E
:109B9000DDE9099496000D4632460746A521206B63
:109BA0009846FBF795FD226B043E164426F0070607
:109BB0006B1E266404F134020B3513F8011F02F802
:109BC000011B09B1AB42F8D1089D062D28BF06251F
:109BD0004FF0000AC4E9135AE562201D84F83FA043
:109BE00001F071F8C5F1070504F1180001F06BF8F8
:109BF000C4F854A02461A561646284F858A0424668
:109C00003946304600F058FE2060B9F1000F01D00F
:109C1000C9F80040BDE8F08730B587B0DDE90B54E6
:109C20007CB18DB12563022584F8595005AD0195AD
:109C30000A9D02940095FFF7A9FF2046FFF7AEFEAC
:109C4000059C204607B030BD2C46FAE72DE9F043CD
:109C5000074685B0900088461646994600F086FF74
:109C60000546E8B15C2000F081FF0446A8B100235E
:109C700080F859300D9B056301930C9B0290009373
:109C800032464B4641463846FFF780FF2046FFF7F5
:109C900085FE012005B0BDE8F083284600F0E2FF14
:109CA0004FF0FF30F6E7000070B504461C4D00F0A1
:109CB0003BFE04B92C68261D304601F02AF8A36A41
:109CC0001BB104F1180001F024F8164A136801339F
:109CD00013602B68A34219D11348314600F0F6FFF8
:109CE000124A13680133136000F028FE104B1B6802
:109CF0005BB12B68A34208D10E4B4FF080525A60E3
:109D000040BFBFF34F8FBFF36F8F70BD0A4A136818
:109D10002046013B1360FFF729FFFFF715FFE3E73C
:109D2000F46300209C6400200465002090640020FF
:109D3000EC64002000ED00E08C64002038B5144B8A
:109D40001B68834205461DD000F0EEFD6C6900F0F3
:109D5000F5FD104B1B689C4216D00F4B1B689C42B4
:109D600012D00E4B9C4205D1AB6A002B14BF0220CF
:109D7000032038BD0A4B9C4208D0002C0CBF0420A5
:109D80000120F6E70020F4E70220F2E70420F0E7E4
:109D9000F4630020F8630020FC630020F0640020DE
:109DA0000465002010B588B0002407AA06A905A8FC
:109DB000CDE90544E3F74EFB059B0293069B079A0A
:109DC0000F491048CDE900432346FFF725FF0E4B0E
:109DD000186098B100F0EAFB01280FD1A02383F3AB
:109DE00011880A4B4FF0FF321A60094B1860094B7B
:109DF0001C6008B0BDE8104000F070BD08B010BD98
:109E0000030B050041A00300CC640020D0640020B7
:109E1000EC64002018650020024A136801331360C7
:109E2000704700BF98640020014B1868704700BF5E
:109E300018650020014B1868704700BF18650020A6
:109E4000024A136818441060704700BF186500206C
:109E50002DE9F84F2E4B1B68002B53D12D4B1D685D
:109E600001351D605DB92C4A2C4B116818681060D3
:109E70002B4A1960136801331360FFF765FE294F01
:109E80003B68AB424FF0000607D9274B1B68002BFD
:109E90000CBF30460120BDE8F88FDFF87C80DFF88A
:109EA0009490DFF894A0D8F800301B681BB94FF0ED
:109EB000FF333B60E9E7D8F80030DB68DC686368B3
:109EC0009D42F6D304F1040B584600F022FFA36A2A
:109ED0001BB104F1180000F01CFFE36AD9F8002060
:109EE0001420934200FB03A0594688BFC9F80030F4
:109EF00000F0ECFE0D4BE26A1B68DB6A9A4228BF59
:109F00000126D0E70A4A1368013313600026BCE734
:109F10009864002018650020F8630020FC6300208E
:109F2000D4640020D06400201C650020F46300206D
:109F300094640020A064002000640020F7B500F0C5
:109F4000F3FC2A4B1A68013A1A601C682CB10024F1
:109F500000F0F4FC204603B0F0BD254B1B68002B3D
:109F6000F5D0244D244E254F1EE0EB68DC6804F14B
:109F7000180000F0CEFE211D0846019100F0C9FE38
:109F8000E36A326801991420934200FB037088BF92
:109F9000336000F09BFE1A4BE26A1B68DB6A9A4250
:109FA00002D3184B01221A602B68002BDDD10CB1B3
:109FB000FFF7CAFD144D2C6844B1124E0127FFF77C
:109FC00047FF00B13760013CF9D12C600D4B1B6895
:109FD000002BBCD00D4B4FF080525A6040BFBFF3F6
:109FE0004F8FBFF36F8F0124B2E700BF986400204A
:109FF0008C640020D8640020A0640020006400204D
:10A00000F46300201C6500209464002000ED00E053
:10A0100008B548B9094B4FF080525A6040BFBFF3B2
:10A020004F8FBFF36F8F08BD0021FFF7F5FEFFF7DD
:10A0300035FDFFF783FF0028ECD0F4E700ED00E0EA
:10A04000F8B51B4C1B4F1C4D2368EBB91B4B1B6811
:10A05000012B08D91A4B4FF080525A6040BFBFF312
:10A060004F8FBFF36F8FE2F7C9F9FFF74FFD01285C
:10A07000E9D9FFF7D1FEFFF749FD012801D900F02A
:10A08000BDFCFFF75BFFDEE700F04EFCFB68DE681F
:10A09000301D00F03EFE2B68013B2B602368013B26
:10A0A000236000F04BFC3046FFF760FDCCE700BFBB
:10A0B00090640020046500208C640020006400206F
:10A0C00000ED00E0124B1A68124B70B512B101227C
:10A0D0001A6070BD104D1A602968104A142606FBDC
:10A0E00001F3D018D4588CB14468083364684460D4
:10A0F00013449C4204BF63684360142303FB0122A2
:10A100005368DA68064B1A602960E2E70139E6E72E
:10A11000986400201C650020A064002000640020DA
:10A12000F463002010B5064B0C461968183100F096
:10A13000D9FD20460121BDE81040FFF7AFBC00BFAC
:10A14000F463002038B5084B0D46196814461831E1
:10A1500000F0BCFD002C21460CBF28464FF0FF301C
:10A16000BDE83840FFF79ABCF4630020C36813B51C
:10A17000DC6804F118010846019100F0CAFD134B98
:10A1800001991B68FBB9211D0846019100F0C1FD32
:10A190000F4AE36A10680199834288BF13600D4A31
:10A1A000142000FB032000F091FD0B4BE26A1B68BA
:10A1B000DB6A9A4285BF094B012000201860FFF737
:10A1C000C3FC02B010BD0648EDE700BF9864002054
:10A1D000A064002000640020F46300201C650020BF
:10A1E000D8640020034B1B680360034B1B6843606B
:10A1F000704700BFD46400201865002070B50C467D
:10A20000054600F091FB0F4B196823685A1C10D0CB
:10A210000D482E6800686A68864201D08A420FD9CC
:10A22000881A83420AD95B1A134423602846FFF731
:10A23000D9FF002400F082FB204670BD002323607C
:10A240000124F7E718650020D4640020014B0122A7
:10A250001A6070471C650020084B186860B9084BED
:10A260001B6853B9074B1868074B1B68013B9842A2
:10A2700014BF01200220704700207047D8640020DE
:10A280001C650020F06400208C640020054B1B68D6
:10A2900033B1054B1B68002B0CBF02200020704718
:10A2A00001207047EC6400209864002073B50446D8
:10A2B00000282BD01B4DC36A2A68D26A934229D248
:10A2C0008269194E002AA1BF2A68D26AC2F1070228
:10A2D0008261142202FB036342699A4212D1011D7A
:10A2E0000846019100F015FD2B68104ADB6A1068E2
:10A2F0000199E36283420BD8142000FB036000F055
:10A30000E5FC02E02B68DB6AC362012002B070BD8D
:10A310001360F1E72B68C06CDC6AA0422CBF002000
:10A320000120F3E7F463002000640020A064002013
:10A3300013B5044610B9002002B010BD036DC16A08
:10A34000C26C013B91420365F5D0002BF3D1011D96
:10A350000846019100F0DDFCE36C0199E362C3F172
:10A360000702A261064A1068834288BF1360054A4B
:10A37000142000FB032000F0A9FC0120DCE700BF53
:10A38000A06400200064002037B5044668B3C36CA5
:10A39000994238BF1946C36A8B4226D0026D012A02
:10A3A00023D18269124DC162002A4FF0140202FBD0
:10A3B00003534269A4BFC1F1070181619A4214D1DC
:10A3C000011D0846019100F0A4FC0A4AE36A1068E6
:10A3D000019983424FF0140000FB035088BF1360C3
:10A3E00003B0BDE8304000F071BC03B030BD00BF29
:10A3F00000640020A0640020044B1A681AB1196898
:10A400000A6D01320A651868704700BFF4630020C6
:10A4100070B5174C06460D4600F086FA23685B6D52
:10A4200083B92368012183F858105DB12846FFF7EE
:10A4300035FB104B4FF080525A6040BFBFF34F8F37
:10A44000BFF36F8F00F07AFA00F06EFA23685D6D4B
:10A450001DB123684EB100225A652368002283F89B
:10A46000582000F06BFA284670BD6A1EF4E700BF62
:10A47000F463002000ED00E073B504460D46EFF3F1
:10A480001186A02383F31188022390F8582080F8C6
:10A490005830436D012A03F1010343651DD1144B6C
:10A4A0001B68F3B9011D0846019100F032FC114A06
:10A4B000E36A10680199834288BF13600E4A142032
:10A4C00000FB032000F002FC0C4BE26A1B68DB6A15
:10A4D0009A4202D9012345B12B6086F3118802B05C
:10A4E00070BD00F118010648ECE7064A1360F4E776
:10A4F00098640020A064002000640020F463002021
:10A50000D86400201C650020F7B5114C00F00CFA4F
:10A510002568BDB90F4F104E384600F0C9FB3046D4
:10A5200000F0C6FB0D4B0E4A1F600E4B10211E6043
:10A5300003200D4B0095FEF771FF206010B10B4911
:10A54000FFF7D6F903B0BDE8F04000F0F7B900BF5F
:10A55000D4650020586500206C650020206500202F
:10A56000286500202465002084650020080B050074
:10A57000914208B5416000610AD8D21A83699A42B3
:10A580000DD2084B011D186800F0ACFB002008BD7F
:10A590009A4201D2994202D2034B011DF3E70120F6
:10A5A000F5E700BF246500202065002010B588B0C5
:10A5B000FFF7AAFF0E4B18680024B8B107AA06A936
:10A5C00005A8CDE90544E2F739FF059B0293069BF8
:10A5D000019302230093079A064907482346FFF791
:10A5E0001BFB064B1860001B18BF012008B010BDF4
:10A5F000D46500200D0B050015A70300D8650020C9
:10A600002DE9F041804630200F4616461D4600F0E9
:10A61000ADFA044670B1FFF777FF069B6362C4E9A9
:10A620000676C4F800802562201D00F04CFB002354
:10A6300084F82C302046BDE8F08100007FB50F4C37
:10A640000546206816461A4680B10529CDE9001650
:10A6500002950DDCFFF71AFE0023022808BF089AB6
:10A66000206818BF1A466946FEF714FF04B070BD93
:10A6700000236946FEF7A4FFF8E700BFD465002079
:10A680002DE9FF47DFF888800646FFF7CDFBD8F8B5
:10A6900000308342054634D91B4F4FF000093B6818
:10A6A0001A685AB9194A116839601360012328469B
:10A6B0003360C8F8005004B0BDE8F087DB68DC68A0
:10A6C000D3F800A0211D0846039100F022FB636A25
:10A6D00020469847E3690399012BE0D1A3695344CD
:10A6E0009A4505D238686360246100F0FBFAD6E72A
:10A6F0000023CDF80090524619462046FFF79EFFF2
:10A70000CDE70023D3E700BF2065002024650020AB
:10A71000806500202DE9F0475B4E88B04FF00008BF
:10A7200033681D68002D5BD0DB68D3F80090574F6D
:10A73000FFF772FB04A8FFF7A3FF049C8246002CDE
:10A740006AD1002D4ED0484552D3FFF7F7FB33684E
:10A75000DB68DD68281D00F0DCFAEB69012B0ED107
:10A76000A9694B46524649442846FFF701FF30B1DC
:10A77000009423464A4621462846FFF75FFF6B6A4E
:10A78000284698473868002204A9FEF771FF002880
:10A79000C6D0049B0698002B41DB069C6369002B06
:10A7A00044D103A8FFF76CFF049B0246092BE9D8AC
:10A7B00001A151F823F000BF35A8030035A803001C
:10A7C00035A8030085A7030067A8030077A8030046
:10A7D00035A8030035A8030085A7030067A8030078
:10A7E000A946A4E72A4B1B681C68B4FA84F46409E0
:10A7F00038682246A9EB0A01FFF7ADF8FFF79EFB88
:10A800000028BFD1234B4FF080525A6040BFBFF3A6
:10A810004F8FBFF36F8FB5E7FFF790FBB2E7059B54
:10A8200007999847049B002BACDBB6E7201D00F08E
:10A8300070FAB6E7A169059B20461944FFF798FE18
:10A8400000289FD0636A20469847E369012B99D17D
:10A85000A2690599CDF8008000230A4420461946D4
:10A86000FFF7ECFE8EE70599A161034601442046FF
:10A87000FFF77EFE86E794F82C30002B82D120462D
:10A8800000F0F0F97EE700BF20650020D4650020CD
:10A890002465002000ED00E013B5044600F044F804
:10A8A000206A019000F04AF8019802B010BDA02380
:10A8B00083F31188FEE700004FF0807340E9021334
:10A8C000054B40F80C3C6FF0020340F8202C40F898
:10A8D000243C4438704700BFAFA803000F4C08B5B4
:10A8E000E02384F8223000F06DF80D4B00221A604E
:10A8F000D4F888300B4A43F47003C4F88830536BA3
:10A9000043F040435363236943F01003236100F095
:10A9100011FAA02383F31188FEE700BF00ED00E0E9
:10A92000DC65002000EF00E0A02383F31188024AD9
:10A930001368013313607047DC650020034A136815
:10A94000013B13600BB983F311887047DC6500206D
:10A9500041DF704773B5194B0022C3F84021D3F88B
:10A96000401101910199EFF31186A02181F3118823
:10A97000D3F80445C3F80021D3F800310093009BBD
:10A98000FFF752FA201A20F07F4424F0010020B192
:10A99000FFF77CFC022818BF01240025013C09D2E6
:10A9A00025B1074B4FF080525A6040BF86F31188A3
:10A9B00002B070BDFFF74CFA0543EFE7001001400D
:10A9C00000ED00E008B500200AF0A4F8094B2022B1
:10A9D000C3F808250122C3F804239A601A600222F2
:10A9E000C3F84423044BE02283F811234FF40032D0
:10A9F0001A6008BD0010014000E100E02DE9FF41B0
:10AA00000746EFF3108072B6404DAB6883B901235F
:10AA1000AB603F4B3F49D3F880200A402A60C3F81F
:10AA20008010D3F884206A604FF0FF32C3F884208E
:10AA300000B962B6384CD4F80485FFF70DFC002845
:10AA400052D0364EBE4228BF3E4606EB080323F0E6
:10AA50007F430122C4F80823C4F840350023C4F81A
:10AA60004031D4F840310193019B4FF48033C4F856
:10AA70000433BFF34F8F97B10CF092FA40B9244BD7
:10AA800020BFD3F80011D3F804210A43F8D006E020
:10AA9000FFF75EFF18B1224AF2210AF0A7FD4FF43A
:10AAA0008033C4F808330023C4F84031D4F840217F
:10AAB0000392039AC4F80031D4F800310293029B48
:10AAC0000123C4F80433D4F80405114BA0EB0800AB
:10AAD00020F07F40B0424FF4003228BF3046C3F828
:10AAE000802108B1FFF7ACF9AB685BB1EFF31082DE
:10AAF00072B6074B29681960696859600023AB601A
:10AB000002B962B604B0BDE8F08100BF182F012081
:10AB100000E100E0FC06FFBD00100140FDFFFF006A
:10AB2000150B050010B50F4B1A461B688342FBD36B
:10AB300054681119884201BF4168104609195160D3
:10AB4000446801198B4207D1074909688B421FBF2E
:10AB500059681B68091941609042036018BF106072
:10AB600010BD00BFF02D0120E06500202DE9F0416F
:10AB70000446FFF751F93549354D0B680BBB354A93
:10AB8000354E50071FBFD01D20F0070002F5484387
:10AB90001B1A14BF02464FF448431344083B23F0EA
:10ABA0000703002070603260C3E90000981AC2E910
:10ABB00000300B60294B1860294B18604FF00043A0
:10ABC0002B602F6827423ED1002C34D004F10803BB
:10ABD00062071CBF23F007030833002B33D0DFF8D4
:10ABE0008080D8F800609E422DD31B4A15686868A3
:10ABF000984201D22C681CBB0968A94223D029685D
:10AC000014681160C21A102A04F1080404D9E81863
:10AC100042606B60FFF786FF10496A680868B61AE1
:10AC2000864247EA02074FF00003C8F8006038BFC9
:10AC30000E606F602B60FFF781F92046BDE8F08160
:10AC40002A462546D3E70024F5E700BFE06500204B
:10AC5000E42D0120E4650020F02D0120EC2D0120E1
:10AC6000E82D012010B50446E0B10F4A50F8043C2D
:10AC70001268134216D050F8081C99B923EA02034F
:10AC800040F8043CFFF7C8F8084A54F8043C11683F
:10AC9000A4F108000B441360FFF744FFBDE8104027
:10ACA000FFF74CB910BD00BFE42D0120E82D0120B5
:10ACB00000F108034FF0FF32C0E902234360036153
:10ACC00000230360704700230361704743684B60B3
:10ACD0009A688A609A6851609960036808610133D4
:10ACE0000360704730B50C68631C0AD103695A6869
:10ACF0004A6091608B6059600368086101330360AA
:10AD000030BD00F10802134652681568A542FAD911
:10AD1000EDE7D0E9011203698A6051605968814208
:10AD200008BF5A60002202611A68013A1A60186866
:10AD3000704700000748006880F3088862B661B673
:10AD4000BFF34F8FBFF36F8F4FF4F07080F3118814
:10AD500000DF00BF00C00100064B19680868B0E8BA
:10AD6000F04F80F30988BFF36F8F4FF0000080F33E
:10AD700011887047F4630020EFF30980BFF36F8FF1
:10AD8000144B1A681EF0100F08BF20ED108A20E93E
:10AD9000F04F10604DF8043D4FF0A00080F3118893
:10ADA000BFF34F8FBFF36F8FFFF78CF94FF00000A9
:10ADB00080F3118808BC19680868B0E8F04F1EF0ED
:10ADC000100F08BFB0EC108A80F30988BFF36F8FB3
:10ADD000704700BFF4630020B329024818BF002069
:10ADE000704700BF5C2E0120704700BF30B5114492
:10ADF000B3F5445F85B0C1F304423BD201F07F015B
:10AE0000890041EA4222120A42F0800241F0010127
:10AE10001C468DF80C208DF80D1023B390F87C3073
:10AE200042F0400205468DF80C2043B90268089BA9
:10AE3000556803A922460220A84705B030BD00226C
:10AE4000022103A809F0F8F921460246089809F002
:10AE5000F3F92B6800909D68089B224603A9022005
:10AE6000A84705B030BD074B074A084840F2CB1150
:10AE7000FAF7A4FB064B044A044840F2BF11FAF764
:10AE80009DFB00BF240C0500200D0500BC0B050038
:10AE9000A80B050070B502EB010CB3F5445F84B05C
:10AEA000CCF3044242D20CF07F041D46A30043EAD7
:10AEB0004222120A42F0800206468DF80D308DF8CB
:10AEC0000C2095B94B0063F07E0301218DF80C3006
:10AED0000C4696F87C307BB93268089B566803A90B
:10AEE0002A462046B04704B070BDC4B996F87C30FD
:10AEF00001210C46002BEFD003A8002209F09CF999
:10AF000029460246089809F097F9336800909E6830
:10AF1000089B2A4603A92046B04704B070BD42F002
:10AF2000400202218DF80C200C46D2E7034B044A64
:10AF3000044840F2BF11FAF741FB00BFA80B05001F
:10AF4000200D0500BC0B050030B51144B3F5445F7E
:10AF500085B0C1F304423BD201F07F01890041EA90
:10AF60004222120A42F0800241F002011C468DF892
:10AF70000C208DF80D1023B390F87C3042F0400285
:10AF800005468DF80C2043B90268089B556803A953
:10AF900022460220A84705B030BD0022022103A8A6
:10AFA00009F04AF921460246089809F045F92B684C
:10AFB00000909D68089B224603A90220A84705B07F
:10AFC00030BD074B074A084840F2CB11FAF7F6FAB2
:10AFD000064B044A044840F2BF11FAF7EFFA00BFEB
:10AFE000240C0500200D0500BC0B0500A80B050076
:10AFF0002DE9F0410A44B3F5445F84B0C2F3044C38
:10B0000044D202F07F021E46930043EA4C2C4FEAE2
:10B010001C2C0D4604468DF80D308DF80CC09AB1ED
:10B020004CF0400C02278DF80CC03846236832469D
:10B03000D3F800800A9B03A9C04794F87C30022B08
:10B0400005D004B0BDE8F08101273846EEE7182DA1
:10B05000F7D00022394603A809F0EEF8314602463F
:10B060000A9809F0E9F80DF10B0300930546012356
:10B07000002218212046FFF7BBFF9DF80B309D42B0
:10B08000DFD0236A002BDCD09847DAE7034B044A71
:10B09000044840F2BF11FAF791FA00BFA80B05006F
:10B0A000200D0500BC0B0500FFF7A2BF00B585B061
:10B0B00003AB009300220423FFF79AFF9DF80F10C3
:10B0C0009DF80E209DF80D309DF80C0002EB01223A
:10B0D00003EB022300EB032005B05DF804FB00BF87
:10B0E00070B590F8763003F0FD02012ABCB0054639
:10B0F0000C4600F0B48090F87E2002AE12F00102FF
:10B10000009640F06A8128234FF44021FFF770FF3A
:10B110000298206004989DF816C0A0609DF8143035
:10B120003279237306989DF81F30BDF81610C4F8C5
:10B13000110022719DF81520BDF81D00208342EA00
:10B140000C22C911A4F80F209DF81C20A4F80D10A2
:10B15000BDF8261062750898C4F81A009DF82420DE
:10B16000A2779DF82520E2774CEA03239DF80F2073
:10B170006271DB11BDF80D20E280E3828A04C1F325
:10B180000D03BDF828100B9A48BFA3F580431BB2EE
:10B19000C1F30C0122F0604223846184626295F85D
:10B1A0007E30DB0759D5DDE90C01DDE90E2320F007
:10B1B0000045C1F31000C2F31501C3F31502109B43
:10B1C0006263C3F31503A363DDE91B23E062BDF8EB
:10B1D0005000A087BDF86800216360641999A562DA
:10B1E000C2F31500C3F315021D9BBDF86050E26465
:10B1F00021F04041C3F31503BDF894202164236579
:10B20000BDF884102B9BA064C5F30B05BDF8B000FE
:10B21000E587C1F30E01C2F30B0223F04043A4F80B
:10B220005620A365A4F85410E065DDE92D012F9B9D
:10B23000BDF8CC20C0F31505C1F31500C3F315010B
:10B24000BDF8DC302566C2F30E02C3F30B03606663
:10B25000A166A4F86C20A4F86E303CB070BD032B3E
:10B2600090F87E3000F0C98013F0080140F0D580DE
:10B2700013F0040202AB00931ABF0A4638232023BE
:10B280004FF4C011FFF7B4FEBDF814300698BDF8B6
:10B290001E20C4F81A00BDF81C10E183C3F30C0390
:10B2A00096046384C2F30D0348BFA3F58043BDF841
:10B2B00024201BB22384C2F30B03E38795F87E108E
:10B2C0008807CAD49DF837309DF836209DF83F5046
:10B2D0000A98206002EB03229DF83E30BDF8310051
:10B2E000A4F80F0003EB05230C98DB11E382BDF8F3
:10B2F0003930A0600E9823839DF834309DF83C507F
:10B300002373C4F81100D211BDF82D30A4F80D201C
:10B310009DF82F206575E38049079DF82C306271F8
:10B3200023719AD4DDE91001DDE9122320F0604693
:10B3300021F00045C2F31000C3F31501DDE9142329
:10B34000C2F31502A5626263C3F31505DDE91F238D
:10B35000E0622163BDF864001D99A087C2F3150067
:10B36000C3F31502219BE26421F04041BDF8A42003
:10B370002164A064BDF89410A563C3F315002F9B4E
:10B38000BDF878506564C2F30B02A4F85620C1F3EF
:10B390000E01BDF8C020E26523F04043A36566625C
:10B3A0002065A4F85410DDE93101339BBDF8DC20A1
:10B3B000C0F31505C1F31500C3F31501BDF8EC305A
:10B3C0002566C2F30E02C3F30B036066A166A4F800
:10B3D0006C20A4F86E303CB070BD6C2300224FF49A
:10B3E0004021FFF705FE1DAB009300226C234FF4B4
:10B3F00050212846FFF7FCFD8AE613F0080115D11D
:10B4000013F0040202AB00931ABF0A46382320232C
:10B410004FF4F011FFF7ECFD36E702AB009300228A
:10B42000E8234FF4C011FFF7E3FD2DE702AB0093D3
:10B430000022E8234FF4F011FFF7DAFD24E700BF04
:10B4400070B590F87E30154613F00102BCB00C4682
:10B4500043D002AB009300226C234FF440210646F8
:10B46000FFF7C6FD1DAB009300226C2330464FF45E
:10B470005021FFF7BDFD022D38D8002D3AD1DDE96E
:10B480000C310E9AC3F31400C3F349532061A38215
:10B49000C2F31500DDE90F23C1F310012160C3F3EE
:10B4A0001501BDF860306060C2F31502C3F30B03F1
:10B4B000A26023839DF85620179BBDF85000E160E1
:10B4C000BDF85410E0821209C3F3150328466183C6
:10B4D0002277C4F81D303CB070BD02AB00934FF42E
:10B4E00040212823FFF784FD022DC6D94FF0FF30FD
:10B4F0003CB070BD012D30D02B9BBDF8B050256005
:10B50000DDE92D01C3F31405C3F348532F9AA38239
:10B51000BDF8CC302561C0F31500C1F31501C2F3AD
:10B520001502C3F30E036060BDF8DC00A160E260A9
:10B53000E382BDF8D0109DF8D220369BC0F30B00FB
:10B54000C1F30E011209C3F31503208300206183A8
:10B550002277C4F81D303CB070BDDDE91B01199B9A
:10B56000BDF868502560C3F31405C3F34853C0F316
:10B5700015001D9AA382BDF884306060BDF8940068
:10B580002561C1F31501C2F31502C3F30E03A160D7
:10B59000E260E382BDF888109DF88A20249BC0F306
:10B5A0000B00CDE700B590F87620012A83B00B465A
:10B5B0000CD0032A00914FF0050310D104224FF460
:10B5C000F011FFF715FD03B05DF804FB0093074988
:10B5D00005230022FFF70CFD03B05DF804FB0022F9
:10B5E0006421FFF705FD03B05DF804FB04001800BB
:10B5F0002DE9F0411D4684B00A44B5F5445FBDF81D
:10B600002C40C2F3044380F0A28084F4004CBCF1CF
:10B61000030F0E46074602F07F0207D934B1534BA1
:10B62000534A54484FF4E071F9F7C8FF910041EADA
:10B63000432144EA010304F003001B0A01438DF88F
:10B640000C308DF80D10CDB9002C3FD0B4F5004F63
:10B6500040F08480730063F07E0301218DF80C308C
:10B660000C4697F87C309BB93A680A9B566803A948
:10B670002A462046B04704B0BDE8F081E2B9B4F5EF
:10B68000004F57D197F87C3001210C46002BEBD0AE
:10B6900003A8002208F0D0FD294602460A9808F0C7
:10B6A000CBFD3B6800909E680A9B2A4603A9204672
:10B6B000B04704B0BDE8F08143F040038DF80C3092
:10B6C000002C3ED0BCF1030F3ED9FEE77AB343F025
:10B6D000400302248DF80C3020463B682A46D3F8FC
:10B6E00000800A9B03A9C04797F87C30022BC2D187
:10B6F000182EC0D02146002203A808F09DFD29463F
:10B7000002460A9808F098FD0DF10B0300930446D9
:10B710000123002218213846FFF76AFC9DF80B3000
:10B720009C42A8D03B6A002BA5D09847A3E70124F0
:10B730002046D2E7002CFAD043F040038DF80C30BD
:10B74000C0E702242046C8E702210C4689E70A4BDD
:10B75000074A084840F2BF11F9F730FF074B044A87
:10B76000044840F2CB11F9F729FF00BF400C050057
:10B77000200D0500BC0B0500A80B0500240C0500DE
:10B780002DE9F04F0C784D7891F803C0594E83B0F5
:10B79000AC4201928A78A64628BFAE4696454FEA4B
:10B7A000004028BF964600F47F00E64540F00703BE
:10B7B00028BFE646B3424DD84F4EB34240F0898091
:10B7C0004E4E45271D234FF01C08F045DFF840A1E1
:10B7D0004ED39AF80030002B6AD00026DFF834915F
:10B7E0004FF0FF37B646334600208AF8000089F84C
:10B7F0000000E41AE4B2ED1ABC42EDB2A2EB03027F
:10B8000028BF3C46D2B2BD4228BF3D461819BA42B5
:10B81000ACEB030C345D087128BF3A4658195FFA47
:10B820008CFC755D48716745B05C28BF67461A445B
:10B830008A71F25D1F44030443EA0523CF7143EA92
:10B84000026301992343002081F804E00B6003B0F8
:10B85000BDE8F08F2A4EB3423BD14FF01008F045BF
:10B86000284EDFF8ACA04FF04A074FF01103B0D2DA
:10B87000DFF8A0909AF800B089F80030BBF1000F13
:10B8800031D1DFF870B040F00100584528D003D81E
:10B89000ABF5802B584512D0C64528BFC646C645D5
:10B8A0000FD94FF0FF3089F8003003B0BDE8F08FBA
:10B8B000DFF860904FF0070E99F8003094E7124ED1
:10B8C000422700208AF8000089F800004FF0010E9E
:10B8D0008FE74FF000084FF0FF370123464674E72B
:10B8E0000A4E4D27EDE700264FF0FF37B6463346A8
:10B8F0007AE700BF0100090007000500680E050097
:10B9000007000900B00E0500D40D0500180E050053
:10B91000592E01205A2E012030B587B00546100A55
:10B92000140C8DF810208DF81100100E204A8DF89F
:10B9300014304FEA114C02EA810242EA4C22190A01
:10B9400012B28DF81510190C1B0E8DF812408DF8DF
:10B95000173042F0030495F87C308DF80D40C2F3A7
:10B96000072242F0C0028DF813008DF816108DF8F2
:10B970000C2043B92A6804AB546803A908220220AA
:10B98000A04707B030BD0022022103A808F054FCF4
:10B990000821024604A808F04FFC2B6800909C6820
:10B9A000082204AB03A90220A04707B030BD00BFA6
:10B9B000FCFF0300F0B585B003AE012300960D46F1
:10B9C00002225C490446FFF713FB9DF80C30012B63
:10B9D00079D0032B53D0022B40F0A680022D6FD0DC
:10B9E000012D50D14FF400705349ADF80C000223E3
:10B9F000002220460096FFF74DFA40F2FF20022376
:10BA000000224421ADF80C0000962046FFF7EEF925
:10BA100040F2FF1549490096022301222046ADF865
:10BA20000C50FFF7E3F94649009602230122204615
:10BA3000ADF80C50FFF7DAF94249009601230022D5
:10BA40002046FFF7D5FA9DF80C30990738D43D4FC2
:10BA5000312514200FF0B8FC01230022009639464E
:10BA60002046FFF7C5FA9DF80C20920705F1FF3339
:10BA700026D413F0FF05ECD16FF0010021E0012D79
:10BA80001ED0022D25D040F2FF102B49ADF80C003E
:10BA90000223002220460096FFF7A8F928494FF418
:10BAA00000036FF480722046FFF736FF02237F25E4
:10BAB000234900961A462046ADF80C50FFF796F938
:10BAC000002005B0F0BD002DFAD0012D8AD0022D46
:10BAD000D9D140F2FF312B46ADF80C102046164963
:10BAE00000960022FFF782F9204615494FF4000323
:10BAF0006FF48072FFF710FF7F212B462A46ADF8C6
:10BB00000C1020460E490096FFF770F94FF40077AD
:10BB10002046094900962B460022ADF80C70FFF72D
:10BB2000B9F9002005B0F0BD032BCED96FF00800A5
:10BB3000C7E700BF30000F00040011000800090033
:10BB4000080011000C00090070B50D4684B06A01B0
:10BB500090F87C308DF809201F2144F2D25204461F
:10BB60008DF80810ADF80C2053B9036802225E6806
:10BB700003A902AB1046B04784F8A85004B070BDCA
:10BB80000022022103A808F057FB0221024602A866
:10BB900008F052FB009022689668022202AB03A9CB
:10BBA0001046B04784F8A85004B070BD10B5002905
:10BBB00084B090F87C3014BF0822002204464FF075
:10BBC000450114BFF720FF208DF80920C0228DF811
:10BBD00008008DF80D108DF80C2043B9236802225F
:10BBE0005C6803A902AB1046A04704B010BD002258
:10BBF000022103A808F020FB0221024602A808F057
:10BC00001BFB2368009002229C6803A902AB10462C
:10BC1000A04704B010BD00BF012936D870B584B06C
:10BC20004FF0F70290F87C308DF808200D4640F672
:10BC3000CE520CBF0821002104468DF80910ADF842
:10BC40000C205BB9036802225E6803A902AB1046B0
:10BC5000B047002084F89C5004B070BD002202213F
:10BC600003A808F0E9FA0221024602A808F0E4FA63
:10BC7000009022689668022202AB03A91046B047E2
:10BC8000002084F89C5004B070BD4FF0FF30704726
:10BC900030B585B090F87C3044F6A7420446ADF844
:10BCA0000C207BB9026803A9556801201A46A847F1
:10BCB00094F87630032B0CBF0123032384F87630ED
:10BCC00005B030BD012103A8002208F0B5FA00211B
:10BCD0000246084608F0B0FA2268009000239568F2
:10BCE00003A91A460120A847E2E700BF70B584B057
:10BCF00003AE04230C460022234900960546FFF7B5
:10BD000077F99DF80F309DF80E2002EB03229DF885
:10BD10000D3003EB02229DF80C3003EB02231B0DC8
:10BD2000C4F313041B052343190A8DF80D1095F86D
:10BD30007C208DF80C30190C8DF80E101B0E42F281
:10BD4000C2018DF80F30ADF8081042B92A683346A9
:10BD5000546802A904220220A04704B070BD022149
:10BD600002A8002208F068FA04210246304608F0D2
:10BD700063FA2B6800909C680422334602A90220D3
:10BD8000A04704B070BD00BF0800010070B584B0CA
:10BD900003AE0C4604234FF4A02100220096054672
:10BDA000FFF726F99DF80F209DF80E3003EB0223D4
:10BDB0009DF80D2002EB03239DF80C2002EB0322DB
:10BDC0001E4BE00703EA020348BF43F48023A107A8
:10BDD00048BF43F41043620748BF43F01203190AF7
:10BDE0008DF80D1095F87C208DF80C30190C8DF81D
:10BDF0000E101B0E8A218DF80F30ADF8081042B9D5
:10BE00002A683346546802A904220120A04704B0DE
:10BE100070BD012102A8002208F00EFA042102469A
:10BE2000304608F009FA2B6800909C6804223346DB
:10BE300002A90120A04704B070BD00BFC00FE0FF01
:10BE40002DE9F0418DB286B045F400731A0A8DF8E1
:10BE5000103090F87C308DF81120962204460E4662
:10BE6000ADF81420F3B9026805AF04ABD2F8048032
:10BE70000393022239460120C047039B94F87C209B
:10BE80008DF810602D0A9621ADF814108DF8115020
:10BE900002BB22683946546801200222A04706B03E
:10BEA000BDE8F08105AF00220121384608F0C4F951
:10BEB00004AB024602211846039308F0BDF9009036
:10BEC0002268039BD2F80880394602220120C0472D
:10BED000039BD3E7012138460022039308F0ACF915
:10BEE000039B02460221184608F0A6F9226800903A
:10BEF0009468039B022239460120A04706B0BDE8A2
:10BF0000F08100BF2DE9F04184B090F87C30054607
:10BF100049F2DE1241F2FF000C46ADF80800ADF820
:10BF20000C204BBB2B6802AE03AF0222D3F8048077
:10BF3000394633461046C047022C214638BF0221FD
:10BF40000B0A8DF80D300B0C8DF80E3095F87C3007
:10BF50008DF80C104BF2C002090EADF808208DF8D8
:10BF60000F10FBB92A683B46546831460422022070
:10BF7000A04704B0BDE8F08103AF0022022138469B
:10BF800008F05AF902AE02460221304608F054F990
:10BF900000902B680222D3F80880394633461046B9
:10BFA000C047C9E702213046002208F045F90421C4
:10BFB0000246384608F040F92B6800909C6804223D
:10BFC0003B4631460220A04704B0BDE8F08100BFE7
:10BFD00010B586B090F87C308DF810100446080A31
:10BFE0008DF81100080C8DF81200090E100A8DF85A
:10BFF00013108DF814208DF8150041F2C131100C8A
:10C00000120E8DF816008DF81720ADF80C104BB9F4
:10C01000226804AB546803A908220220A04700202C
:10C0200006B010BD0022022103A808F005F908217E
:10C03000024604A808F000F9236800909C680822D2
:10C0400004AB03A90220A047002006B010BD00BF2A
:10C0500011F0010310B518BF07230446880748BF35
:10C0600043F03803480748BF43F4E073080748BF6C
:10C0700043F46063C80648BF43F4E043880648BF02
:10C0800043F46033480648BF43F4E013080648BF52
:10C0900043F46003C90548BF43F0E06386B0D94369
:10C0A000080A13408DF81100080C8DF810108DF857
:10C0B0001200090E180A94F87C208DF813108DF8E0
:10C0C00014308DF8150040F2CA31180C1B0E8DF893
:10C0D00016008DF81730ADF80C1042B9226804AB89
:10C0E000546803A908220220A04706B010BD002210
:10C0F000022103A808F0A0F80821024604A808F0CD
:10C100009BF8236800909C68082204AB03A90220D6
:10C11000A04706B010BD00BF10B590F892300133B3
:10C1200093FAA3F3B3FA83F3013BDAB2072A86B09A
:10C13000044612D801292BD9284A32F813301A01A3
:10C14000C2F30A0202F58062B2F5006F4FEAD31320
:10C1500000D3013303F07F0300E01023204894F85C
:10C160007C1004900A22ADF8142044F6DC30002242
:10C170008DF816308DF81720ADF80C00D1B9226873
:10C1800004AB546803A908220220A04706B010BDE2
:10C19000124931F813304FF4356202FB03F3C3F355
:10C1A000CA1202F58062B2F5006F4FEA9343D1D311
:10C1B0000133CFE7022103A808F03EF80821024628
:10C1C00004A808F039F8236800909C68082204ABA2
:10C1D00003A90220A04706B010BD00BF800F0500D4
:10C1E000E0FF80FFF0B585B090F87C308DF8081046
:10C1F000044643F2D402080A8DF80900ADF80C2079
:10C20000002B36D1236802AE03AD02225F682946B7
:10C2100033461046B847882294F87C308DF80820C1
:10C2200041F2D402ADF80C20002B49D122683346EC
:10C230005768294601220220B84741F2D403ADF8DD
:10C240000C3094F87C3000228DF8082033BB226833
:10C2500033462946566802200122B047204622492B
:10C26000009501230022FEF7C3FE9DF80C0005B0E7
:10C27000F0BD03AD00220221284607F0DDFF02AE2B
:10C2800002460221304607F0D7FF236800900222C1
:10C290009F68294633461046B847BCE70221284626
:10C2A00007F0CAFF01210246304607F0C5FF2368A8
:10C2B00000909F680122334629460220B847CDE707
:10C2C00002212846002207F0B7FF0121024630462E
:10C2D00007F0B2FF236800909F6801223346294689
:10C2E0000220B847A9E700BF08000A002DE9F04185
:10C2F00084B090F87C30044642F2D60201200E460B
:10C30000ADF80800ADF80C20002B46D1236802AF31
:10C3100003AD0222D3F8048029463B461046C047AD
:10C32000330A8DF8093094F87C308DF8086041F2BA
:10C33000D602ADF80C20002B58D122685668022294
:10C340003B4629461046B04742F2D603ADF80C30C2
:10C3500094F87C300226ADF80860A3BB22683B4607
:10C360003046576829463246B84720462949009545
:10C3700004230022FEF73CFE9DF80F109DF80E20CE
:10C380009DF80D309DF80C0002EB012203EB022317
:10C3900000EB032004B0BDE8F08103AD00220221D0
:10C3A000284607F049FF02AF02460221384607F04F
:10C3B00043FF009023680222D3F8088029463B46B9
:10C3C0001046C047ACE731460022284607F034FF4C
:10C3D00031460246384607F02FFF009022683B4660
:10C3E0003046976829463246B847BEE702212846BC
:10C3F000002207F021FF02210246384607F01CFF09
:10C400002368009002229E6829463B461046B047AA
:10C410009AE700BF10000B002DE9F04184B090F8BE
:10C420007C300446002242F2CF000F460392ADF862
:10C43000080083BB236803AD02AED3F80480042256
:10C440002B4631460220C04794F87C3000228E21D2
:10C450000392ADF80810002B50D123680422D3F8C2
:10C46000048031462B460120C04740F2FF63ADF8FF
:10C47000083042F2E253ADF80C3094F87C3053BBF4
:10C48000226833465668022229461046B047BFB993
:10C4900004B0BDE8F08102AE0221304607F0CCFEC8
:10C4A00003AD02460421284607F0C6FE009023682B
:10C4B0000422D3F8088031462B460220C047C3E748
:10C4C00018494FF0E0534FF2FF02204604B0BDE898
:10C4D000F041FFF721BA00220221284607F0ACFE06
:10C4E00002210246304607F0A7FE00902268294646
:10C4F0009568022233461046A847C8E70121304616
:10C5000007F09AFE04210246284607F095FE0090A7
:10C5100023680422D3F8088031462B460120C04707
:10C52000A3E700BF140007002DE9F043054685B0DE
:10C5300095F87C304D48039044F6E204ADF808408D
:10C5400089461446002B53D12B6803AF02AED3F8B3
:10C55000048004223B4631460220C0470F2C09F1DB
:10C56000FF32A8BF0F24022A3DD8102121FA09F971
:10C570004FEA82085FFA89F995F87C308DF80C90C3
:10C5800000224AF2CE018DF80D208DF80E208DF894
:10C590000F20ADF80810002B55D12B680422D3F8DA
:10C5A000049031463B460220C84704FA08F2130AB9
:10C5B0008DF80D30130C8DF80E3095F87C308DF819
:10C5C0000C2046F2D001120EADF808108DF80F20A5
:10C5D00023BB2A683B465468314604220220A04708
:10C5E00005B0BDE8F0834FF001094FF00C08C3E738
:10C5F00002AE00220221304607F01EFE03AF0246C3
:10C600000421384607F018FE00902B680422D3F866
:10C61000088031463B460220C0479FE70221304652
:10C62000002207F009FE04210246384607F004FE06
:10C630002B6800909C6804223B4631460220A047AC
:10C6400005B0BDE8F0830221304607F0F5FD042176
:10C650000246384607F0F0FD00902B680422D3F81C
:10C66000089031463B460220C8479EE71408D20096
:10C6700030B501F07F0585B0130AC1F304410446CB
:10C68000A8008DF80D3040EA4121130C8DF80E30D2
:10C690000B0A8DF80C2043F08003120E8DF80F204A
:10C6A0008DF808308DF809008DB143F040038DF806
:10C6B000083094F87C3002210D4673B9226803AB30
:10C6C000546802A904222846A04705B030BD94F85A
:10C6D0007C3001210D46002BF0D0002202A807F08B
:10C6E000ABFD0421024603A807F0A6FD23680090D5
:10C6F0009C68042203AB02A92846A04705B030BDC0
:10C700002DE9F047044684B01D4641F2E223ADF81E
:10C71000083094F87C303E4803900F461646002BB4
:10C7200041D123680DF10C090DF10808D3F804A0DC
:10C7300004224B4641460220D047AA1943F2010386
:10C740009A425DDC7F2D25D9324920461522FFF71C
:10C750008FFF31492A462046FFF78AFF009733466C
:10C7600000224FF4E8112046FEF742FC47F6BF7264
:10C7700094F87C30039241F2E222ADF8082053BBDA
:10C7800022684B465468414604220220A04704B068
:10C79000BDE8F087009733462A464FF4A81120469B
:10C7A000FEF726FCE2E70DF10808002202214046D0
:10C7B00007F042FD0DF10C0902460421484607F03E
:10C7C0003BFD009023680422D3F808A041464B4665
:10C7D0000220D047B1E702214046002207F02CFD9D
:10C7E00004210246484607F027FD236800909C6814
:10C7F00004224B4641460220A04704B0BDE8F08722
:10C80000064B074A074840F60E21F8F7D7FE00BF4F
:10C81000FFFF408004001F0008001F00D80C050027
:10C82000100D0500BC0B05002DE9F04111F01D06AF
:10C8300084B00C460FD011F00107054628D011F046
:10C84000020361D0002300931A460D21FEF722FB5C
:10C850000DF10F062DE011F020050CD011F00204AF
:10C860003ED00096334632461121FEF713FB304688
:10C8700004B0BDE8F08111F002043BD000952B46D6
:10C880002A460C21FEF706FB284604B0BDE8F081DD
:10C8900011F0080840D111F0100672D111F0020316
:10C8A00067D00096334632461021FEF7F3FA0DF1B9
:10C8B0000F0603220096012344212846FEF798FB29
:10C8C0009DF80F2012F0080447D145492846FEF78D
:10C8D000EDFBB0F5502F40D0204604B0BDE8F0810C
:10C8E0000094234622460B21FEF7D4FA204604B0DA
:10C8F000BDE8F0810094234622460121FEF7CAFAE2
:10C90000204604B0BDE8F08100931A460321FEF7EB
:10C91000C1FA0DF10F06CCE72C21FEF7C7FB0DF194
:10C920000F0601231A4680464FF4602128460096E0
:10C93000FEF75EFB9DF80F202C21A8EB0202284693
:10C94000FFF796FE14F002033BD000973B463A46B1
:10C950000F212846FEF79EFAABE7002328460093F6
:10C960001A461946FEF796FA4FF0FF3004B0BDE8BC
:10C97000F08100931A460921FEF78CFA0DF10F069B
:10C9800097E72C21FEF792FB0DF10F0601231A46C3
:10C990001449009607462846FEF72AFB9DF80F200B
:10C9A0002C21BA1A2846FFF763FE14F002030FD0B9
:10C9B000CDF80080434642460E212846FEF76AFA2B
:10C9C00077E700931A4607212846FEF763FA70E7D7
:10C9D00000931A4605212846FEF75CFA69E700BF76
:10C9E00030000F0004000100F0B585B090F87C30F5
:10C9F000002294210446ADF80820ADF80C10002B5D
:10CA00003FD1036802AE03AD5F6802223346294678
:10CA10000120B84745F2D403ADF80C3094F87C30CF
:10CA200000228DF80820002B65D122683346576814
:10CA3000294601220220B84741F2D403ADF80C3058
:10CA400094F87C3000228DF80820002B41D1226818
:10CA500033465768294601220220B84741F2D403E1
:10CA6000ADF80C3094F87C3002278DF80870E3B9EB
:10CA7000226833465468294601223846A04705B04B
:10CA8000F0BD03AD0121284607F0D6FB02AE0246F9
:10CA90000221304607F0D0FB236800909F680222F5
:10CAA000334629460120B847B4E7394600222846D4
:10CAB00007F0C2FB01210246304607F0BDFB2368A8
:10CAC00000909C680122334629463846A04705B0AD
:10CAD000F0BD0221284607F0AFFB01210246304697
:10CAE00007F0AAFB236800909F680122334629467D
:10CAF0000220B847B2E70221284607F09DFB01213A
:10CB00000246304607F098FB236800909F68012298
:10CB1000334629460220B8478EE700BFF0B5022908
:10CB200087B004463DD090F87C30FE2144F2C0121C
:10CB3000ADF81010ADF81420E3B9026805AD5668E1
:10CB4000022204AB294610460393B047039B45F2EB
:10CB5000C001ADF8141094F87C100022ADF810203C
:10CB6000002939D1216802224C6810462946A04785
:10CB700007B0F0BD05AD00220221284607F05CFB9E
:10CB800004AB024602211846039307F055FB2268C6
:10CB900000909668039B022229461046B047039BEB
:10CBA000D5E705AF40F2FF1316460D46ADF8143039
:10CBB00000970B4600221021FEF718F9310A8DF874
:10CBC000151000972B460022204614218DF8146082
:10CBD000FEF760F907B0F0BD02212846039307F085
:10CBE0002BFB039B02460221184607F025FB216818
:10CBF000009002228C68039B29461046A04707B08C
:10CC0000F0BD00BF2DE9F043044685B0174694F807
:10CC10007C208DF80810B1F5807F4FF0000343F2BF
:10CC2000D40034BF4FF090084FF0B0088DF80930B1
:10CC3000ADF80C00002A3FD1236802AE03AD0222FA
:10CC4000D3F80490294633461046C84744F2D4032B
:10CC5000ADF80C3094F87C308DF80870002B68D15A
:10CC6000236801225F68294633460220B84794F8BA
:10CC70007C308DF8088041F2D402ADF80C20002BF6
:10CC800044D1226833465768294601220220B8471A
:10CC900041F2D403ADF80C3094F87C3000228DF8CA
:10CCA0000820FBB922683346546829460122022035
:10CCB000A04705B0BDE8F08303AD1A46022128461F
:10CCC00007F0BAFA02AE02460221304607F0B4FA83
:10CCD000009023680222D3F8089029463346104674
:10CCE000C847B3E70221284607F0A6FA0121024609
:10CCF000304607F0A1FA236800909C680122334671
:10CD000029460220A04705B0BDE8F083022128464D
:10CD1000002207F091FA01210246304607F08CFA12
:10CD2000236800909F680122334629460220B847B5
:10CD3000AEE700220221284607F07EFA01210246D2
:10CD4000304607F079FA0090236801229F6829464F
:10CD500033460220B8478AE72DE9F04184B01E46E9
:10CD60000446884617460EF031FB022E054600F0B9
:10CD7000B180012E00F09F8000236FEA08023C2161
:10CD80002046FEF7C9FD0023FA4340212046FEF766
:10CD9000C3FD03AB0093002204233C212046FEF791
:10CDA00027F99DF80F309DF80E2002EB03229DF825
:10CDB0000D3003EB02229DF80C3003EB02231A0A1C
:10CDC0008DF80D201A0C8DF80E2094F87C208DF82B
:10CDD0000C3041F2C1011B0EADF808108DF80F3078
:10CDE000002A3CD1236802AE5F68042203AB3146BF
:10CDF0000220B84703AB00930022042340212046C1
:10CE0000FEF7F6F89DF80F309DF80E2002EB032296
:10CE10009DF80D3003EB02229DF80C3003EB02234A
:10CE2000190A8DF80C308DF80D1094F87C20190C2F
:10CE30001B0E8DF80F3042F2C1038DF80E10ADF8C5
:10CE4000083002BB226803AB54683146042202203A
:10CE5000A047284604B0BDE8F0410EF0C0BA02AECB
:10CE600000220221304607F0E7F90421024603A818
:10CE700007F0E2F90090236804229F68314603AB73
:10CE80000220B847B6E700220221304607F0D4F965
:10CE90000421024603A807F0CFF9236800909C689C
:10CEA000042203AB31460220A047284604B0BDE867
:10CEB000F0410EF094BA434620464FF0FF323C2139
:10CEC000FEF72AFD3B464FF0FF3240212046FEF799
:10CED00023FD5EE7424620463C21FFF7C9FB3A4668
:10CEE00040212046FFF7C4FB53E700BF2DE9F04186
:10CEF0000B6890F87C2084B00D46190A8DF80D104F
:10CF0000190C8DF80C308DF80E101B0E43F2C40175
:10CF100004468DF80F30ADF80810002A5ED1036882
:10CF200003AF02AED3F8048004223B463146022010
:10CF3000C0476A688DF80C20110A8DF80D1094F81E
:10CF40007C30110C120E8DF80F2044F2C4028DF8C3
:10CF50000E10ADF80820002B7FD123680422D3F8EF
:10CF6000048031463B460220C047AA688DF80C2059
:10CF7000110A8DF80D1094F87C30110C120E8DF8FA
:10CF80000F2045F2C4028DF80E10ADF80820002BDA
:10CF90004FD123680422D3F8048031463B46022057
:10CFA000C047EA688DF80C20130A8DF80D30130C79
:10CFB0008DF80E3094F87C30120E46F2C401ADF8B4
:10CFC00008108DF80F20FBB922683B4654683146A3
:10CFD00004220220A04704B0BDE8F08102AE002286
:10CFE0000221304607F028F903AF024604213846F3
:10CFF00007F022F9009023680422D3F80880314614
:10D000003B460220C04794E702213046002207F049
:10D0100013F904210246384607F00EF92368009000
:10D020009C6804223B4631460220A04704B0BDE87C
:10D03000F08100220221304607F0FEF8042102466A
:10D04000384607F0F9F8009023680422D3F80880E6
:10D0500031463B460220C047A3E70022022130466A
:10D0600007F0EAF804210246384607F0E5F8009098
:10D0700023680422D3F8088031463B460220C0478B
:10D0800073E700BF2DE9F0410B6890F87C2084B075
:10D090000D46190A8DF80D10190C8DF80C308DF80D
:10D0A0000E101B0E47F2C40104468DF80F30ADF888
:10D0B0000810002A5ED1036803AF02AED3F80480E3
:10D0C00004223B4631460220C0476A688DF80C2096
:10D0D000110A8DF80D1094F87C30110C120E8DF899
:10D0E0000F2048F2C4028DF80E10ADF80820002B76
:10D0F0007FD123680422D3F8048031463B460220C6
:10D10000C047AA688DF80C20110A8DF80D1094F80C
:10D110007C30110C120E8DF80F2049F2C4028DF8EC
:10D120000E10ADF80820002B4FD123680422D3F84D
:10D13000048031463B460220C047EA688DF80C2047
:10D14000130A8DF80D30130C8DF80E3094F87C30E6
:10D15000120E4AF2C401ADF808108DF80F20FBB989
:10D1600022683B465468314604220220A04704B09E
:10D17000BDE8F08102AE00220221304607F05CF8E3
:10D1800003AF02460421384607F056F800902368A2
:10D190000422D3F8088031463B460220C04794E77A
:10D1A00002213046002207F047F8042102463846A3
:10D1B00007F042F8236800909C6804223B46314601
:10D1C0000220A04704B0BDE8F081002202213046D1
:10D1D00007F032F804210246384607F02DF8009097
:10D1E00023680422D3F8088031463B460220C0471A
:10D1F000A3E700220221304607F01EF80421024670
:10D20000384607F019F8009023680422D3F8088004
:10D2100031463B460220C04773E700BFF0B50446E5
:10D2200087B00D46BAB104AE314A94F87C304FF065
:10D23000FF31CDE9041240F2CE32ADF80C20002BC4
:10D2400041D122683346576803A908220220B84713
:10D25000E5B907B0F0BD27494FF008234FF0FF3282
:10D26000FEF75AFB204623494FF060134FF0FF3280
:10D27000FEF752FB04AEF922ADF810201E490096CD
:10D28000022301222046FDF7B1FDCDE71B490096A0
:10D29000042300222046FDF7ABFE9DF811109DF8F7
:10D2A00010204FF2FF0302EB01221340F3B143F0D1
:10D2B000012343F480331149FF22204607B0BDE823
:10D2C000F040FEF729BB0022022103A806F0B4FFBC
:10D2D00008210246304606F0AFFF0090236803A9FC
:10D2E0009F68082233460220B847B1E7044BE2E7C3
:10D2F000003C00024800070008001100140007006D
:10D300000011010130B5A1F11003B3F5FE6F85B036
:10D31000054619D811F007022ED190F87C308DF80F
:10D320000920C90801394AF2C0408DF80810ADF84B
:10D330000C002BBB2B6802225C6803A902AB1046D1
:10D34000A047002005B030BDB1F5805F14D10123A6
:10D3500003A91A460024009128218DF80C40FDF7FE
:10D3600099FD28464FF440536FF470422421FEF794
:10D37000D3FA204605B030BD4FF0FF3005B030BDC8
:10D38000022103A806F058FF0221024602A806F077
:10D3900053FF2B68009002229C6803A902AB104641
:10D3A000A047CEE72DE9F043044685B090460D46F0
:10D3B000002240F20B11FFF725FC4FF4827294F823
:10D3C0007C30ADF8082043F2D402ADF80C20002BDD
:10D3D0006FD1236802AF03AE0222D3F80490314626
:10D3E0003B461046C847882294F87C308DF80820C8
:10D3F00041F2D402ADF80C20002B40F0AB80236842
:10D400000122D3F8049031463B460220C84794F8E5
:10D410007C30002241F2D4018DF80820ADF80C10C8
:10D42000002B40F0848023680122D3F80490314619
:10D430003B460220C847012350490096002220465F
:10D44000FDF7D6FD9DF80C204FF4827102F01F020B
:10D450002046FFF7D7FBB4F878302B4323F4006362
:10D460009BB2A4F878308DF808301B0A8DF809308B
:10D470009423ADF80C3094F87C30002B44D1236811
:10D4800002225D6831463B460120A84794F87C3073
:10D490008DF8088045F2D402ADF80C20FBB9226863
:10D4A0003B465468314601220220A04705B0BDE842
:10D4B000F08303AE00220221304606F0BDFE02AF2B
:10D4C00002460221384606F0B7FE00902368022289
:10D4D000D3F8089031463B461046C84783E70221FF
:10D4E0003046002206F0A8FE01210246384606F02A
:10D4F000A3FE236800909C6801223B46314602202F
:10D50000A04705B0BDE8F08300220121304606F0B7
:10D5100093FE02210246384606F08EFE00902368F4
:10D5200002229D6831463B460120A847AEE7022112
:10D53000304606F081FE01210246384606F07CFEA8
:10D54000009023680122D3F8089031463B46022020
:10D55000C84770E702213046002206F06DFE012127
:10D560000246384606F068FE009023680122D3F890
:10D57000089031463B460220C84748E708000A00A9
:10D5800003EB010CBCF5806F7ADA2DE9F0437F2BB9
:10D5900087B00F461C4616463AD91423059341F22C
:10D5A000FE03ADF8103090F87C300546002B3AD1E0
:10D5B00002680DF1100805ABD2F804900393042221
:10D5C00041460220C847039B95F87C108DF8144013
:10D5D0000022240A42F2FE008DF815408DF8162034
:10D5E0008DF81720ADF81000002935D12A68414682
:10D5F000546802200422A047284600963B46002299
:10D600004FF4E811FDF746FC002007B0BDE8F083B9
:10D6100000920B4622464FF4A011FDF73BFC002080
:10D6200007B0BDE8F0830DF110080022022140464A
:10D6300006F002FE05AB024604211846039306F0ED
:10D64000FBFD00902A68039BD2F808904146042213
:10D650000220C847039BB7E702214046039306F028
:10D66000EBFD039B02460421184606F0E5FD009001
:10D670002A68039B9468414604220220A047BBE726
:10D680004FF0FF30704700BF2DE9F04F2DED028BBA
:10D690008BB0022ABDF85840CDE903419DF85C10DB
:10D6A000059100F2F181BC4931F8122013449BB27C
:10D6B000BA4A069390F87C30099241F2E22205467C
:10D6C000ADF82020002B40F0B18103680DF1240B50
:10D6D0005C6808AB08EE103A194604225B4602204B
:10D6E000A047039B002B00F09680069E43F20103A7
:10D6F0009E4200F390804FF0000A5B46A84FDDF891
:10D700001090D3469A46039BA3EB0B039BB2102BBE
:10D7100028BF10231522984695F87C30099241F2D3
:10D72000FE02ADF82020002B40F0DA802B6818EEC6
:10D73000101A5C68042253460220A0474FF00003F1
:10D74000320A8DF8273095F87C308DF824608DF8FA
:10D750002520360C42F2FE028DF82660ADF820201E
:10D76000002B40F0D2802B6818EE101A5C6804225F
:10D7700053460220A04708EB48068A4B00937600E8
:10D78000731C9BB200224FF4E8112846FDF730FCD1
:10D79000059B4FEA4804002B65D0032B4FEA4B064C
:10D7A00000F00881022B00F0C58000227D4907951A
:10D7B000104625468B78CC7891F801C01B0203EB0C
:10D7C00004436344C3F3110C3B4206EB000E02F129
:10D7D00001044CEA070C38D147F6FF729342A8BF08
:10D7E00013460498A2B2954220F81E3001F10301BD
:10D7F0001046DFD8079D08EB0B031FFA83FB039B42
:10D800005B4507D9069B0BEB030643F201039E42DF
:10D810007FF779AFD34647F6BF7295F87C3009920F
:10D8200041F2E222ADF82020002B40F018812A6856
:10D8300018EE101A54685B4604220220A04700200C
:10D840000BB0BDEC028BBDE8F08F574B9C45B8BFC9
:10D850009C46A2B2049B954223F81EC0104601F1DB
:10D860000301A7D8C6E7A6F11D034FF6E272934263
:10D8700000F2D1804D4BA9EB0303022B40F2CB8089
:10D880004B48059B4FEA960C49464A46013350F8EF
:10D89000044B41F8044B634502F10402F6D326F031
:10D8A000030343499E4201EB030409EB030099B2D1
:10D8B00000F0BA803E4A8146D35C09F8013B4B1C1C
:10D8C0009BB2B34297D2023189B2637843708E42E1
:10D8D00000F102098FD9A378837000F103098AE768
:10D8E00018EE100A0221002206F0A6FC04210246CE
:10D8F000504606F0A1FC00902B6818EE101A9C68A8
:10D90000042253460220A04718E718EE100A02210D
:10D91000002206F091FC04210246504606F08CFCE1
:10D9200000902B6818EE101A9C68042253460220BF
:10D93000A04720E70021A4461A48049C079507EE5B
:10D9400090AA47F6FF7E0A46837890F803A0164D0A
:10D950001B0203EB0A4A43789A441AEA070318BFEA
:10D960003B46CAF3110A4AEA030A43EA5A03AB42A6
:10D97000B8BF2B460131324489B27345A8BF734604
:10D980008C4524F8123000F103000A46DCD8079DCC
:10D9900017EE90AA2FE700BFCC0D0500FFFF4080D7
:10D9A0000000FCFFF82D01200080FFFFFA2D012070
:10D9B000F92D01200021A4463548049C079507EE67
:10D9C00090AA47F6FF7E0A46837890F803A0314D6F
:10D9D0001B0203EB0A4A43789A441AEA070318BF6A
:10D9E0003B46CAF3110A4AEA030A43EA9A03AB42E6
:10D9F000B8BF2B460131324489B27345A8BF734684
:10DA00008C4524F8123000F103000A46DCD8079D4B
:10DA100017EE90AAEFE61E4B4E4413F8012F09F8BB
:10DA2000012B4E45F9D1E6E69146E4E608AB1846EF
:10DA3000002202211E4608EE103A06F0FDFB0DF111
:10DA4000240B02460421584606F0F6FB00902B6892
:10DA500004229C6831465B460220A04741E618EE4E
:10DA6000100A0221002206F0E7FB04210246584674
:10DA700006F0E2FB2B6800909C6818EE101A5B46DB
:10DA800004220220A047DAE64FF0FF30D8E600BFBC
:10DA9000F82D01200080FFFF70B511F0010684B061
:10DAA000054639D00C464FF410736FF47C624FF486
:10DAB000A021FDF731FF39494FF404034FF0FF3245
:10DAC0002846FDF729FF14F002044FF010020CBFA6
:10DAD00000210F218DF80C2095F87C308DF80E1068
:10DAE00001228DF80D2045F6E20100228DF80F206D
:10DAF000ADF8081053BB2A6803AB566802A904228C
:10DB00000220B04704B326494FF48872284604B077
:10DB1000BDE87040FEF7ACBD33466FF47C624FF455
:10DB2000A021FDF7F9FE95F87C304FF6FF6145F630
:10DB3000E2220391ADF80820E3B92A6803AB5468E8
:10DB400002A904220220A04704B070BD022102A84D
:10DB500006F072FB0421024603A806F06DFB00905C
:10DB60002A6803AB966802A904220220B047002C61
:10DB7000EAD0C8E73246022102A806F05DFB042184
:10DB8000024603A806F058FB2B6800909C6804220C
:10DB900003AB02A90220A04704B070BD040011002D
:10DBA000160011002DE9F04184B090F87C30044655
:10DBB0009E2202200D468DF80B00ADF80C2073B9A3
:10DBC00023680DF10B0703AE0122D3F80480314620
:10DBD0003B461046C047D5B904B0BDE8F08103AE5E
:10DBE00000220121304606F027FB0DF10B0702460B
:10DBF0000121384606F020FB009023680122D3F86B
:10DC0000088031463B461046C047002DE4D09E2395
:10DC1000ADF80C3094F87C3001258DF80B504BB9E1
:10DC200022683B46546831462A462846A04704B03D
:10DC3000BDE8F08129460022304606F0FDFA29466B
:10DC40000246384606F0F8FA236800909C682A4697
:10DC50003B4631462846A04704B0BDE8F08100BFEE
:10DC600010B5012A84B004461BD0C94389B290F88C
:10DC70007C308DF80C100022080A43F2CA218DF87E
:10DC80000D008DF80E208DF80F20ADF80810DBB9CF
:10DC9000226803AB546802A904220220A04704B002
:10DCA00010BDFF2390F87C208DF80C30080A8DF809
:10DCB0000D3043F2CA238DF80E108DF80F00ADF829
:10DCC0000830002AE4D00022022102A806F0B4FAAB
:10DCD0000421024603A806F0AFFA236800909C686E
:10DCE000042203AB02A90220A04704B010BD00BF6C
:10DCF00070B5044690F87C3086B061B30A0C080A0F
:10DD00008DF814108DF81620090E4DF2C0028DF812
:10DD100015008DF81710ADF81020002B40D12268A7
:10DD200004AD05AB56680393042229460220B04790
:10DD3000039B324994F87C20059144F2C021ADF850
:10DD40001010002A43D12268294654680220042278
:10DD5000A04706B070BD4FF6FF5044F2C0220590B8
:10DD6000ADF8102043B9226805AB546804A9042219
:10DD70000220A04706B070BD0A4604A8022106F0A2
:10DD80005BFA0421024605A806F056FA23680090C3
:10DD90009C68042205AB04A90220A04706B070BD10
:10DDA00004AD00220221284606F046FA05AB0246E1
:10DDB00004211846039306F03FFA22680090966803
:10DDC000039B042229460220B047039BB1E70221AE
:10DDD00028460022039306F02FFA039B02460421F3
:10DDE000184606F029FA226800909468039B0422E2
:10DDF00029460220A04706B070BD00BFFFFF000209
:10DE0000F0B585B00A44B3F5445F0A9EC2F3044CF2
:10DE100043D202F07F021C46930043EA4C2C4FEAA7
:10DE20001C2C4CF0800C05468DF80D308DF80CC084
:10DE300094B17AB34CF0400C02218DF80CC00F461F
:10DE400095F87C309BB92A683346556803A9224669
:10DE50003846A84705B0F0BD490061F07E038DF853
:10DE60000C3095F87C3001210F46002BEBD003A835
:10DE7000002206F0E1F921460246304606F0DCF9C0
:10DE800000902A683346956803A922463846A84779
:10DE900005B0F0BD01210F46D2E7034B034A044809
:10DEA00040F2BF11F7F78AFBA80B0500200D050013
:10DEB000BC0B05002DE9F0430E46C97CFF298BB051
:10DEC00000F085810446002A00F0E5803368F2897D
:10DED000997A8DF81810597A8DF81910197A8DF8E9
:10DEE0001A10D9798DF81B1099798DF81C10597971
:10DEF0008DF81D1019798DF81E10D9788DF81F1026
:10DF000099788DF8201059788DF8211019788DF8AE
:10DF10002420120A8DF8252000228DF822108DF879
:10DF20002320197B8DF82610DB7A8DF8273006AB7D
:10DF30000093AA491023FCF7ADFF337BF189B27C33
:10DF4000CD18002A40F0AE80317C0029F17C0CBF56
:10DF50007F204FF48060A0EB0100A0F102000CBF15
:10DF60004FF4B0114FF4A011854200F2AA807068FE
:10DF7000009020460391FCF78DFFB268F389009270
:10DF80000399327B2046FCF785FF717C327C531E5F
:10DF9000012B40F29B804B1E012B40F2F1800429A3
:10DFA00000F0A08042EA41328D492046FEF760FB36
:10DFB000F189337B8B4A03F07F0302EAC1121A43D3
:10DFC00089492046FEF754FB94F87C30012543F242
:10DFD000C3028DF81750ADF81820002B40F0BA801E
:10DFE00023680DF1170906AF2A4639465D680220FD
:10DFF0004B46A84744F2430804E09DF8165015F03C
:10E00000050F2DD12068ADF81880056839460DF14F
:10E01000160301220220A84794F87C100229ECD1B3
:10E020000022384606F008F9012102460DF11600DB
:10E0300006F002F901230546002218212046CDF8FA
:10E040000090FCF7D5FF9DF817309D42D5D0236A8C
:10E05000002BD2D098479DF8165015F0050FD1D05F
:10E0600094F87C308DF8175044F2C302ADF81820B4
:10E07000002B5CD1226839464B46576802200122AA
:10E08000B84705F00F03012B05F03F0530D068B20B
:10E090000BB0BDE8F0833368009350490C23FCF7C4
:10E0A000F9FE4AE7012A40F08F80717CF27C00295A
:10E0B00040F2FF3308BF7F239B1A023B9D427FF64D
:10E0C00065AF4FF0FF300BB0BDE8F08394F87630C9
:10E0D000032B61D04B1E012B5BD904294FF00102A9
:10E0E0007FF460AFF389102B74D842F400425BE7F1
:10E0F000B37C012BCBD1737C5A1E012A54D9032B3C
:10E100000CBF4FF4A0174FF4B017726812B1337BF5
:10E11000002B52D1B268002AB9D0F389002BB6D0B7
:10E120000092327B39462046FCF762FFAFE70221BE
:10E130003846002206F080F801210246484606F0E3
:10E140007BF80090226839464B46976802200122EE
:10E15000B84796E706AF00220221384606F06CF871
:10E160000DF1170902462946484606F065F8009069
:10E1700023682A4639469D6802204B46A84739E75E
:10E1800094F87630032B0CBF42F4804242F40052E4
:10E190000AE742F2010207E74B1E012B01D90222D6
:10E1A000FDE644F20202FFE694F87630032B0CBF42
:10E1B0004FF498174FF49017A7E7009239460022C2
:10E1C0002046FCF715FFA5E76FF0010060E76FF050
:10E1D00002005DE76FF003005AE700BF3400010062
:10E1E0004400010080FF0100480001002DE9F043D8
:10E1F00087B090F87C3004464DF2CE0204200F46E2
:10E200008DF81000ADF81420002B40F0DE8023685C
:10E2100004AE05ADD3F8048001223346294602201E
:10E22000C0479A490095042300222046FCF7E0FEEF
:10E230009DF817909DF81630944903EB09239DF83B
:10E24000159009EB03239DF814904FF0FF32204600
:10E2500009EB03290223FDF75FFB8D4900236FF4CF
:10E26000C0022046FDF758FB202194F87C308DF841
:10E27000141000223F0190218DF815708DF81620A2
:10E280008DF81720ADF81010002B40F0ED802368BA
:10E2900004225F6831462B460120B84701236FF006
:10E2A00001024FF400212046FDF736FB41F25008F1
:10E2B00003E09DF81430DB072CD42068ADF8108003
:10E2C000076831462B4604220220B84794F87C1098
:10E2D0000229EED10022304605F0AEFF04210246AD
:10E2E000284605F0A9FF0DF10F0C07460123002277
:10E2F00018212046CDF800C0FCF77AFE9DF80F30BB
:10E300009F42D6D0236A002BD3D098479DF8143073
:10E31000DB07D2D5022300224FF0081100952046DA
:10E32000FCF766FE9DF815309DF8147007EB032787
:10E3300094F87C3000229021BFB28DF81020ADF807
:10E340001410002B7DD123680122D3F804802946C4
:10E3500033461046C04794F87C3000224DF2CE017F
:10E360008DF81020ADF81410002B57D1236801222E
:10E37000D3F80480294633460220C0474FEA1922C9
:10E380008DF8152094F87C308DF814904FEA1942DE
:10E390008DF816204FEA196942F2CF028DF81790D6
:10E3A000ADF810203BBB22682B4631465568022051
:10E3B0000422A8472046364900236FF4C002FDF727
:10E3C000ABFA384607B0BDE8F08305AD0022022164
:10E3D000284605F031FF04AE02460121304605F023
:10E3E0002BFF009023680122D3F80880294633468A
:10E3F0000220C04715E700220221304605F01CFF2D
:10E4000004210246284605F017FF009022682B469B
:10E410003146956802200422A847CBE7022128460E
:10E4200005F00AFF01210246304605F005FF009085
:10E4300023680122D3F80880294633460220C047CA
:10E440009CE70121284605F0F7FE012102463046EF
:10E4500005F0F2FE009023680122D3F808802946D7
:10E4600033461046C04776E70121304605F0E4FE0A
:10E4700004210246284605F0DFFE009023680422AE
:10E480009F6831462B460120B84707E74800070040
:10E49000340007002DE9F04100238122A0F87830F4
:10E4A000A0F87C30A0F8763080F87020A0F87130A9
:10E4B0000022C0F8983080F8A830A0F89030A0F87A
:10E4C0006E300023C0E9282384B00D4604210446A1
:10E4D000FDF70CFF052107462046FDF707FF0A213F
:10E4E00006462046FDF702FF330E03F03003C6F365
:10E4F0000352C0F30440134384F86C00C4F89870CE
:10E5000000F0ED8084F8713017B1002E40F0838068
:10E5100003AE94F87130A3B1C3F3011103F00F03FC
:10E520000D2B76D903290CD00131083BC9B2DBB2DF
:10E5300043EA0113D9B284F872104FF4867005F0E3
:10E5400053FE20212046FDF7D1FE7F4BC01AB0FAC2
:10E5500080F04009E90684F86D00EFB240F1E380F5
:10E560007A0640F1D8802B0678D594F86F0010B960
:10E57000852384F86F3094F86E3013B9742384F8CF
:10E580006E301F212046FDF7B1FE1E2184F8740075
:10E590002046FDF7ABFE94F87C3010F03F0008BF3A
:10E5A0002E2045F2D20284F875008DF80B00ADF8EC
:10E5B0000C20002B40F09A8022680DF10B03556867
:10E5C000314601220220A84735212046FDF78EFE64
:10E5D000054600284AD10B230F22C4E9282394F9C9
:10E5E00070307F3355D02046584A5949FEF740F8DD
:10E5F00020460096042300221021FCF7F9FC9DF828
:10E600000C300020C3F3800384F8903004B0BDE8E0
:10E61000F08102338CE794F86C3003AE002B3FF4AA
:10E6200078AF4C49039120464B49009604230022C1
:10E63000FCF78AFCE02294F86C308DF80C20FF2265
:10E640008DF80D208DF80E300022444900960423E9
:10E6500020468DF80F20FCF777FC5AE70921204669
:10E66000FDF744FEC0B284F86F0080E702463C49E3
:10E670002046FDF7FDFFEB0C05F01F0203F0200321
:10E680001343C5F30D25C4E9285394F970307F3343
:10E69000A9D102212046FFF7A9FD0502012120464C
:10E6A000ADB2FFF7A3FD2A0A94F86F30DFED2D6AB3
:10E6B00007EE902AB8EE677A07EE903AF8EE677A9E
:10E6C00077EE677AB3EE067A67EEA67A77EE877A08
:10E6D000FDEEE77A17EE903A84F8703083E74FF456
:10E6E000867005F06BFD84F872000DE700220221B0
:10E6F000304605F0A1FD012102460DF10B0005F0A9
:10E700009BFD236800909D6801220DF10B033146AB
:10E710000220A84758E708212046FDF7E7FD000C36
:10E7200084F86E001FE706212046FDF7DFFD0D216E
:10E73000A0662046FDF7DAFD0E2180462046FDF753
:10E74000D5FDC4E918800BE74002001067070E04EE
:10E7500018000700FFFF800108000B001F001100D8
:10E76000040009006666863F2DE9F04F89B09B469C
:10E770009DF94C3013F17F0F04460D46924600F090
:10E78000B1815F2B04DDD4F89830002B40F0CF81AD
:10E79000BF494FF01A122046FDF76AFFBD4BBE4A33
:10E7A000BE492046FDF7B8F8FE23ADF8183006AB99
:10E7B000BB490093002202232046FCF717FB06AB5F
:10E7C0000093B849012302222046FCF711FC9DF872
:10E7D0001830032B00F02C81B34AB4492046FDF7D2
:10E7E00047FF41F63C724FF410212046FDF740FFF1
:10E7F00006AB009301231A46AD49204614268DF836
:10E800001860FCF747FBAB494FF460236FF47F02BD
:10E810002046FDF781F8A84BA84AA9492046FDF7F4
:10E820007BF82F024FF080634FF0FF324FF4E0216E
:10E830002046FDF771F8A3493B461F222046FDF70D
:10E840006BF84FF48053A0494FF0FF322046FDF79C
:10E8500063F8904A4FF4E0212046FDF709FF504647
:10E860000CF0B2FD0026BBF1000F2BD1DBE001352F
:10E870006D08013D2F023B0E94F87C00934A8DF801
:10E880001F304FF0000C390C41F2D23306928DF854
:10E890001CC08DF81D508DF81E10ADF814300028E6
:10E8A00040F0AD80206806ABD0F80480082205A9AE
:10E8B0000220C04701365046F6B20CF085FDB34544
:10E8C00000F0B180236843F25202ADF81820D3F86B
:10E8D000008006A90DF1130301220220C04794F81D
:10E8E0007C1002296DD023689DF813804FF24E02F0
:10E8F000ADF81820D3F8009006A90DF113030122FA
:10E900000220C84794F87C1002293ED09DF81330AD
:10E9100003F00302032A07D05A07A8D49B07AAD4FE
:10E920006D0001352F02A6E708F04608B8F1460F42
:10E93000F2D106AB664A009306922046654904234D
:10E940000022FCF701FB204663494FF480036FF47B
:10E950000002FCF7E1FF002320465F496FF48002CC
:10E96000FCF7DAFF20464D490022FDF781FE2046E4
:10E9700000224FF4E021FDF77BFE129B00201E7069
:10E98000C4F8A05009B0BDE8F08F002206A805F039
:10E9900053FC012102460DF1130005F04DFC05ABBF
:10E9A000009381460123002218212046FCF720FB1A
:10E9B0009DF814309945A9D0236A002BA6D098471A
:10E9C000A4E7002206A805F037FC012102460DF15C
:10E9D000130005F031FC05AB0093804601230022B3
:10E9E00018212046FCF704FB9DF8143098453FF4AD
:10E9F0007AAF236A002B3FF476AF984773E76246FD
:10EA0000022105A805F018FC0821024606A805F019
:10EA100013FC22680090D2F8088006AB05A90822F2
:10EA20000220C04746E76FF0010009B0BDE8F08F53
:10EA300006AB00932046274901230022FCF7D8FAB1
:10EA40009DF81860234906AB00932046012300225D
:10EA500046F003078DF81870FCF71CFA20461F4A91
:10EA60001D494FF40003FCF757FF20461A490023C5
:10EA70006FF40002FCF750FF06AB009315498DF8C8
:10EA80001860012300222046FCF704FAA4E600BF28
:10EA90004800070000C00204FF3FFAFB0400070023
:10EAA0001400010030000F003411071C1C00070087
:10EAB0005000070018000700FC00080000FEF7FFE8
:10EAC000080009000400090010000900FF00C0FF51
:10EAD000FFFF02000400110008001100FFFE7FFF8D
:10EAE0006666863F0221FFF781FB000286B20121A4
:10EAF0002046FFF77BFB330A07EE903A94F86F301D
:10EB00001FED096AB8EE677A07EE903AF8EE677A79
:10EB1000F3EE066A77EE677A67EE867A77EEA67A84
:10EB2000FDEEE77ACDED037A9DF90C3029E6C3F3CB
:10EB30000342023A23F4702322EAE272034943EAD1
:10EB400002422046FDF794FD22E600BF4000070088
:10EB50002DE9F041012984B0044677D003AF0223A8
:10EB600040F202211D460022ADF80C1000974FF430
:10EB70003021FCF78FF92B4600224FF4302120463C
:10EB80000097ADF80C50FCF785F940F2F3322B46B4
:10EB9000ADF80C20009700224FF430212046FCF7FE
:10EBA00079F940F2F31294F87C30ADF808209622FF
:10EBB000ADF80C20002B35D1236802AED3F80480C9
:10EBC0002A46334639460120C0474FF4417102239B
:10EBD0000022ADF80C1020464FF430210097FCF7CE
:10EBE00059F94FF482720223ADF80C2000970022ED
:10EBF0004FF430212046FCF74DF94FF4007294F8A1
:10EC00007C30ADF808209622ADF80C20002B7DD189
:10EC1000226833465468394602220120A04704B0D6
:10EC2000BDE8F08100220121384605F005FB02AE67
:10EC300002462946304605F0FFFA009023682A462E
:10EC400039469D6801203346A847BEE703AD182228
:10EC5000ADF80C203849009502230022FCF71AF980
:10EC6000022340F202211E46ADF80C10204600950A
:10EC700000224FF43021FCF70DF933462046009571
:10EC800000224FF43021ADF80C60FCF703F940F29C
:10EC9000F3323346ADF80C202046009500224FF4A5
:10ECA0003021FCF7F7F840F2F3123346ADF80C20B0
:10ECB0002046009500224FF43021FCF7EBF840F29B
:10ECC00001323346ADF80C202046009500224FF467
:10ECD0003021FCF7DFF840F201123346ADF80C208A
:10ECE0002046009500224FF43021FCF7D3F84FF472
:10ECF00000770095334600224FF430212046ADF8CE
:10ED00000C70FCF7C7F804B0BDE8F081012138466B
:10ED1000002205F091FA02210246304605F08CFAF5
:10ED2000236800909C680222334639460120A047A0
:10ED300004B0BDE8F08100BF08000B00F0B5044648
:10ED400085B00021FFF704FF94F86C3003AD9BB948
:10ED500002AE142294F87C308DF8082044F2CF42A1
:10ED6000ADF80C2073BB2268334654682946012253
:10ED70000220A04705B0F0BD264A2749039204238C
:10ED8000002200952046FCF7DFF8E02294F86C1092
:10ED90008DF80C2094F87C308DF80E10FF228DF841
:10EDA0000D2047F6E26100228DF80F20ADF8081023
:10EDB000E3B9236802AE5F6804222B463146022085
:10EDC000B847C6E702212846002205F035FA01219E
:10EDD0000246304605F030FA236800909C68012214
:10EDE000334629460220A04705B0F0BD02AE0221FD
:10EDF000304605F021FA04210246284605F01CFAA7
:10EE0000236800909F6804222B4631460220B847B1
:10EE10009FE700BFFFFF800108000B00F0B590F8EE
:10EE20007630012B85B004460D463BD0032B49D1EB
:10EE300090F87C30F02149F2C2028DF80B10ADF849
:10EE40000C20002B44D1036803AE5F6801220DF152
:10EE50000B0331460220B8470096022300224FF4EC
:10EE6000F0112046FCF7C4F89DF80D009DF80C3019
:10EE70002A7803EB00239BB219044CBF42F0010235
:10EE800002F0FE022A7094F873202AB903F07F0082
:10EE9000A4F8860005B0F0BDC3F30900A4F886000D
:10EEA00005B0F0BD0F2203AE14498DF80C2000967A
:10EEB0000022FBF7EFFF0096022300224FF4C0115F
:10EEC0002046CFE703AB0093002202234C21C9E781
:10EED00003AE00220221304605F0AEF901210246C0
:10EEE0000DF10B0005F0A8F9009022680DF10B035D
:10EEF0009768314601220220B847ADE7240001009F
:10EF00002DE9F04F85B00DF10C08044601230022D5
:10EF10004FF4F811CDF80080FCF76AF804230022C2
:10EF200044212046CDF800809DF80C70FCF760F875
:10EF30009DF80F509DF80E3003EB05239DF80D5002
:10EF400005EB03239DF80C5005EB032525F0010686
:10EF5000324644212046FDF78BFB94F87D30C4F8FF
:10EF60008C4003F003030022032BC4F8806084F874
:10EF70008820C4F8842004F1800900F0EF8005F4B3
:10EF8000005B07F0080A6B0544BF042384F888304F
:10EF9000380600F11581FA0708D594F8A830072B38
:10EFA00040F0C880E3680BB1484698477B0603D51C
:10EFB000636A0BB14846984715F400457CD094F835
:10EFC0003C5015F0010577D0BBF1000F40F03381C4
:10EFD000BAF1000F40F051810025002384F88830F9
:10EFE00004F188012046FFF719FF94F87630B0FA53
:10EFF00080FA4FEA5A1A002B6CD0A249CDF8008053
:10F00000012300222046FBF7F3FF94F876209DF8B9
:10F010000C30032A08BF1B09D80748BF46F48046B6
:10F02000990748BF46F400565A0753D546F4806303
:10F0300016F4802FC4F880301E4600F0F08094F85B
:10F040008830F10043F0080384F888304BD4BAF1DB
:10F05000000F51D1B20406D594F87D3003F00303BC
:10F06000032B00F0FB8006F4804656EA050304D02B
:10F0700004F188012046FFF7D1FEB4F88630002B5A
:10F0800076D023690BB14846984794F87630002B28
:10F0900040F08780002384F88830BAF1000F3FD019
:10F0A000BB0606D563690BB148469847002384F830
:10F0B000883005B0BDE8F08FBBF1000F26D1BAF162
:10F0C000000F2DD0002584F88850AA4694F8763099
:10F0D000002B92D17303C4F88060B0D4700500F1A6
:10F0E0009E80F100B3D594F8883043F0100384F883
:10F0F0008830BAF1000FADD094F8883043F00203A5
:10F1000084F888300023A4F88630BAE794F890B0E9
:10F11000BBF1010F00F09580BAF1000F40F095802F
:10F12000FD06BDD5A3690BB148469847002384F876
:10F130008830B5E74EF21F03ADF80C305249CDF8D8
:10F140000080022301222046FBF750FE072384F8AB
:10F15000A830E368002B7FF427AF27E715F4005BA6
:10F160000EBF07F0080A47F008074FF0080A0AE741
:10F1700094F87D3003F00303032B82D0D4F8803061
:10F1800023F4904343F48053C4F88030A3690BB157
:10F1900048469847002384F8883094F87630002B4E
:10F1A000BED0002300931A4613212046FBF772FEBF
:10F1B00094F87630032B4DD0032384F8763069E73A
:10F1C0000223002248212046CDF80080FBF710FFE3
:10F1D0009DF80D209DF80C30CDF8008003EB022344
:10F1E0009BB2A4F884308DF80C301B0A8DF80D30DA
:10F1F0000022022348212046FBF74CFE94F87C3085
:10F20000A3B9B4F8843003F46063002B3FF4C3AEB9
:10F21000E369002B3FF4BFAE48469847BBE694F83D
:10F22000883043F0040384F888305AE7D4F88030FB
:10F230005907EDD4E5E794F89050012D7FF4CCAE5A
:10F24000CBE6BAF1000F12D05D464FF0000A84F809
:10F2500088A03BE7012384F876301BE794F88830D8
:10F26000A4F886A043F0020384F8883009E74FF041
:10F27000000A84F888A0012528E784F888B05D4654
:10F28000AEE600BF2400010010000900F0B511F047
:10F29000010290F87C3087B00C4605462FD0EF2154
:10F2A00040F6DC12ADF81010ADF81420002B59D147
:10F2B0002A6804AB57680393022205AE3146104614
:10F2C000B847039B85F87E40620824D195F87C10EE
:10F2D00001244AF2C2008DF81040ADF81400002954
:10F2E00057D12A683146576802202246B84795F818
:10F2F0007E3043F0020385F87E3007B0F0BD41F266
:10F30000FF01ADF8101040F6DC11ADF81410002B21
:10F31000CED005AE28E095F87C108DF810204AF28A
:10F32000C200ADF8140039B92A6831465468022089
:10F330000122A04707B0F0BD02213046002203930E
:10F3400004F07AFF039B02460121184604F074FF83
:10F350002A6800909468039B012231460220A0474E
:10F3600007B0F0BD05AE00220221304604F064FF74
:10F3700004AB024602211846039304F05DFF00909F
:10F380002A68039B9768022231461046B847039BC0
:10F3900098E730460221039304F04EFF039B024698
:10F3A0002146184604F048FF00902868039B224637
:10F3B000314684680220A04799E700BFF0B590F875
:10F3C000A820072A85B004460D4613D155B325F071
:10F3D0000203013B0F2B09D8DFE803F0680808712E
:10F3E0000808087A080808080808082E4FF0FF30B7
:10F3F00005B0F0BD90F87C304EF21F0144F2D252BD
:10F40000ADF80810ADF80C20002B7ED10368022265
:10F410005E6803A902AB1046B047072384F8A83002
:10F42000002DD4D1204600952B462A460221FBF719
:10F4300031FD284605B0F0BD2C212046FBF736FEF5
:10F4400003AE01231A463B49009607462046FBF7C8
:10F45000CFFD9DF80C202C21BA1A2046FDF708F9A3
:10F46000002300931A4606212046FBF713FD204691
:10F470000096012303224421FBF7BAFD9DF80C00FE
:10F4800010F00800B4D0002300931A461946204615
:10F49000FBF700FD15F00203A8D1204600931A46A1
:10F4A0000221FBF7F7FC4FF0FF30A1E700230093A8
:10F4B0001A4604212046FBF7EDFC03AED7E70023F4
:10F4C00000931A460A212046FBF7E4FC03AECEE780
:10F4D0002C212046FBF7EAFD03AE01231A4607461E
:10F4E000009620464FF46021FBF782FD9DF80C202A
:10F4F0002046BA1A2C21FDF7BBF8002300931A46C8
:10F5000008212046FBF7C6FCB1E703AE002202212A
:10F51000304604F091FE0221024602A804F08CFE5F
:10F520000090226831469668022202AB1046B0472E
:10F5300073E700BF04000100F0B587B041F6220276
:10F54000ADF8142005AA0446022300920D460022BD
:10F55000A149FBF79FFCA1494FF008234FF0FF3270
:10F560002046FCF7D9F99D494FF060134FF0FF3268
:10F570002046FCF7D1F9F921ADF8141005A90223B2
:10F580000122009120469649FBF730FC954B4FF045
:10F59000FF324FF4E0212046FCF7BEF9914B92492F
:10F5A0004FF0FF322046FCF7B7F9C5F30B0194F892
:10F5B0007C308DF81010080A47F2D0028DF8110047
:10F5C000ADF81420002B40F0A880236804AE02227E
:10F5D0005D6805A933461046A84740F2FF3294F80B
:10F5E0007C30ADF8102044F2D012ADF81420002B7E
:10F5F00040F0DF80226855680222334605A9104694
:10F60000A84744F2500704E09DF80F2012F00102D1
:10F610002CD02068ADF81470056805A90DF10F0312
:10F6200001220220A84794F87C100229ECD1002284
:10F6300005A804F001FE012102460DF10F0004F0BF
:10F64000FBFD012305460022182120460096FBF70A
:10F65000CFFC9DF810309D42D6D0236A002BD3D02A
:10F6600098479DF80F2012F00102D2D141F2CE034B
:10F67000ADF8103094F87C300592002B40F0878074
:10F68000226805AB5568314604220220A8470025B0
:10F6900005AB00935149059504232A462046FBF704
:10F6A000F9FB8E23ADF8103094F87C300595002BD3
:10F6B0005AD1226805AB5568314604220120A8477B
:10F6C00040F2FF6294F87C30ADF8102042F2E25232
:10F6D000ADF81420002B34D1236802225D6805A9FF
:10F6E00033461046A8474FF40070ADF8140005A843
:10F6F00000903949204602230022FBF7CBFB05ABE3
:10F7000020460093394901230022FBF771FC9DF844
:10F71000140000F03F0007B0F0BD0022022105A850
:10F7200004F08AFD04AE02460221304604F084FD56
:10F730002368009002229D6805A933461046A84719
:10F740004BE7022105A8002204F076FD02210246C3
:10F75000304604F071FD2368009002229D6805A9DF
:10F7600033461046A847BEE72A460121304604F03A
:10F7700063FD0421024605A804F05EFD23680090A5
:10F780009D68042205AB31460120A84798E7022175
:10F79000304604F051FD0421024605A804F04CFD5A
:10F7A000236800909D68042205AB31460220A847DB
:10F7B0006DE7022105A8002204F03EFD0221024669
:10F7C000304604F039FD2368009002229D6805A9A7
:10F7D00033461046A84714E704001100480007000C
:10F7E00008001100003C0002040007001C00070094
:10F7F0002DE9F0410D46B1F8051084B00446A9B9D1
:10F800002A7890F87C308DF8082047F2CE02ADF8C7
:10F810000C20002B41D1036802AE03AFD3F8048063
:10F820000122334639460220C04703E0FFF784FE39
:10F8300003AF02AED5F801308DF80C301A0A8DF8FE
:10F840000D201A0C8DF80E2094F87C201B0E43F22C
:10F85000C201ADF808108DF80F304AB922683B4656
:10F860005468314604220220A04704B0BDE8F0816C
:10F8700002213046002204F0DFFC04210246384613
:10F8800004F0DAFC236800909C6804223B46314671
:10F890000220A04704B0BDE8F08103AF0A46384615
:10F8A000022104F0C9FC02AE02460121304604F0F8
:10F8B000C3FC009023680122D3F808803946334600
:10F8C0000220C047B6E700BF2DE9F04F05298BB0F5
:10F8D000044600F0EB807D21A5233E250591B5214E
:10F8E000CDE903534FF0FE0B36234FF0AF0A0791DB
:10F8F000022106935A46A8234FF0AC09D046029144
:10F900008DF82530029B8DF8263094F87C308DF8E8
:10F9100024204EF2C60100228DF82720ADF82010D9
:10F92000002B40F04B8123685B6809AD08AE1F4691
:10F9300004222B4631460220B847069B8DF824301E
:10F94000029B8DF8263094F87C308DF825900022AB
:10F950004FF2C6018DF82720ADF82010002B40F0A3
:10F960001A8123680422D3F8049031462B460220E2
:10F97000C847049B8DF82530029B8DF8263094F8FB
:10F980007C308DF824B00022C7218DF82720ADF8F7
:10F990002010002B40F0EC8023680422D3F8049060
:10F9A00031462B460220C847039B8DF82430029B2A
:10F9B0008DF8263094F87C308DF825A0002241F295
:10F9C000C7018DF82720ADF82010002B40F0BD8036
:10F9D00023680422D3F8049031462B460220C847FE
:10F9E000059B8DF82430029B8DF8263094F87C30EE
:10F9F0008DF82580002242F2C7018DF82720ADF84E
:10FA00002010002B40F08E8023680422D3F804904D
:10FA100031462B460220C847029B8DF82630B5227E
:10FA200094F87C308DF8242043F2C70100228DF831
:10FA300025808DF82720ADF82010002B5FD123689A
:10FA40000422D3F8049031462B460220C847079B76
:10FA50008DF82430029B8DF8263094F87C308DF898
:10FA60002580002244F2C7018DF82720ADF8201030
:10FA7000002B32D122682B465768314604220220DF
:10FA8000B847594809905949009520460423002257
:10FA9000FBF700FA564E57490095042300222046F2
:10FAA0000996FBF7F7F90BB0BDE8F08F7E21C6236E
:10FAB000CDE9031336210591F5213E23079101215C
:10FAC00006934FF0BE0B4FF0C70AFD22C0234FF044
:10FAD000C4094FF0CF08029112E70221304604F02A
:10FAE000ABFB04210246284604F0A6FB23680090E5
:10FAF0009F6831462B4604220220B847C1E7022105
:10FB0000304604F099FB04210246284604F094FB99
:10FB1000009023680422D3F8089031462B46022037
:10FB2000C84794E70221304604F086FB04210246D0
:10FB3000284604F081FB009023680422D3F8089043
:10FB400031462B460220C84766E70221304604F0C2
:10FB500073FB04210246284604F06EFB00902368E4
:10FB60000422D3F8089031462B460220C84737E7D5
:10FB70000221304604F060FB04210246284604F0CE
:10FB80005BFB009023680422D3F8089031462B4693
:10FB90000220C84708E70221304604F04DFB04214B
:10FBA0000246284604F048FB009023680422D3F85C
:10FBB000089031462B460220C847DAE608AE0221FB
:10FBC000304604F039FB09AD02460421284604F012
:10FBD00033FB009023689B6804221F4631462B4666
:10FBE0000220B847A9E600BF400200101C00030035
:10FBF00089A46D1B20000300F0B587B041F62202F6
:10FC0000ADF8142005AA0446022300920D460022F6
:10FC1000A449FBF73FF9A4494FF008234FF0FF3206
:10FC20002046FBF779FEA0494FF060134FF0FF32FA
:10FC30002046FBF771FEF921ADF8141005A9022347
:10FC40000122009120469949FBF7D0F8984B4FF0DC
:10FC5000FF324FF4E0212046FBF75EFE944B9549BE
:10FC60004FF0FF322046FBF757FE94F87C3005F04A
:10FC70003F0547F2CE028DF81050ADF81420002B4E
:10FC800040F0AD80236804AE5D680122334605A9CB
:10FC90000220A84740F2FF1294F87C30ADF8102003
:10FCA00044F2D012ADF81420002B40F0E780226817
:10FCB00055680222334605A91046A84744F250076A
:10FCC00004E09DF80F2012F001052CD02068ADF85B
:10FCD0001470056805A90DF10F0301220220A84741
:10FCE00094F87C100229ECD1002205A804F0A4FAB3
:10FCF000012102460DF10F0004F09EFA0123054692
:10FD00000022182120460096FBF772F99DF810306A
:10FD10009D42D6D0236A002BD3D098479DF80F2060
:10FD200012F00105D2D105AA6349009202232A46A6
:10FD30002046FBF75DF99DF815309DF814705D497C
:10FD4000059505AA009207EB03272A4604232046BF
:10FD5000FBF7A0F894F87C30059542F2CF02C7F388
:10FD60000B07ADF81020002B75D1236804225D68C5
:10FD7000314605AB0220A847002505AB00932A4673
:10FD800004234FF4E02120460595FBF783F840F269
:10FD9000FF6294F87C30ADF8102042F2E252ADF8E8
:10FDA0001420002B44D1236802225D6805A9334644
:10FDB0001046A8474FF40073ADF8103041F2E2034B
:10FDC000ADF8143094F87C30EBB9236802225C68FB
:10FDD00005A933461046A047384607B0F0BD0022BB
:10FDE000022105A804F028FA04AE0246012130469B
:10FDF00004F022FA236800909D680122334605A989
:10FE00000220A84746E70022022105A804F014FAC0
:10FE100002210246304604F00FFA236800900222C5
:10FE20009C6805A933461046A047384607B0F0BD88
:10FE30002A46022105A804F0FFF9022102463046B5
:10FE400004F0FAF90090236802229D6805A9334660
:10FE50001046A847AEE72A460221304604F0ECF9E6
:10FE60000421024605A804F0E7F900902368042263
:10FE70009D68314605AB0220A8477DE7022105A811
:10FE8000002204F0D9F902210246304604F0D4F9E8
:10FE90002368009002229D6805A933461046A847B2
:10FEA0000CE700BF04001100480007000800110023
:10FEB000003C000204000700140008002DE9F04394
:10FEC0001C4690F87630032B04EB020316460F46CF
:10FED0000BBF132212224FF498114FF49011B3F577
:10FEE000806F85B006DA7F2C07D80097334622460C
:10FEF000FBF77EF805B0BDE8F0834FF0000805463B
:10FF00000DF10C098DF80C20042342461F49CDF851
:10FF100000908DF80D808DF80E808DF80F80FAF727
:10FF2000B9FF95F87C308DF80C4042F2FE02240AAD
:10FF30008DF80D408DF80E808DF80F80ADF80820FB
:10FF40008BB92A684B46546802A904220220A047B4
:10FF50000097334600224FF4E8112846FBF748F893
:10FF600005B0BDE8F0834246022102A804F064F91E
:10FF700004210246484604F05FF900902A684B4687
:10FF8000946802A904220220A047E1E704001F00B0
:10FF900070B57F2A86B004461ED841EAC32343EADF
:10FFA0000241314A90F87C300492080CADF81410EC
:10FFB000002249F2C0318DF816008DF81720ADF8F7
:10FFC0000C10002B3DD1226804AB546803A9082211
:10FFD0000220A04706B070BD803241EAC32190F8EC
:10FFE0007C30214841EA024149F2C032CDE90401A6
:10FFF000ADF80C208BB9236804AD5E6808222B464F
:020000024000BC
:1000000003A90220B0470095012300224FF40021EC
:100010002046FAF7EDFF06B070BD0022022103A8CA
:1000200004F00AF904AD02460821284604F004F958
:10003000236800909E6803A92B4608220220B0473F
:10004000E1E7022103A804F0F7F80821024604A81A
:1000500004F0F2F8236800909C68082204AB03A91E
:100060000220A04706B070BD00F400FC2DE9F04F5F
:100070002DED028B89B004460D4608EE102AC149C9
:1000800003934FF01A12FCF7F3FABF4BBF4AC04973
:100090002046FBF741FC40F2FF13ADF8143045F267
:1000A000C213ADF8183094F87C30A846002B40F00D
:1000B000528123680DF1140906AF02225E683946A9
:1000C0004B461046B0470123B24900970222204612
:1000D000FAF78EFF9DF81830032B00F07981AE4AB5
:1000E000AE492046FCF7C4FA41F63C724FF41021A9
:1000F0002046FCF7BDFA01231A46A949009720467D
:1001000014268DF81860FAF7C5FEA6494FF460234F
:100110006FF47F022046FBF7FFFBA34BA34AA449E1
:100120002046FBF7F9FB4FF080634FF0FF324FF4AE
:10013000E0212046FBF7F0FBEB0403F0807305F0B1
:100140001F051D439B4A9C492B462046FBF7E4FBB9
:100150004FF4805399494FF0FF322046FBF7DCFB08
:10016000894A4FF4E0212046FCF782FA18EE100A83
:100170000BF02AF9039B0026002B3DD1E4E09DF80B
:10018000133003F00B020B2A7BD05A075ABF6FEAD9
:10019000D30303F001034FF0FF3398444FEAC845FF
:1001A00005F0807308F01F051D43290E94F87C307C
:1001B00083488DF81F10002241F2D23106908DF84D
:1001C0001C508DF81D208DF81E20ADF81410002B4A
:1001D00040F0A78021683B46D1F804A00822494698
:1001E0000220D04718EE100A0BF0EEF80136039B00
:1001F000F6B2B34200F0A880236843F25202ADF891
:100200001820D3F800A039460DF113030122022073
:10021000D04794F87C10022966D023689DF813A07B
:100220004FF24E02ADF81820D3F800B039460DF168
:10023000130301220220D84794F87C1002299ED192
:100240000022384603F0F8FF012102460DF11300A9
:1002500003F0F2FF01238346CDF80090002218211D
:100260002046FAF7C5FE9DF814309B4587D0236AD7
:10027000002B84D098479DF8133003F00B020B2A13
:1002800083D10AF0460ABAF1460F7FF47EAF4D4A99
:10029000069220464C49009704230022FAF754FEA8
:1002A00020464A494FF480036FF40002FBF734FB09
:1002B0000023204645496FF48002FBF72DFB2046C2
:1002C00033490022FCF7D4F9204600224FF4E02104
:1002D000FCF7CEF9149B00201E70C4F8A45009B09E
:1002E000BDEC028BBDE8F08F0022384603F0A4FF7E
:1002F000012102460DF1130003F09EFF0123824607
:10030000CDF80090002218212046FAF771FE9DF8E2
:1003100014309A4581D0236A002B3FF47EAF984772
:100320007BE70221484603F087FF08210246384652
:1003300003F082FF22680090D2F808A03B46082212
:1003400049460220D0474DE76FF0010009B0BDECEF
:10035000028BBDE8F08F06AF00220221384603F081
:100360006BFF0DF1140902460221484603F064FFB9
:100370000090236802229E6839464B461046B047DB
:10038000A1E600BF4800070000C00504FF3FFDFBD9
:100390000400070030000F003400011C1C0007009F
:1003A0005000070018000700FC00080000FEF7FFDF
:1003B0000800090000FF3F000400090010000900C8
:1003C000E0FFFFFEFFFF0200040011000800110023
:1003D00020461549009701230022FAF709FE9DF8EF
:1003E00018601149009746F0030C204601230022B3
:1003F0008DF818C0FAF74EFD20460C4A0C494FF410
:100400000003FBF789FA2046094900236FF4000234
:10041000FBF782FA044900970123002220468DF859
:100420001860FAF737FD5AE604001100FFFE7FFF5F
:1004300008001100F0B585B003AB0E461746BC4965
:100440000093002204230446FAF7D2FD9DF80F50D2
:100450009DF80E30B64903EB05239DF80D5005EBD2
:1004600003239DF80C504FF0FF32204605EB032587
:100470004FF47043FBF750FA03AB4FF0180C002217
:10048000AC49009320460223ADF80CC0FAF702FDF8
:1004900025212046FBF7D4FC02212046FBF7D0FCA7
:1004A0004FF4FE712046FBF7CBFCF9B241F48071AA
:1004B0002046FBF7C5FC4FF480712046FBF7C0FCDB
:1004C00000212046FBF7BCFC02212046FBF7B8FCCC
:1004D0004FF4E0712046FBF7B3FCF1B241F48071B8
:1004E0002046FBF7ADFCC6F3072141F4807120469E
:1004F000FBF7A6FCC6F3074141F480712046FBF7E9
:100500009FFC310E41F480712046FBF799FC0021DD
:100510002046FBF795FC3A212046FBF791FC40F280
:10052000FF112046FBF78CFC4FF485712046FBF74A
:1005300087FC00212046FBF783FC3A212046FBF78D
:100540007FFC40F201112046FBF77AFC9623ADF8C0
:100550000C3094F87C300227ADF80870002B75D170
:10056000236802AE3A4603A95F6801203346B847C4
:1005700094F87C3000229621ADF80820ADF80C10DC
:10058000002B40F0C280236802225F6803A9334633
:100590000120B84702200AF015FF3A212046FBF758
:1005A0004FFC4FF481712046FBF74AFC94F87C30F5
:1005B00002279622ADF80870ADF80C20002B40F011
:1005C000918023683A4603A95F6801203346B84703
:1005D00094F87C3000229621ADF80820ADF80C107C
:1005E000002B6DD1236802225F6803A933460120E6
:1005F000B84794F87C30002242F2D601ADF80820CA
:10060000ADF80C10002B49D1236802225F6803A9C2
:1006100033461046B8472B0A8DF80D302B0C8DF859
:100620000E3094F87C308DF80C5041F2CF022D0E34
:10063000ADF808208DF80F50E3B9226803AB546879
:10064000314604220220A04705B0F0BD002201215E
:1006500003A803F0F1FD02AE02463946304603F02E
:10066000EBFD009023683A4603A99F6801203346BA
:10067000B8477DE702213046002203F0DDFD04216A
:10068000024603A803F0D8FD236800909C6804226A
:1006900003AB31460220A04705B0F0BD022103A8FC
:1006A00003F0CAFD02210246304603F0C5FD00906A
:1006B000236802229F6803A933461046B847AAE779
:1006C000012103A803F0B8FD02210246304603F0E1
:1006D000B3FD0090236802229F6803A933460120DE
:1006E000B84786E703A80022012103F0A5FD39469B
:1006F0000246304603F0A0FD009023683A4603A965
:100700009F6801203346B84762E7012103A803F040
:1007100093FD02210246304603F08EFD00902368CF
:1007200002229F6803A933460120B84732E700BF81
:100730004400070008000B002DE9F04786B004AD27
:10074000012300950E460222B4490446FAF750FCF4
:100750009DF81030032B00F25E8194F87720B242AE
:1007600000F0F780032B00F0478101230022AC4901
:1007700000952046FAF73CFC9DF81030092E03F056
:10078000FE024FF0010300F0FF80A5498DF8102014
:10079000204600220095FAF77DFBA24AA249204696
:1007A000FBF766FF41F63C720223ADF8102000957E
:1007B00000224FF410212046FAF76CFB94F87730B2
:1007C000B34240F0A980012314228DF810209749EC
:1007D00000951A462046FAF75DFB0E2294F87C300D
:1007E0008DF80C2046F6CE02ADF81020002B40F01C
:1007F000EE80236803AFD3F8048001223B462946EC
:100800000220C04781238DF81030894900950123CB
:1008100000222046FAF73EFB4FF0020841F63979F4
:1008200001212046FBF7C6F8002800F0F2800221E3
:100830002046FBF7BFF8092E61D094F87C30ADF864
:100840000C909222ADF81020002B40F08980236894
:100850000222D3F804A029463B460120D0474FF49A
:1008600000224FF0FF3194F87C30CDE9041242F2BF
:10087000D232ADF80C204BBB23680822D3F804A079
:1008800039462B460220D047B8F1010F34D102215E
:100890002046FBF78FF80022092E8DF8102000F07B
:1008A000B08094F970300193D4F8A010009514230F
:1008B0002046FDF759FF002800F0AB806FF00100E3
:1008C000002684F8776006B0BDE8F0870221002298
:1008D000384603F0B1FC08210246284603F0ACFC80
:1008E000009023680822D3F808A039462B4602203E
:1008F000D047B8F1010FCAD04FF0010890E740F699
:100900003973ADF810300095022300224FF4102106
:100910002046FAF7BFFAA2E70123022245490095D3
:100920002046FAF765FB9DF8102002F00F02033213
:100930000F2A4FF0F00328BF0F228DF8103002234A
:100940008DF811203B4900951A462046FAF74EFAD9
:1009500039E7032B7FF409AF002006B0BDE8F0872C
:1009600001212846002203F067FC02210246384696
:1009700003F062FC009023680222D3F808A0294605
:100980003B460120D0476AE71A4325498DF81020DD
:10099000204600220095FAF77DFA274A2249204690
:1009A000FBF766FE40F63C720223ADF8102000957E
:1009B00000224FF410212046FAF76CFA94F87730B1
:1009C000092B3FF400AF94F89A20F023B5E70022FA
:1009D0000221284603F030FC03AF024601213846CD
:1009E00003F02AFC009023680122D3F808802946EE
:1009F0003B460220C04705E702212046FAF7DAFF0E
:100A0000B3E6D4F8A410009514232046FFF72EFB7C
:100A100051E7002055E76FF0080054E730000F0061
:100A2000140001003411071C1C00070050000700CF
:100A300008000900400007003400011C2DE9F041C6
:100A400084B090F87C307749039143F2C8020446A1
:100A5000ADF80820002B60D1036803AE02AF5D68DB
:100A60000422334639460220A84741F2FF0294F897
:100A70007C30ADF8082043F2C812ADF80C20002BF2
:100A800040F0AF802268556802223B46314610464E
:100A9000A847DFF8A081032514200AF095FC012364
:100AA0000022009641462046FAF7A2FA9DF80C2053
:100AB000012A05F1FF3300F0B38013F0FF05EBD1FD
:100AC0006FF0020594F87C30002243F2C8018DF8E3
:100AD0000820ADF80C10002B70D123680122D3F848
:100AE000048031463B460220C04794F87C304FF0EA
:100AF000010848F2C8028DF80880ADF80C20002BE0
:100B000049D121683B4642464F6802203146B847EA
:100B1000C5B1284604B0BDE8F08102AF0022022131
:100B2000384603F089FB03AE02460421304603F049
:100B300083FB236800909D680422334639460220D7
:100B4000A84792E7022340F2FF111A46ADF80C10B5
:100B5000204635490096FAF749F92A463349009666
:100B600004232046FAF744FA9DF80F009DF80E1072
:100B70009DF80D209DF80C3001EB002102EB0122C5
:100B800003EB02236FF06045AB423DD16FF00300F1
:100B900004B0BDE8F08130460022022103F04CFB96
:100BA00041460246384603F047FB009021683B4629
:100BB00042468F6802203146B847A9E702213046F5
:100BC00003F03AFB01210246384603F035FB009062
:100BD00023680122D3F8088031463B460220C047F3
:100BE00083E702213046002203F026FB0221024661
:100BF000384603F021FB2368009002229D683146AD
:100C00003B461046A84744E709492046FAF74EFA02
:100C1000A84214BF00206FF0040004B0BDE8F081CA
:100C200000254FE7010002000C000400140004003E
:100C30001C0004002000040070B5012984B00446A3
:100C400008D014200AF0C0FB204604B0BDE8704074
:100C5000FFF7F4BE03AE1849009602230022FAF70C
:100C6000C7F99DF80D209DF80C501349009605EB2F
:100C70000225124A0392042300222046FAF764F95F
:100C800014200AF0A1FB2046FFF7D8FEADB20246C1
:100C9000290A20468DF80D101446074900960022B7
:100CA00004238DF80C508DF80E208DF80F20FAF7E4
:100CB0004BF9204604B070BD48000700FFFF050156
:100CC0002DE9F04F4C0785B0054640F1C18008077B
:100CD00040F1B3804FF00108C24603AE00960223F4
:100CE0000022A64995F89C402846FAF781F99DF81C
:100CF0000D209DF80C3003EB0223DA079FB240F180
:100D0000C2804FF00909CB4684B1012C40F03381F9
:100D100040F6F703ADF80C300096022303224FF49F
:100D2000E0212846FAF762F885F89C4001239449AF
:100D3000009600222846FAF75BF99DF80C309B07D5
:100D400040F198800123009602223C212846FAF7C0
:100D50004FF99DF80C30DB0900F0C28002237F219F
:100D60001A462846ADF80C1000963C21FAF73EF8DA
:100D700002212846FAF71EFE01212846FAF71AFE3C
:100D800080238DF80C300222012344210096044672
:100D90002846FAF77FF848F2FF020223ADF80C204C
:100DA00000961A463C212846FAF720F8002C5DD11F
:100DB000744918222846FBF75BFC7349E822284651
:100DC000FBF756FCB5F8783003F0E003602B00F039
:100DD000AD80A02B00F08E80202B00F09880BAF11F
:100DE000000F04D0694A6A492846FBF741FCB8F174
:100DF000000F00F0998095F87E200096520861D08F
:100E00008DF80C206349012300222846FAF742F8A6
:100E1000C7F3C407093F0F2F08D895F86D30012B91
:100E200000F0918049462846FEF74EFD01212846F4
:100E300005B0BDE8F04FFFF7FFBE01F00C01A1F1D6
:100E40000C0ABAFA8AFA4FEA5A1A4FF0010844E734
:100E500001F00C03A3F10C08B8FA88F811F00804AB
:100E60004FEA58180CD10C2B3FF434AF204605B094
:100E7000BDE8F08F01212846FAF79CFD044695E76E
:100E80004FF0010A29E7444900960123022228462F
:100E9000FAF7AEF89DF80C303F49009603F00F03C7
:100EA00003330F2B28BF0F238DF80D30F0220223C0
:100EB0008DF80C2028461A464FF00509F9F796FFE1
:100EC000CB4621E7012333498DF80C302846F9F74A
:100ED000E1FF95F87E3043F0020385F87E3097E716
:100EE00002212846FAF766FD01212846FAF762FD3D
:100EF00004465BE729494FF4A0536FF4C0522846DB
:100F0000FAF70AFDBAF1000F7FF46CAF6FE72349DF
:100F10004FF480636FF4C0522846FAF7FDFCBAF133
:100F2000000F7FF45FAF62E744469FE71B494FF431
:100F300040636FF4C0522846FAF7EEFCBAF1000F96
:100F40007FF450AF53E7BBF1050F0CD0BBF1090F95
:100F50007FF46CAF11494FF401536FF400522846EF
:100F6000FAF7DAFC62E70D4940236FF40052284695
:100F7000FAF7D2FC5AE74FF0FF3477E7140001008C
:100F80000C0009000C001F0010001F0067070E0472
:100F900018000700280001004000070008000B00AF
:100FA0002DE9F0474B7991F800A0182B86B00D463B
:100FB000044600F2618191F80480B8F1180F94BFE3
:100FC0004FF000084FF00108B4F878302A7AB5F8ED
:100FD000017084F8732023F0E003A4F87830012A2C
:100FE000C14B6A7B02FB03334FEAD333A4F87A3058
:100FF0002B7B84F87D304FF0020120460CBF4FF070
:1010000010094FF00009FDF7F1F8000286B2012146
:101010002046FDF7EBF8330A07EE903A94F86F306C
:101020009FEDB26AB8EE677A07EE903AF8EE677A0B
:10103000F3EE066A77EE677A013767EE867AFF008D
:1010400077EEA67ABFB2FDEEE77ACDED037A9DF991
:101050000C3084F87030002B94F87130C0F2F380BB
:10106000002B40F014812B7B6A7A1B03520102F0A3
:10107000200203F430431343AA7B43EA024343EACA
:10108000090310219A4A2046FAF746FC6B7B84F844
:101090009230A97B84F89110B8F1000F40F04481A0
:1010A00094F87D20002A40F00081B844B8F1FF0F89
:1010B000B4F8783000F3E58043F0A003A4F878306A
:1010C0008C4B8D49059305AE0423002220460096E3
:1010D000F9F73AFF894A8A4994232046FAF71CFC1B
:1010E0000096EB788DF815304FF0FC0C02230022AF
:1010F0004FF4C02120468DF814C0F9F777FE009612
:101100006A7B8DF81420012300224FF40031204621
:10111000F9F7C0FE7B4A7C492046FBF7A9FA7B49D8
:101120000096042300222046F9F762FF9DF817205D
:101130009DF816006B79297900EB02201B029DF8BF
:101140001520C900C9B203F4F85302EB00200B4389
:101150009DF81420A97902EB0022490001F0060154
:1011600022F4FF520B4322F01E02684920461A4324
:10117000FBF77EFAB5F801102046FCF7C3F800280B
:1011800040F0AE80EB796FF480629B022421204610
:10119000FAF7C2FB6B89002B00F0ED80DAB21B0A74
:1011A0008DF8153002238DF814204FF4C0211A4613
:1011B00020460096F9F76EFE4EF204135449ADF83E
:1011C00014302046022300960022F9F763FE07231D
:1011D00084F8A83051462046FFF7AEFA00287FD1A8
:1011E00094F86D30012B00F0CE8051462046FEF77A
:1011F0006BFB484A94F87C30059246F2C622ADF863
:101200001020002B40F0D08022683346556804A996
:1012100004220220A847402F8CBF4FF000534FF00C
:10122000A05320463C496FF07F42FAF775FB2046F9
:101230003A493B4AFBF71CFA0121204606B0BDE8BB
:10124000F047FFF7F9BC002B3FF40DAF03F00F029E
:10125000022AC3F3011312D9032B3FF404AF033A5C
:101260000133D2B242EA0312D1B284F872104FF4C1
:10127000867002F0B9FFF6E64FF00108A4E60732E7
:10128000F0E743F02003A4F87830264B19E703F089
:101290000F020D2AC3F3011373D9032B3FF4E3AEFE
:1012A0000133083ADBB2D2B2DCE7013393FAA3F69A
:1012B000B6FA86F62046FAF72FFF731E1FFA83F858
:1012C00008F104034FF0010808FA03F81FFA88F840
:1012D000B844B8F1FF0FB4F878307FF7EDAED0E73F
:1012E00006B0BDE8F08700BF686602006666863F0C
:1012F000CF4FFCFFFFE7001408000B0000FFFF3F8B
:1013000016000E00CC355FAF0C0006001400010083
:1013100010000900FF81006410000600180007009B
:1013200067070E04FFE70004B4F878302C4943F057
:101330006003A4F878306FF4C0524FF44063204645
:10134000FAF7EAFA274940F206322046FBF790F90D
:1013500000224FF00E112046FBF78AF9224A23495A
:101360002046FBF785F9224A22499D232046FAF7B9
:10137000D3FA05AEB4E66FF07E02AA72EB72812258
:101380000EE702326EE7BAF1050F4FFA8AF31ED06C
:10139000092B7FF42EAF12494FF401536FF4005222
:1013A0002046FAF7B9FA24E70022022104A802F045
:1013B00043FF04210246304602F03EFF00902268BF
:1013C0003346956804A904220220A84723E704496C
:1013D00040236FF400522046FAF79EFA09E700BF57
:1013E00008000B000C000E000A5A0C0012000E0040
:1013F00000FFFF3F16000E002DE9F04F06468DB0AE
:1014000015461C46B72900F2BA80DFE811F0BE008D
:10141000460841084D083808780869088208150808
:101420000708F107E707DE07D507CC07C407BA07A7
:10143000B507AC07910783077D076B075B07550767
:10144000470741073D07380731071307FF06EA063C
:101450001509E508DF08D408C908BB08AD089108DC
:10146000840976093B0928094909440971064A0695
:101470001F0615060F0605062E062406FC05D705D1
:10148000CA05B90597058C0582056F05520540050B
:10149000C30BB90B830B6F0B660B5C0B2F0B1D0B78
:1014A000000BDB0A800A5E0A330A260AB309AA097E
:1014B000D20CB80C920C460C400C2D0C130C0A0CE0
:1014C000E006D606AF06A606A4069B0689067706A2
:1014D0000C0E030EFA0DE70D660D600D4D0D420D5D
:1014E0009F0D950D830D790DC40DBB0DDE0DA0096B
:1014F000380D250D110D070D2E0511050705FB04EF
:10150000F504EB04DC04BB04A10498048F047C0400
:10151000DC01C901BB01AD01A501930163011E01FD
:10152000730233022102E4015D03A202D103CF0062
:10153000C403BF03B800B800950366035604B8009F
:10154000B800B800B800B800B800B800B800B800DB
:10155000B800B800B800B800B800B800B800B800CB
:101560004104B800B800B8005A040F013504220441
:1015700045032903B8001904DC03E503C7004FF055
:10158000FF3528460DB0BDE8F08F002C00F0CD806F
:101590001146F9F78BFD00252060F2E7002C00F0E2
:1015A000C4804FF4A81323600025EAE7002C00F064
:1015B000BC806368C04A94F808E01B0403F47F030E
:1015C00043F0070393420EF003064FEA9E0701F231
:1015D000BD85BA4A934241F00E87B949462500229B
:1015E000E36804934FF0FF3A0139D04693464FF039
:1015F000FF09104604E00132D0B2A84281F05B86B8
:1016000011F8013F9E4503F0030C01F0408666454A
:10161000F1D1B7EB930F4FEA930081F087858145B5
:1016200041F2848581464FFA82FAE4E7002C7CD0AF
:10163000637822785B0103F02003134310216FF0DD
:101640003002FAF769F900259BE7002C6DD021786C
:1016500011F0010501F005864D0105F040053F241C
:101660006FF47C004FF0BF096FF4E01211F0040337
:1016700007D00B0103F080031D43A14602464FF43F
:101680000013002430460BAF4FF4A021FAF744F9C1
:101690004FF0FF08224630468A49009704238DF810
:1016A0002C908DF82D808DF82E408DF82F40F9F775
:1016B0004BFC854900970423304622468DF82E5076
:1016C0008DF82C908DF82D808DF82F402546F9F758
:1016D0003BFC56E74CB363682578012B4FF00003C1
:1016E00014BF6FF460326FF4E0421C464FF4A02147
:1016F0000BAF15BF4FF0DF084FF0EF084FF0200998
:101700004FF01009FAF708F96E49009702232246B4
:1017100030468DF82C808DF82D40F9F767FB012DB0
:1017200001F07486002D01F02086002528460DB0BA
:10173000BDE8F08F002CF8D00BAB00930022022301
:101740006249F9F755FC9DF82D209DF82C3003EBEC
:1017500002230025238014E7002CE6D0A11CFDF70E
:101760005DFB002520800CE7002CDED00BAB009346
:10177000002201234421F9F73BFC9DF82C30237013
:101780000025FEE6002CD0D00BAB24785049009306
:10179000002201238DF82C400025F9F77BFBF0E6B1
:1017A000002CC2D00BAB0093002202234821F9F792
:1017B0001FFC9DF82D209DF82C3003EB02239BB2DB
:1017C00000252360DDE6002CAFD04421F9F76EFC44
:1017D00000252060D5E6002CA7D0637D002B01F00A
:1017E000A085012B01F02886022B41F0568639494D
:1017F000F9F75CFCC0F30B00374920603046F9F77D
:1018000055FCC0F31500354960603046F9F74EFCD1
:10181000C0F315003249A0603046F9F747FC314962
:10182000C0F31500E0603046F9F740FCC0F3130048
:1018300020610BAB00932C49012303223046F9F7BA
:10184000D7FB9DF82C30C3F302130025237598E6CF
:10185000002C3FF46AAF2549F9F728FC80B22060DC
:1018600023493046F9F722FC430D9B019BB263608C
:10187000002586E6002C3FF458AF62882378D2001A
:1018800002F4FF620BB142F4006207210BAB8DF84A
:101890002C10F021140A00938DF82D108DF82E20B5
:1018A0000423304600224FF480218DF82F4000257C
:1018B000F9F74AFB65E600BF0100090007000500D3
:1018C000680E0500080005000C0005002C0005004E
:1018D0002400010068000D0040000D0044000D00D0
:1018E00048000D003C000D006000030048000C00A3
:1018F00028000C000BAC40F6FF00022301224FF43D
:101900008021ADF82C0000943046F9F76FFA40F2D0
:10191000FF20C349ADF82C00022303223046009477
:10192000F9F764FAF720022301224FF48021ADF881
:101930002C0000943046F9F759FAFD25B849009477
:10194000022303223046ADF82C50F9F74FFA002558
:1019500017E6002C3FF4E9AE227BD4F808A02369F7
:101960000493052A63690593A78806925FFA8AF3B0
:101970000AF00305CAF3850101F0058540F2311232
:101980009742DFF8B89228BF1746052FBC4638BFEC
:101990004FF0050CACF1050C07F10508042F1FFAF8
:1019A0008CFC1FFA88F807D84A1CD2B219F802201A
:1019B000053A9742C1F0388513F0020318BF00239F
:1019C0000DD1984A525DBA4209DA93B2002D41F026
:1019D000AC85BA1A0D2A41F3A5850D3302259F4225
:1019E00001F094834FF0000B0522CDE907BBCDF841
:1019F00024A09246224680205E465C4696469C4540
:101A000081F05683984541F27983FA1A002AB8BFCB
:101A1000524292B2524541F2C483002C41F04985B2
:101A20003F2901F05083002E41F05B830131C9B2A0
:101A300019F8012013449BB2BB4201F0DF84013846
:101A400010F0FF00DBD1059B049ADDF824A018807C
:101A500074464FF0FF33C2F800A02360002590E5E4
:101A6000002C3FF462AE1021F9F720FB237820F020
:101A70000604DA0748BF44F002049B0748BF44F05D
:101A80000404224610213046C4F38004FAF7F0FD26
:101A9000002586F8904074E5002C3FF446AE21887E
:101AA000002901F08883CCB2090A02230BAA009214
:101AB0008DF82D101A4630464FF4C0218DF82C4079
:101AC0000025F9F7E7F95CE5002C3FF42EAE22681B
:101AD0005549FAF7CDFD002553E5002C3FF425AE1E
:101AE00025682779D4F80880002D01F02185B8F108
:101AF000000F01F0CE840BAB03224C49009301236D
:101B0000F9F776FA4A499DF82C403046F9F7CEFAB3
:101B1000003FC0F3042618BF0127C4F302142B8B27
:101B2000EA68A96868680094CDE9016702F086FE5A
:101B30000025A8F8000024E5002C3FF4F6AD276846
:101B40002579A468002F01F0F784002C01F0AD8402
:101B50000BAB0322354900930123F9F749FA3449C5
:101B600030469DF82C60F9F7A1FA003D00F01F0106
:101B700018BF01253A8B3868C6F30213CDE900156A
:101B8000152102F025FE00252080FAE41146FCF71D
:101B9000DFFF0025F5E4002C3FF4C7AD217890F875
:101BA000A8308B423FF4C1ADF9F7CEFF0025E8E441
:101BB000002C3FF4BAADD4E902126068F9F7E0FDF9
:101BC00000252060DDE4002C3FF4AFAD1749F9F7A4
:101BD0006DFA00252060D4E4002C3FF4A6AD0BADD7
:101BE0001921002204230B91009512490A92F9F75A
:101BF00051F941F64871009504230B9100220E49DA
:101C00003046F9F747F90AAB009300220423304627
:101C10004FF4E8111546F9F7EBF90A9B2360B0E49D
:101C2000080011007C0F05000C000100600003009B
:101C30001400010004001F0008001F003C0F0500F5
:101C4000002C3FF472ADC649F9F730FA0025206048
:101C500097E4002C3FF469AD21788DF82D100BAB83
:101C60000093FC24022300224FF4C0218DF82C4065
:101C70000025F9F7BBF884E4002C3FF456AD237837
:101C80006FF480629B022421F9F746FE002578E478
:101C9000002C3FF44AAD052A01F000830BA8A3797C
:101CA000A288216800903046FEF7E0F90546002D35
:101CB0007FF467AC9DF82C5063E486F83C20002547
:101CC0005FE4002C3FF431AD0BAB2478009300228D
:101CD00001234FF400318DF82C40F9F7DBF8A14BCC
:101CE00096F87D2086F8924004FB0333DB0BA6F8C0
:101CF0007A30002A3FF419AD96F891103046FAF781
:101D00000BFA00253DE4002C3FF40FAD21688DF85F
:101D10002C100BABC1F307240093002202234821AF
:101D20008DF82D400025F9F7B5F82AE4002C3FF492
:101D3000FCAC22684421FAF79BFC002521E4002C2E
:101D40003FF4F3AC8849F9F7B1F90025206018E4B5
:101D5000002C3FF4EAAC2488C4F30D0400250BA941
:101D6000220AC02300918DF82D308DF82F207E4956
:101D70008DF82C5004232A468DF82E40F9F7E4F80C
:101D8000FFF7FFBBD5B2012D02D9032D41F08983A6
:101D900002230BAAFC2186F891508DF82C1000929A
:101DA00010211A4630468DF82D50F9F71FF896F895
:101DB0007D30002B3FF4B9AC29463046FAF7ACF938
:101DC0000025FFF7DEBBD5B2022DD5BF2D03033DA5
:101DD00045F480736B00654A6549F9F79DFD002560
:101DE000FFF7CFBB0221F9F7E5FD012130460DB029
:101DF000BDE8F04FF9F7DEBD5E490DB0BDE8F04F2C
:101E0000F9F754B9002C3FF490AC637813B15B0838
:101E1000013BDBB223700025FFF7B3BB002C3FF47E
:101E200084AC22683021FAF723FC0025FFF7A9BB18
:101E3000002C3FF47AAC25786478002D01F0BE8246
:101E4000002380F876306FF480614FF481634FF0A7
:101E5000FF320825002C1CBF2B460A4630461021B5
:101E6000F9F75AFD0025FFF78CBB002C3FF45DAC61
:101E70000BAB0093404901230322F9F7B9F89DF811
:101E80002C30C3F3021300252370FFF77ABB002C1C
:101E90003FF44BAC24884FF48171E2B2FAF7B2FE02
:101EA000220A40F203113046FAF7ACFE0025FFF794
:101EB00068BB0121FCF74CFE022D0BAC01F0148233
:101EC00000252A4630462D49009401238DF82C50D8
:101ED000F8F7E0FF02228DF82C2028490094012316
:101EE00030462A46F8F7D6FFFFF74BBB002C3FF4ED
:101EF0001CAC2568A48829462246FEF79BFA214699
:101F00003046FAF7F3F92D1A18BF4FF0FF35FFF7F7
:101F100038BB002C3FF409ACA2882168FEF78AFA8E
:101F20000025FFF72EBB002C3FF4FFAB237962881E
:101F30002188FEF72DF80025FFF723BB002C3FF486
:101F4000F4AB0BAB0093002201234FF00811F9F71B
:101F50004FF89DF82C3023700025FFF712BB00BF0F
:101F600048000F00686602001A000E00FD8EFFFF99
:101F7000140007000C0009006000030004000A00C0
:101F8000002C3FF4D2AB01230BAA00924FF00811B2
:101F90001A46F9F72DF89DF82C3023700025FFF72D
:101FA000F0BA0623CA4900940022F9F721F86379B0
:101FB00003F0010300256371FFF7E3BA002C3FF43F
:101FC000B4AB90F87630012B01F0F481032B41F093
:101FD000EA810BAB0093162202234FF4F011304636
:101FE000F9F706F89DF82D209DF82C3003EB02231D
:101FF000C3F30D03980448BFA3F580431BB22380AD
:102000000025FFF7BEBA0094052300227421F8F7DB
:10201000EFFF0025FFF7B5BA002C3FF486AB22791D
:1020200021680DB0BDE8F04FF9F70ABA2146F9F77B
:1020300057F80025FFF7A5BA002C3FF476AB61886E
:10204000FDF77AFA00252070FFF79BBAFAF7CCFC6F
:102050000025FFF796BA002C3FF467AB7421F9F71F
:1020600025F800252060FFF78CBA002C3FF45DAB0B
:102070000BAB0093012204237421F8F7B9FF9DF8FC
:102080002F009DF82E109DF82D209DF82C3001EB8F
:10209000002102EB012203EB022323600025FFF75E
:1020A00070BA002C3FF441AB90F87630012B01F070
:1020B0009F81032B0BAB41F0958100930C220223EF
:1020C0004FF4F0113046F8F793FF9DF82D209DF85E
:1020D0002C3003EB02239BB2C3F30C02DE0446BF99
:1020E000A2F500531BB213B223800025FFF749BAB3
:1020F00011460DB0BDE8F04FFEF79EBD002C3FF439
:1021000014AB0BAB0093002201234421F8F770FFBE
:102110009DF82C3003F0010300252370FFF731BA3E
:10212000002C3FF402AB02230BAA009244211A4672
:10213000F8F75EFF9DF82D3003F0010300252370B2
:10214000FFF71FBA0094042300221C21F8F750FF68
:102150000025FFF716BA114648E6002C3FF4E5AA21
:102160002178FBF799FC0025FFF70BBA594A96F83E
:10217000763059485949012D0CBF10464FF00C11CB
:10218000012B01F04180032B41F02C800BAB00931D
:10219000002202234FF4F0113046F8F729FF9DF892
:1021A0002D209DF82C3003EB02239BB22380003BB3
:1021B00018BF01235D42FFF7E4B9002C3FF4B5AA34
:1021C000A2782188FAF71EFD0025FFF7DAB9002C66
:1021D0003FF4ABAA6188FAF705F800252070FFF7F5
:1021E000D0B9002C3FF4A1AA0BAB0093002202232C
:1021F0004FF46021F8F7FCFE9DF82D209DF82C305F
:1022000003EB022300252380FFF7BBB9002C3FF42A
:102210008CAA21888DF82C100BAB0C0A009300229D
:1022200002234FF460218DF82D400025F8F732FE8F
:10223000FFF7A7B9002C3FF478AA237886F87D3001
:102240001A01FF2100250BA802F0B0028DF82C1016
:102250004F2100908DF82D108DF82F20042330464B
:102260002A4610218DF82E50F8F76EFEFFF789B937
:10227000D1B230460DB0BDE8F04FFEF721BDFCF7FE
:102280005DFD0025FFF77DB9FCF758FD0C21F0E757
:102290001146FDF719FB0025FFF773B90BAB00934F
:1022A0000F4940F2FF1402230022ADF82C40002514
:1022B000F8F79CFDFFF765B92146FAF7E3FE002524
:1022C000FFF75FB92146FAF711FE0025FFF759B96C
:1022D00018000C00340018002C00180014000C002A
:1022E00004000200002C3FF420AA0BAB0093C44969
:1022F00001230022F8F77CFE9DF82C3003F03F0309
:1023000000252370FFF73DB91146F9F73FFD002581
:10231000FFF737B90BAB002A40F03887B94A009372
:102320000B92B94904230222F8F7B4FDFFF729B94B
:10233000002C3FF4FAA925780BAB002D00F086871E
:1023400044F2FF020093ADF82C200223002210215A
:102350006468F8F74BFD022D00D1346286F87C509A
:102360000025FFF70EB9002C3FF4DFA92168F9F72B
:10237000BDFC0025FFF705B9F9F78AFC0025FFF73A
:1023800000B9002C3FF4D1A9D0E918230025C4E9F5
:102390000023FFF7F6B8002C3FF4C7A9836E236033
:1023A0000025FFF7EEB8002C3FF4BFA990F86F307E
:1023B00023700025FFF7E5B8002C3FF4B6A990F88C
:1023C0006E3023700025FFF7DCB8002C3FF4ADA978
:1023D00090F8743023700025FFF7D3B88B494FF481
:1023E00080334FF0FF32F9F797FA0025FFF7C9B8AD
:1023F00022688749FAF73CF9626886493046FAF75D
:1024000037F9A26884493046FAF732F9E26883491D
:102410003046FAF72DF90025FFF7B3B8002C3FF44A
:1024200084A965682488032D01F28A80DFE815F00D
:102430003206230614060506002C3FF476A92378FD
:1024400077491B0203F4F8536FF4F852F9F764FA72
:1024500096F86D3096F87710012B00F051873046D2
:10246000FDF732FA0BAB00936E4C6F490B940423CB
:1024700000223046F8F768FD0025FFF782B8002CEF
:102480003FF453A921780DB0BDE8F04FFAF7CCB96D
:10249000436898470025FFF774B829462246FAF7A3
:1024A000E7F80025FFF76DB80BAB00935F490123F8
:1024B0000222F8F79DFD9DF82C30032B7FF635A9FD
:1024C00008F084FF002504462B4630462A46009536
:1024D0002946F8F7DFFC204608F081FFFFF751B8E6
:1024E000002C3FF422A923784D495B0003F006033A
:1024F0006FF00602F9F710FA0025FFF742B8002C3A
:102500003FF413A922682C21FAF7B2F80025FFF74F
:1025100038B8002C3FF409A923784149DB0003F0C7
:10252000F8036FF0F802F9F7F7F90025FFF729B87B
:10253000002C3FF4FAA80BAB3D4900930022032383
:10254000F8F756FD9DF82D309DF82E109DF82C20A3
:102550001B0203EB01431A44DD0248BFA2F500123F
:1025600022600025FFF70DB8002C3FF4DEA821689B
:10257000A388E28800914FF4B011F8F739FD0025E7
:10258000FEF7FFBF002C3FF4D0A82168A388E288A3
:1025900000914FF4B011F8F77DFC0025FEF7F1BF74
:1025A000002C3FF4C2A8E388A2882168FDF786FCCE
:1025B0000025FEF7E6BF002C3FF4B7A8E3882268A9
:1025C000A188FAF7DDFF0025FEF7DBBF1146FCF717
:1025D000F5FE0025FEF7D5BF002C3FF4A6A80BABF7
:1025E0000093002202231349F8F702FD9DF82D20E5
:1025F0009DF82C3003EB022300252380FEF7C1BF9A
:102600001C0007001408D200100011000400110083
:1026100054000100580001005C000100600001004E
:1026200014000100FF8100641800030030000F0057
:102630002900060004000100002C3FF476A822883F
:102640008DF82C200BAB140A0093CA498DF82D404D
:1026500002230022F8F71EFC0025FEF792BF01219D
:10266000FCF776FA0BAB002D00F084850093C24C8A
:10267000C2490B94042300223046F8F765FC00257C
:10268000FEF77FBF002C3FF450A82178FCF7FEFD39
:102690000025FEF776BF0DB0BDE8F04FFEF7CEB9CE
:1026A0000121FCF755FA05F00103002B4FF0000261
:1026B00005F002051BBF0821FF230021EF2411BFF5
:1026C0001827F723E7241027954218BF1C464FF020
:1026D000FF0318BF39468DF82C300BAB00938DF8F3
:1026E0002F103046A5498DF82E2004238DF82D405B
:1026F0001546F8F729FCFEF744BF0021F8F7D6FC91
:10270000B368D3E900235040184214BF4FF0FF359F
:102710000025FEF736BF002C3FF407A82278656835
:102720008DF82C200BAB0093954901230322F8F779
:10273000B1FB002D00F09E854FF481234FF0FF3256
:1027400010213046F9F7E8F80025FEF71ABF002CF3
:102750003EF4EBAFA178FDF74FFA00252080FEF79D
:1027600010BF002C3EF4E1AF2168F9F7CBFB002548
:10277000FEF707BF002C3EF4D8AF82496768B4F873
:102780000080F8F793FC0022012105463046FAF755
:1027900045FD7D4B7D494FF0FF323046F9F7BCF8DF
:1027A0000BAC41F62203ADF82C307949009402239A
:1027B00000223046F8F76EFB002F40F0ED85754A99
:1027C00075493046F9F754FF74494FF0DD32304611
:1027D000F9F74EFF404608F0F7FD6F4900223046FA
:1027E000F9F746FF6D4900223046F9F741FF4FF4F3
:1027F000007102230022ADF82C1030466449009489
:10280000F8F748FB614900223046F9F731FF644987
:1028100000223046F9F72CFF00224FF4E021304629
:10282000F9F726FF40F2FF625449ADF82C2002234D
:10283000012230460094F8F7D9FA5A494FF0E05394
:102840004FF2FF023046F9F767F82A464D49304605
:10285000F9F70EFF0025FEF794BE0BAB009352492B
:10286000EF2402230022ADF82C400025F8F7BEFA31
:10287000FEF787BE4D484E490B900BAC0423022255
:1028800030460094F8F706FB434901223046F9F739
:10289000EFFE484900223046F9F7EAFE4FF4007097
:1028A000022300223A49ADF82C0000943046F8F794
:1028B000F1FA01213046F9F7AFFD344900223046E4
:1028C000F9F7D6FE0025FEF75CBE0BACEF203649CB
:1028D000ADF82C000223002230460094F8F786FA67
:1028E0004FF40070022300222949ADF82C00009417
:1028F0003046F8F7CFFA01213046F9F78DFD23492C
:1029000000223046F9F7B4FE0025FEF73ABE002C4F
:102910003EF40BAF246801212246FAF77FFC1A4BE4
:102920001A494FF0FF323046F8F7F6FF0BAD41F68B
:10293000220102230022ADF82C10009514493046E4
:10294000F8F7A8FA41F2FF02174900950223ADF803
:102950002C2030460022F8F749FA022C22464FF08C
:102960002C0138BF02223046F9F782FE0025FEF71F
:1029700008BE00BF04000100FFFF000808001100AE
:10298000080001000C000100003C000204000700E8
:10299000040011000F00000F280007003800070096
:1029A000480007001400070024000F001408D2009C
:1029B0001000110018000800CDCCCC3E00007F4371
:1029C0006666863F002C3EF4B0AE90F86E305FED48
:1029D000066A1FED066A07EE103A237907EE903A71
:1029E000B8EE477AF8EE677A002577EEC77AB3EE4D
:1029F000007A67EEA67AF0EE086A67EE877A87EECD
:102A0000867A77EE267AC4ED007AFEF7BABD002CFE
:102A10003EF48BAE90F86F305FED176A07EE103A18
:102A2000237907EE903AB8EE477AF8EE677A0025F8
:102A300077EEC77AB3EE067A67EEA67A77EE877AF4
:102A4000C4ED007AFEF79DBD002C3EF46EAE02216F
:102A5000FBF7CCFB012105023046FBF7C7FBADB20B
:102A6000C3B21D4325800025FEF78BBD0022012146
:102A7000FAF7D4FBD44BD5494FF0FF323046F8F784
:102A80004BFF0BAC41F62200D149ADF82C000223DC
:102A9000002230460094F8F7FDF9CE48CE490B905D
:102AA0000423022230460094F8F7F4F9CB490822B7
:102AB0003046F9F7DDFDCA490F223046F9F7D8FD57
:102AC0000025FEF75EBD002C3EF42FAED4E90012C7
:102AD000F9F72AFD0025FEF754BD002C3EF425AE83
:102AE00090F8753023700025FEF74BBD002C3EF4A6
:102AF0001CAE2478BB490BAB04F03F0480F8754052
:102B00000022009301238DF82C400025F8F7C2F92C
:102B1000FEF737BDF9F768FF0120002508F052FCE9
:102B20000BAC40F2FF32AA49ADF82C2002232A4612
:102B300030460094F8F75AF901234FF488112A46D9
:102B4000304600948DF82C50F8F7A4F9012008F0D5
:102B500039FC812300200021C6E92801A6F878501D
:102B6000A6F87C50A6F8765086F87030A6F871501A
:102B7000C6F8985086F8A850A6F89050FEF701BD08
:102B8000002C3EF4D2ADA2782188FAF70BFC002588
:102B9000FEF7F7BC002C3EF4C8AD0BAF41F2FF01CD
:102BA00002230022ADF82C1000978F49F8F71EF988
:102BB0004FF482713046F9F715FB00F0E008424609
:102BC0004FF482713046FAF71DF848F004024FF4D2
:102BD00082713046FAF716F8022008F0F3FB4FF442
:102BE00087713046F9F7FEFA40F20F11054630467C
:102BF000F9F7F8FA42464FF4827180463046FAF708
:102C000001F8EF22ADF82C2045EA08257649009717
:102C1000022330460022F8F7E9F825800025FEF768
:102C2000B0BC002C3EF481AD2168FBF761F80025B3
:102C3000FEF7A7BC002C3EF478AD2568002D00F00F
:102C4000FA82A288694922F0F00292B20BAB140A10
:102C500000938DF82C20022300228DF82D400025B2
:102C6000F8F718F9FEF78DBC002C3EF45EAD228813
:102C70008DF82C200BAB140A00935D498DF82D4084
:102C800002230022F8F706F90025FEF77ABC114668
:102C9000FAF788FF0025FEF774BC5649F8F706FAE4
:102CA000C0F30B03C0F30B405349238060803046D0
:102CB000F8F7FCF9C0F30B03C0F30B404F49A380B6
:102CC000E0803046F8F7F2F9030C4D492072637248
:102CD0003046F8F7EBF9C0F30B43C0F30B0049495A
:102CE000A38160813046F8F7E1F9C0F30B43464910
:102CF000A4F80F30A0733046F8F7D8F9030C434915
:102D00006074A3743046F8F7D1F90022C0F30B00C9
:102D10000BABA4F813006275A2753D4900933046D1
:102D200001231546F8F764F99DF82C30E375FEF79A
:102D300028BCA279E379217AD20042EA430263797E
:102D40000A43217942EA8312E37842EAC112A17868
:102D500042EA0322637842EAC12242EA03320BAB21
:102D6000C2F3072400938DF82C202A498DF82D40BA
:102D700002230022F8F78EF80025FEF702BC0BAB09
:102D80002549009300220223F8F732F99DF82D20FF
:102D90009DF82C3003EB0223C3F30B05190548BF44
:102DA000A5F580552DB22580B6F97A30ED1AFEF7DB
:102DB000E8BB002C3EF4B9AC227A6168FBF77AF8E4
:102DC00000252070FEF7DDBB003C00020400070078
:102DD000040011001408D2001000110028000700A0
:102DE0001800080014000900480007001A0011002C
:102DF0000400060004000F0008000F000C000F0084
:102E000010000F0014000F0018000F001C000F002E
:102E100028000F003000010008000200002C3EF4E2
:102E200084AC62682188FAF71BFF0025FEF7A9BB76
:102E3000002C3EF47AAC0BAB009300220223C7496E
:102E4000F8F7D6F89DF82D209DF82C3003EB0223DF
:102E500000252380FEF795BB002C3EF466AC22884B
:102E60008DF82C200BAB140A0093BC498DF82D4033
:102E700002230022F8F70EF80025FEF782BB002C93
:102E80003EF453ACD4E90012F9F7E2F80025FEF75E
:102E900078BB002504F8015B042300942A467021C6
:102EA000F8F7A6F8FEF76DBB90F87630012B00F02E
:102EB000B981032B00944FF0050340F0AB81202231
:102EC0004FF4F011F8F794F80025FEF75ABB2146AD
:102ED000F8F768FB0025FEF754BB002C3EF425AC48
:102EE00021888DF82C100BAB0C0A009300220223D2
:102EF0000C218DF82D400025F7F7CCFFFEF741BBE4
:102F0000002C3EF412AC1C21F8F7D0F8002520600C
:102F1000FEF737BB90F87630012B00F05A81032B77
:102F200040F04E810094052328224FF4F011F8F769
:102F30005FF80025FEF725BB002C3EF4F6AB6421BC
:102F4000F8F7B4F800252060FEF71BBB002C3EF418
:102F5000ECAB0BAB0093012204236421F8F748F893
:102F60009DF82F009DF82E109DF82D209DF82C30F7
:102F700001EB002102EB012203EB02232360002579
:102F8000FEF7FFBA002C3EF4D0AB21880DB0BDE8AF
:102F9000F04FFAF7B7B9002C3EF4C7AB237A258877
:102FA0006768002B3EF4C1AB013BDBB23C1F07EB73
:102FB000830729463046F9F799F944F8040F01359B
:102FC000A742ADB2F5D1FEF7B0BB002C3EF4ADABDD
:102FD00021780DB0BDE8F04FF8F71EBE002C3EF48E
:102FE000A4AB21888DF82C1002230BAA0C0A0092A6
:102FF0000C211A468DF82D400025F7F74BFFFEF700
:10300000C0BA0094082300220421F7F7F1FF00253D
:10301000FEF7B7BA0094082300220421F7F73AFF1D
:103020000025FEF7AEBA002C3EF47FAB6288218803
:10303000F9F774FD0025FEF7A4BA02230BAA210AB2
:1030400000928DF82D101A4645498DF82C40002528
:10305000F7F720FFFEF795BA0BAB220A00938DF825
:103060002D203F498DF82C4002230022F7F712FF54
:103070000025FEF786BA02230BAA210A00928DF8DA
:103080002D101A4637498DF82C400025F7F702FF1E
:10309000FEF777BA0BAB220A00938DF82D20314949
:1030A0008DF82C4002230022F7F7F4FEFEF769BAF0
:1030B00034BB98453EF6B4AC002E00F09F813F290A
:1030C00018BF00240DD1032D3DD0022D38D0264A43
:1030D000525D1344BB4240F3D68101359BB2EDB241
:1030E000002419F80120013911F03F06A3EB020377
:1030F00031469BB218BF0126FEF79EBC002CDBD0E8
:1031000019F8012007999B1A74469BB2059A45EA63
:1031100081011380CAB2130443EA0163134343EAF3
:103120000223049A13600023FEF797BC87427EF6C1
:1031300062AA83453CBF83464FFA82F8FEF75BBA2A
:10314000069A092AC3D174463F21DFE7074A934212
:1031500040F0518106494B25FEF741BA08000500B1
:103160001C000100180001007C0F05000700090089
:10317000B00E05004FF2FF7200930B92CF4904236B
:1031800030462A46F7F7E0FEFEF7FBB90093CC4C39
:10319000CC490B9404230222F7F77CFE0025FEF7AE
:1031A000F0B93F2900F02A81CDE907139246AB46DA
:1031B0000124FEF738BC812222801446FEF775BC3C
:1031C000C149009405230022F7F712FF0025FEF7FE
:1031D000D8B9BE49009405230022F7F709FF00255E
:1031E000FEF7CFB90BAA022300921A463046F7F732
:1031F000FFFE9DF82D209DF82C3003EB0223C3F336
:10320000C8132380FEF7D3BF0BAA02230092014606
:103210001A46EBE700224FF44021F7F7E9FE0025BC
:10322000FEF7AFB9AA49009405230022F7F7E0FEA4
:103230000025FEF7A6B90BAB0093A649ADF82C50BC
:1032400002232A46F7F726FEFEF79BB9BF2100931B
:10325000ADF82C1002232A461021F7F7C7FDFFF71F
:103260007DB87F246FF460004FF0FF094FF0FF320C
:10327000FEF7FCB90BAB4FF2FF7100930B910423E7
:103280002A4630461021F7F75FFEFEF77AB9049B15
:103290001870002323600025FEF773B994F9071016
:1032A000A3790BAACDE90021A2882168FBF75CFA7B
:1032B0000546FEF7FCBCBAF1FF3F00F0A1805FFAC3
:1032C00088F8A8EB0A01A7EB0B03A9EB0B02C9B224
:1032D00001FB03F3D2B293FBF2F3A8EB0308049BC8
:1032E00083F800800023D5E7FE20ADF82C00734959
:1032F00000942B4601223046F7F778FDFEF7E0BD3B
:1033000005294BB200F0B680092B7FF4ABA87249B7
:103310004FF401536FF400523046F8F7FDFAFFF70F
:10332000A1B86E49F7F7C2FEC0F30B006C492060EC
:103330003046F7F7BBFEC0F315006A4960603046BF
:10334000F7F7B4FEC0F315006749A0603046F7F701
:10335000ADFEC0F31500E06064493046F7F7A6FE05
:10336000C0F310002061FEF764BAFF228DF82C2014
:103370005F490097022330462A468DF82D90F7F7D3
:1033800035FDFEF7FEB8B7F5B17FDFF8949128BFA1
:103390004FF4B177FEF7F9BA56493A463046F9F795
:1033A00067F9FFF70CBA544902230BAA00921A4698
:1033B000FEF715BE514902230BAAF7E7012380F857
:1033C00076304F491822F9F753F94E49E822304632
:1033D000F9F74EF96FF481614FF480636FF00802E2
:1033E000FEF738BD4849009300220223FEF76ABE6B
:1033F00046490BABF7E74FF0FF334BE7744685E6E2
:10340000B8F1FF3F7FF45BAF434643E7384900978D
:103410000223304622468DF82C808DF82D4025461B
:10342000F7F7E4FCFEF7ADB8059A00231380049A81
:10343000C2F800A0FEF711BB3549F7F737FEC0F31D
:103440000B00344920603046F7F730FEC0F315001A
:10345000314960603046F7F729FEC0F315004FF49C
:103460005021A0603046F7F721FE2C49C0F315002B
:10347000FEF7D8B9184940236FF400523046F8F7E8
:103480004BFAFEF7EFBF013574469BB2EDB23F2118
:103490003CE64FF0FF35FEF774B84FF0FF35FEF70E
:1034A00070B84FF0FF35FEF76CB84FF0FF35FEF700
:1034B00068B8DDE9071374465D4627E60800110089
:1034C0007488D2041000110008000C0028001800B5
:1034D000200018001A00110008000B0058000C0012
:1034E00030000C0034000C0038000C002C000C00E4
:1034F0000C0005000C0001001C000C00140018005A
:103500000C001F0010001F0020000C000C00180011
:1035100020000D0064000C0068000C0060000C002E
:10352000FC0E05000125FEF75ABA0225FEF757BA30
:103530004FF0FF35FEF725B84FF0FF35FEF721B805
:103540000025FEF71EB800BF2DE9F041036C0446CC
:1035500086B01968FAF79EFF23681B699847002216
:10356000114604AB2046FDF747FF236C9B6A2046BB
:103570001968FDF715FD236C9B6A5E68B6F8052097
:103580000746002A40F0228133788DF8143005ADCB
:10359000D049009501232046F7F77CFCD6F801209E
:1035A000CD492046F9F764F8236C9B6ADB898DF8D6
:1035B00014301A0A8DF81520022300224FF46021DE
:1035C00020460095F7F766FC236CC4499B6A9B89EB
:1035D0008DF814301A0A8DF8152002230022204697
:1035E0000095F7F757FCBE490095042300222046BA
:1035F000F7F7FEFC9DF817209DF81630B84903EB4D
:1036000002239DF8152002EB03239DF8142002EB02
:103610000322120D12052046F9F72AF84FF6FF5142
:10362000042300220591204610210095F7F78CFC19
:10363000236C9B6A20465A891989F9F76FFA236C23
:103640009B6A1B8A8DF814301A0A02238DF8152004
:103650000C211A4620460095F7F71CFC236C9B6A48
:103660005B8A8DF814301A0A8DF815200223002287
:103670000C2120460095F7F70DFC236C2046197AA3
:10368000FAF70AFA226C4FF4A021D668009520467A
:1036900004230022F7F7ACFC9DF817309DF81620A4
:1036A00002EB03229DF8153003EB02229DF8143043
:1036B00003EB02238B4AF10702EA030248BF42F4FC
:1036C0008022B30748BF42F41042700748BF42F05F
:1036D00012024FF4A0212046F8F7CAFF216C2046C1
:1036E0000B7ED1E90412F9F737FB236C20469A7F51
:1036F000998BF9F757FE94F875302E2B54D0226C25
:1037000092F82C3013F0C00F51D192F82D102046B2
:10371000FBF7BCFD236C74491E6A20463268F8F73B
:10372000A7FF726871492046F8F7A2FFB268704996
:103730002046F8F79DFFF2686E492046F8F798FF9B
:10374000236C6D495E6A20463268F8F791FF726813
:103750006A492046F8F78CFFB26869492046F8F7B5
:1037600087FFF26867492046F8F782FF236C93F8D9
:103770002E20002A40F0CE8093F82F60009502237F
:103780008DF81430002201234FF470212046F7F702
:1037900081FB002E40F0938094F95830002B1BDA07
:1037A000384606B0BDE8F081236C93F82C305649BA
:1037B00003F03F0284F875208DF814200095002254
:1037C00001232046F7F766FB226C9EE71146204650
:1037D000FBF7B2FE05ADE1E64FF0010606FA03F68F
:1037E0001FFA86F80CBF072200225FEA887148BFE3
:1037F00042F038025FEA487048BF42F4E0725FEA84
:10380000087148BF42F460625FEAC86048BF42F492
:10381000E0425FEA886148BF42F460325FEA486094
:1038200048BF42F4E01243465FEA086148BF42F4F1
:103830006002DB0548BF42F0E06202F090734FF493
:10384000A021D2432046F8F767F80DF10E0300934C
:10385000002202234FF4A0212046F7F7C9FBBDF850
:103860000E302A49009523EA06038DF814309BB2E6
:10387000ADF80E301B0A8DF81530002202232046C9
:10388000F7F708FB94F95920002A50D06FEA08088E
:103890001FFA88F84FEA182220468DF815201C4997
:1038A0000095002204238DF814808DF816208DF8E1
:1038B0001720F7F749FB384606B0BDE8F081012331
:1038C000009500224FF4702120468DF81430F7F750
:1038D000E1FA61E71C0007000C0001000400010090
:1038E00008000100C00FE0FF0C0002001000020001
:1038F00014000200180002001C0002002000020058
:10390000240002002800020014000900080005003D
:103910000C00050040F2FF120223ADF814200E49FE
:10392000009500222046F7F761FA236C24E7204631
:103930000A490095FF244FEA182804238DF81660E1
:103940008DF817808DF814408DF81540F7F7FCFAC4
:10395000384606B0BDE8F081040002000C00050006
:103960002DE9F0431C46836885B05F690546E2B1E6
:103970004FF000081FFA82F9FE6B029102AB42463B
:103980002421ADF80C90ADF80E80B047E368FE6BD3
:10399000ADF80090C3F380138DF80430ADF80280C9
:1039A00042466B463C212846B047E36813F01D0FA2
:1039B00005D0FE6B2346002205212846B0476368E8
:1039C000002B0CDBFE6B231D002212212846B04782
:1039D000FE6B04F10803002258212846B047FE6B15
:1039E00004F10C03002204212846B44605B0BDE8CA
:1039F000F04360470000000010B583689FED087B2E
:103A00005B6982B0DC6B8DED007B66216B4600222A
:103A1000A047DDE9000102B010BD00BFAFF3008098
:103A20000000000000000000816810B44C69E46BE5
:103A30000023A4461A465DF8044B0321604700BFEB
:103A40002DE9F0418368D1F808805E690B68F46B5A
:103A500084B0002201934B680293562102AB0546C5
:103A6000A047044618B1204604B0BDE8F08195F99E
:103A70005830002B4BDBAB685B690246DC6B5E2188
:103A800003AB2846A047002841D1039BB8F1000FA3
:103A900000F08D80019A5C48D31A83FB00015B4AD9
:103AA000002308F0DFFBB0F57F7FAB6800F3928066
:103AB0005C69E76B00220DF1020386212846B847B6
:103AC00095F95920012A7AD095F95810BDF80220AD
:103AD000E46B88B2012181400DF1020322EA010268
:103AE000ADF80220742100222846A047F46B01ABF8
:103AF000002205212846A0470446002835D1F46B52
:103B00000346032223212846A0470446ABE7B8F129
:103B1000000FEBD1F46B4346424623212846A047D1
:103B2000044600289FD095F95830002B9BDBAB68EA
:103B30005E694246F76B03AB86212846B84795F984
:103B40005930F66B002B5BD095F95870BDF80C100E
:103B5000BFB228460125BD4021EA0501ADF80C1091
:103B600003AB42467421B0477DE795F95830002BEE
:103B7000FFF679AFAB685E690022F76B03AB862175
:103B80002846B84795F9592052B395F95810F76B64
:103B9000BDF80C208EB20121B14022EA0102ADF83D
:103BA0000C2003AB284600227421B8475BE7AA68C3
:103BB00003F5783303F520735469019379E795F998
:103BC0005810E46B89B28A40BDF802100DF102036F
:103BD0000A4385E7A0F57F705C6907F0F5FB68E7AD
:103BE000F66B03AB95F95810BDF80C7028468DB2F2
:103BF0000121A9403943ADF80C107421B04732E7D8
:103C000003AB4246EEE700BF40420F000098E00ED3
:103C100010B5836882B05B6900914FF0000CDC6BDB
:103C2000ADF80420ADF806C06B4662462521A047DA
:103C300002B010BD002837D070B503681C4A416837
:103C40001C4C002B08BF13468268236082B0C3E976
:103C5000001205469047236800228DF803201A6859
:103C60000DF10301166801AB04220120B0472A7C44
:103C7000019EEB68A2B102F1FF3C5FFA8CFC1A1FB7
:103C800003EB8C0C01E062450AD052F8043FD3E903
:103C9000000170400840F6D12268936002B070BD08
:103CA0004FF0FF3002B070BD4FF0FF30704700BFE3
:103CB000682E0120642E012000487047E80C0500A2
:103CC000074B10B51868816882B0096900220C6B37
:103CD000019201AB0F21A047019802B010BD00BFB7
:103CE000642E0120000000000B4B10B5186883689B
:103CF0009FED077B1B6982B01C6B8DED007B102153
:103D00006B460022A047DDE9000102B010BD00BFF4
:103D10000000000000000000642E0120074B10B5D9
:103D20001868816882B0096900220C6B019201ABAE
:103D30001146A047019802B010BD00BF642E0120BB
:103D4000064B30B41C68A16802460869056B002365
:103D50002046AC46142130BC604700BF642E0120D1
:103D6000064B30B41C68A16802460869056B002345
:103D70002046AC46152130BC604700BF642E0120B0
:103D8000034B01461868826813699B6A184700BF95
:103D9000642E0120064B30B41C68A16802460869F5
:103DA000056B00232046AC465D2130BC604700BF58
:103DB000642E0120064B30B41C68A16802460869D5
:103DC000056B00232046AC461B2130BC604700BF7A
:103DD000642E0120084A10B503461068826882B03C
:103DE00011698DF807300C6B0DF1070300221E21BD
:103DF000A04702B010BD00BF642E0120034B014656
:103E00001868826813691B68184700BF642E012078
:103E1000034B0146186882681369DB69184700BFC5
:103E2000642E0120064A106810B484682469246B4B
:103E30000023A4461A465DF8044B1921604700BFD1
:103E4000642E0120064A30B41468A168034608694C
:103E5000056B00222046AC46172130BC604700BFEE
:103E6000642E0120064A30B41468A168034608692C
:103E7000056B00222046AC46182130BC604700BFCD
:103E8000642E0120084B30B51C68A26883B011690C
:103E9000ADF806000D6B0DF1060300221F21204630
:103EA000A84703B030BD00BF642E0120084B30B5D9
:103EB0001C68A26883B01169ADF806000D6B0DF1A6
:103EC0000603002221212046A84703B030BD00BFD1
:103ED000642E0120064B30B41C68A5682D696D68FE
:103EE0001346AC460A460146204630BC604700BF38
:103EF000642E0120064B30B41C68A5682D69AD689E
:103F00001346AC460A460146204630BC604700BF17
:103F1000642E0120084B30B51C68A26883B011697B
:103F2000ADF806000D6B0DF1060300226E21204650
:103F3000A84703B030BD00BF642E0120084A10B569
:103F400003461068826882B011698DF807300C6BE7
:103F50000DF1070300220421A04702B010BD00BFED
:103F6000642E012010B5064B82B000220190186823
:103F700081680C6901AB246B0521A04702B010BD1C
:103F8000642E012070B5114D0446286882681269BC
:103F900084B0166B02AB00223921B04728689DF827
:103FA000092081689DF80830096903EB022300228B
:103FB0000D6BADF80620238038210DF10603A847CC
:103FC000BDF90630638004B070BD00BF642E0120CF
:103FD000034B01461868826813695B69184700BF84
:103FE000642E0120064A30B41468A16803460869AB
:103FF000056B00222046AC46682130BC604700BFFC
:10400000642E0120074B10B51868816882B00969D9
:1040100000220C6B019201AB6C21A047019802B009
:1040200010BD00BF642E0120064A106810B48468D9
:104030002469246B0023A4461A465DF8044B03212F
:10404000604700BF642E0120034B01461868826858
:1040500013695B6A184700BF642E012010B5064B38
:1040600082B000220190186881680C6901AB246B52
:104070005821A04702B010BD642E0120084B30B576
:104080001C68A26883B01169ADF806000D6B0DF1D4
:104090000603002256212046A84703B030BD00BFCA
:1040A000642E0120084B30B51C68A36883B01B69DF
:1040B000ADF804001D6B8DF8061001AB0022422103
:1040C0002046A84703B030BD642E0120064B30B413
:1040D0001C68A16802460869056B00232046AC46AF
:1040E0003F2130BC604700BF642E0120094B1B6894
:1040F00000B5864603F10C0CBEE80F00ACE80F00DB
:10410000BEE80F00ACE80F009EE80F008CE80F003F
:104110005DF804FB642E0120034B186818B1836816
:104120001B695B6B18477047642E0120064B30B447
:104130001C68A5682D692D6A1346AC460A460146DF
:10414000204630BC604700BF642E0120084B30B5CC
:104150001C68A26883B01169ADF806000D6B0DF103
:104160000603002264212046A84703B030BD00BFEB
:10417000642E0120084B30B51C68A26883B0116919
:10418000ADF806000D6B0DF10603002265212046F7
:10419000A84703B030BD00BF642E0120064A30B4EA
:1041A0001468A16803460869056B00222046AC46E6
:1041B000622130BC604700BF642E0120094B30B53E
:1041C0001C68A36883B01B69ADF8060000221D6B54
:1041D0008DF8042001AB59212046A8479DF8040022
:1041E00003B030BD642E0120084B30B51C68A368B5
:1041F00083B01B69ADF804001D6B8DF8061001AB90
:1042000000225A212046A84703B030BD642E012069
:10421000084B30B51C68A36883B01B69ADF8040077
:104220001D6BADF8061001AB002261212046A847A6
:1042300003B030BD642E012069B1431E10B4074C99
:104240001944104613F8012F50409942205CF9D1CF
:104250005DF8044B70471046704700BF900F050093
:10426000084B10B502461868836882B01B698DF848
:1042700000201C6B01916B4600222921A04702B04F
:1042800010BD00BF642E012010B5064B82B0002285
:104290000190186881680C6901AB246B1221A0475A
:1042A00002B010BD642E0120064B30B41C68A56816
:1042B0002D69ED681346AC460A460146204630BCDF
:1042C000604700BF642E012070B51D4613460A46A4
:1042D0000146064882B000689DF818608468246929
:1042E000CDE90056A469A04702B070BD642E01203C
:1042F00070B5084C246882B0A6681D4613460A466D
:10430000014620463469009500250195A469A0471F
:1043100002B070BD642E0120084B10B5186881688A
:1043200082B0096900220C6BADF806200DF106037E
:104330003021A047BDF9060002B010BD642E012057
:10434000084A10B503461068826882B011698DF87A
:1043500007300C6B0DF1070300222B21A04702B0A0
:1043600010BD00BF642E0120064A30B41468A16855
:1043700003460869056B00222046AC46522130BC3A
:10438000604700BF642E0120064B30B41C68A16852
:1043900002460869056B00232046AC46552130BC17
:1043A000604700BF642E012030B5094B85B01C6802
:1043B0008DF80C20A368ADF804001B6902911D6BF9
:1043C000002201AB6D212046A84705B030BD00BFDB
:1043D000642E0120084A10B503461068826882B036
:1043E00011698DF807300C6B0DF1070300225C2179
:1043F000A04702B010BD00BF642E0120084A10B5CE
:1044000003461068826882B011698DF807300C6B22
:104410000DF1070300224421A04702B010BD00BFE8
:10442000642E0120084B10B51868816882B00969B4
:1044300000220C6B8DF807200DF107034521A047E2
:104440009DF8070002B010BD642E0120094B30B565
:104450001C68A36883B01B69ADF8060000221D6BC1
:104460008DF8042001AB32212046A8479DF80400B6
:1044700003B030BD642E0120064B30B41C68A16827
:1044800002460869056B00232046AC467B2130BC00
:10449000604700BF642E0120084A10B5034610682B
:1044A000826882B011698DF807300C6B0DF107033B
:1044B00000220621A04702B010BD00BF642E0120DB
:1044C00010B5064B82B000220190186881680C6913
:1044D00001AB246B7F21A04702B010BD642E0120E8
:1044E000074B10B51868816882B0096900220C6B0F
:1044F000019201AB8121A047019802B010BD00BF1D
:10450000642E01200B4B30B519688B6883B01B6992
:1045100000221D6BADF80420044601AB8DF8062087
:1045200008468521A8479DF80630BDF80400237091
:1045300003B030BD642E0120084A10B50346106850
:10454000826882B011698DF807300C6B0DF107039A
:104550000022A021A04702B010BD00BF642E0120A0
:10456000084A10B503461068826882B011698DF858
:1045700007300C6B0DF107030022A821A04702B001
:1045800010BD00BF642E01200F4B70B51B689C68E6
:1045900084B00D4621690190144600220E6B0092F2
:1045A000CDE9025418468F216B46B047029B1A682A
:1045B0005B686B60039B2A6093E8030084E8030058
:1045C000009804B070BD00BF642E012030B50C4BC4
:1045D00085B01C688DF80810A36803921B69002140
:1045E000CDE900101D6B0A466B4690212046A84776
:1045F00010B9009805B030BD4FF0FF30FAE700BFAA
:10460000642E0120084A10B503461068826882B003
:1046100011698DF807300C6B0DF107030022912111
:10462000A04702B010BD00BF642E0120084A10B59B
:1046300003461068826882B011698DF807300C6BF0
:104640000DF107030022AD21A04702B010BD00BF4D
:10465000642E0120094B10B502461868836882B0A9
:104660001B698DF804201C6B8DF8051001AB00222E
:10467000AE21A047002002B010BD00BF642E012073
:10468000084A10B503461068826882B011698DF837
:1046900007300C6B0DF107030022AF21A04700206B
:1046A00002B010BD642E0120084A10B50346106800
:1046B000826882B011698DF807300C6B0DF1070329
:1046C0000022B021A047002002B010BD642E0120BE
:1046D000084B30B51C68A26883B01169ADF80600BC
:1046E0000D6B0DF106030022B1212046A8470020E2
:1046F00003B030BD642E0120084B30B51C68A368A0
:1047000085B01B6901901D6B8DF80810039201ABF9
:10471000002295212046A84705B030BD642E012017
:10472000084B30B51C68A36885B01B6901901D6BF0
:104730008DF80810039201AB002296212046A8476D
:1047400005B030BD642E0120084B30B51C68A3684D
:1047500083B01B6900901D6B8DF804106B4600221E
:1047600034212046A84703B030BD00BF642E01208D
:10477000064B30B41C68A16802460869056B00232B
:104780002046AC467C2130BC604700BF642E01202F
:10479000064B30B41C68A16802460869056B00230B
:1047A0002046AC46972130BC604700BF642E0120F4
:1047B000064A106810B484682469246B0023A44658
:1047C0001A465DF8044B0221604700BF642E0120A9
:1047D0002DE9F0419DF818709DF81C6038B39046A3
:1047E0002AB31D460C46E7F7E9F900EBC43440460E
:1047F000E7F7E4F9A4EB40000E4C000205EB450599
:10480000A4FB00306D02082F4FEA9020ADB206D80D
:1048100047F2CD132844C01A00B2BDE8F08147F634
:10482000B31347F6B302002E18BF1346F2E702484F
:10483000F3E700BFC54215180080FFFF2DE9F041E6
:104840009208890802FB02F201FB0121800800FBAB
:1048500000109DF818509DF81C709DF8206020B342
:10486000984613B3E7F7AAF904464046E7F7A6F9D6
:10487000A4EB40000E4C000205EB4505A4FB003004
:104880006D02082F4FEA9020ADB206D847F2CD1343
:104890002844C01A00B2BDE8F08147F6B31347F6CA
:1048A000B302002E18BF1346F2E70248F3E700BF39
:1048B000C54215180080FFFF074B1B5C1F2B86BFEE
:1048C000064903F01F034FF0A041012202FA03F34F
:1048D000C1F80C35704700BF901005000003005070
:1048E000074B1B5C1F2B86BF064903F01F034FF0CD
:1048F000A041012202FA03F3C1F80835704700BF56
:10490000901005000003005008B50020FFF7E8FFF5
:104910000120FFF7E5FF0220FFF7E2FFBDE80840B6
:104920000320FFF7DDBFC20710B504460CD54FF0DA
:10493000A0430322C3F81027C3F81427C3F858274D
:10494000C3F83827FFF7E0FFA30742BF4FF0A043AB
:104950000C22C3F8082710BD70B5EFF3108672B6AD
:104960000C4A946801239CB993600B4B0B4DD3F810
:10497000801029401160C3F88050D3F88410516032
:104980004FF0FF32C3F88420047006B962B670BDE0
:104990000370FAE7182F012000E100E0FC06FFBDDC
:1049A000084B9A6810B55AB150B9EFF3108172B63E
:1049B000054A1C6814605C685460986001B962B66E
:1049C00010BD00BF182F012000E100E010B5034624
:1049D00053E8000F0A4643E8002494F0000FF7D193
:1049E00010BD10B5034653E8000F40EA010243E84A
:1049F000002494F0000FF6D110BD10B5034653E823
:104A0000002F42EA010043E8000494F0000FF6D1C1
:104A100010BD10B5034653E8002F02EA010043E839
:104A2000000494F0000FF6D110BD10B5034653E812
:104A3000000F00EB010243E8002494F0000FF6D1D0
:104A400010BD10B5034653E8002F02EB010043E808
:104A5000000494F0000FF6D110BD10B5034653E8E2
:104A6000002FA2EB010043E8000494F0000FF6D100
:104A700010BD0121FFF7B5BF38B5074C051E04F185
:104A8000080318BF1C4623682BB11A6822605B68B4
:104A900028469847F7E738BD2C2F012020B9054B51
:104AA00001225A70FFF7E8BF012802D1014A907035
:104AB000F8E77047242F012020B9034B01225A70D8
:104AC000FFF7DABF704700BF242F012038B50E4C26
:104AD0002378B3B90D486360A3602361E36000F0FD
:104AE000B9FC054602F05CFA08B900F0BFFC0123EE
:104AF0002370074BD3F800340BB10123A370284671
:104B000038BD8525F5E700BF242F01209D4A04000C
:104B10000000014037B5184CA378054603F0FF02AA
:104B20009BB110B143680120984700230DF10700A5
:104B30008DF80730FFF710FFE3689DF80700013399
:104B4000E360FFF72DFF03B030BD0DF107008DF8D6
:104B50000720FFF701FF25B1226913463BB92A6000
:104B60002561E368002BE7D100F092FCE4E79D4269
:104B7000F7D01B68F2E700BF242F012037B50D4C9A
:104B800000230DF107008DF80730FFF7E5FEE3681D
:104B9000013BE360E36833B9074BD3F8005415B920
:104BA00000F083FCA5709DF80700FFF7F9FE03B045
:104BB00030BD00BF242F012000000140012813B5A3
:104BC0000CD0032820D038B9134B0122C3F8802021
:104BD000BFF34F8FBFF36F8F02B010BD0F4C002398
:104BE0000DF107008DF80730FFF7B6FE23780BB9FB
:104BF000FFF76CFFE3689DF807000133E3600123D2
:104C0000A370FFF7CDFEE7E700F030FC02B0BDE88F
:104C10001040FFF7B3BF00BF00E100E0242F0120E8
:104C200000F1804000F5C040002382B003600368BB
:104C30000193019B02B0704703681F2B83BF03F0F1
:104C40001F03036001484FF0A0407047000300506D
:104C500007B5019001A8FFF7EFFF019B00EB830070
:104C6000D0F8003723F44033C0F80037D0F80037CD
:104C700043EA0141C0F8001703B05DF804FB0000EF
:104C8000054B4FF0FF32072843F8202084BFC0189F
:104C900080F84620704700BF382F012038B51E49E4
:104CA00091F85530ABBB40F2FF30FF245A09012A7E
:104CB0000CBF02464FF0FF3203F01F05EA40D20757
:104CC00048BFCA1803F1010348BF82F824402A2BC9
:104CD000ECD10024E0B20134FFF7D2FF092CF9D166
:104CE0000E4B0022C1F84F209A800D4BC02083F854
:104CF0000603402018604FF4BE70FFF791FF094B88
:104D00004FF00040C3F80403012381F855301046EA
:104D100038BD0820FCE700BF382F0120872F012075
:104D200000E100E000600040034B93F855000038BC
:104D300018BF0120704700BF382F0120F7B53D4F45
:104D40003B18044693F92430002B71DA8B78C3F3B7
:104D50004003002B0BBF08250025092008208542B1
:104D600002D1042003B0F0BD57F82560013647D1C9
:104D700038196EB247F8252080F8246013B97B19E2
:104D800083F846408B785A071AD4D8073AD501A839
:104D90000194FFF751FF019B00EB8300D0F800372F
:104DA00023F00203C0F800372348E20804F0070CA0
:104DB000012303FA0CF310F802C043EA0C038354F6
:104DC00088780B7810F0020028D0AD0005F18045FE
:104DD00005F5C0452402D5F8102522F44F3222F4FF
:104DE0004072C5F810251B04D5F8102504F47C5436
:104DF00003F440331C431443C5F810450020B1E7C9
:104E00000135ACE701A84A780194FFF715FF019B33
:104E100003F5E073920040F82320C5E7083E47FA07
:104E200086F797F84E4044EA831387F84E3099E7A7
:104E3000082097E7382F0120872F012073B5244DD4
:104E40002E18044696F92420072A1DDD083A45FA53
:104E500082F595F84E309B09032B10D1019001A8E3
:104E6000FFF7EAFE019BD0F81015D94001F00101CF
:104E70000231204602B0BDE87040FFF7E9BE012BC9
:104E80000CBF02210321F4E7D3B2072B1DD89300F6
:104E900003F1804303F5C043D3F8100540F001004F
:104EA000C3F8100502F1400040B2800080B2FFF765
:104EB000B7FE51B196F9243055F823302BB10123B8
:104EC00003FA02F2034BC3F8042302B070BD00BF23
:104ED000382F0120006000400E4B034493F924203A
:104EE000072A02DD0021FFF7B3BED3B2072B10D88B
:104EF000930003F1804303F5C043D3F8101521F06C
:104F00000101C3F81015012303FA02F2024BC3F8A2
:104F100008237047382F012000600040F7B5044691
:104F2000FFF7DAFF19491A4E0A19E50892F92430F9
:104F300092F82420072A9FBF164A03F5A273002087
:104F400042F8230004F0070301229A40735D1342E4
:104F50000DD001A80194FFF76FFE019B03F5E073EC
:104F6000022740F82370735D23EA020272550B1981
:104F700093F92400002802DBC0B2FFF781FE214430
:104F8000FF2381F8243003B0F0BD00BF382F01208B
:104F9000872F0120006000402DE9FF410024CDE96A
:104FA0000244534D4FF48072012102F1804303F516
:104FB000C04390B21B68012B06D1D5F804330B42D5
:104FC00002D0FFF72DFE0C430432B2F5907F4FEA7A
:104FD0004101EAD1464BD3F87C31012B11D14FF47A
:104FE000BE70FFF71DFE4FF0A04344F00044D3F81D
:104FF00020250292C3F82025D3F820280392C3F875
:105000002028E3B2D3B13B4F00250126344210D013
:10501000AB0003F1804303F5C043D3F81005D3F888
:10502000101557F8253023B1C1F30141C0F3052015
:1050300098470135082D4FEA4606E7D1002C4EDA95
:105040002C4F2D4E97F94E305A1C3AD0C3F3C20163
:1050500010316944DAB211F8081C03F03F0401254D
:1050600003F0070305FA03F319422AD001A80194BB
:10507000FFF7E2FD019B03F5E07350F82330C3F323
:105080000148B8F1020F0CBF032102212046FFF7AF
:10509000DFFD01A80194FFF7CFFD019B9D403B1967
:1050A000C0F8205593F9243057F823304BB19109BB
:1050B000032904D0B8F1020F14D1012901D12046EF
:1050C00098474FF0A043D3F820250292C3F820253B
:1050D000D6F820350393C6F820351343B2D104B077
:1050E000BDE8F081B8F1030FEBD10229E6E700BF7C
:1050F00000600040382F012000030050002343507F
:1051000082B043580193019B02B070472DE9F047EC
:10511000DFF8988004460D46914600F5A07A4FF4DA
:1051200080370026D4F80433B10001F5A0713B426A
:1051300089B20DD0DAF8003053B1C4F84873204674
:10514000C4F80873FFF7DAFF58F82530F0B2984733
:105150000136B1454FEA47070AF1040AE2D1D4F813
:105160000433DA070CD5D4F800314BB120464FF4A4
:105170008071FFF7C3FF0D4B042053F8253098478B
:10518000D4F804339B070ED5D4F804315BB1204624
:105190004FF48271FFF7B2FF044B052053F825301E
:1051A000BDE8F0471847BDE8F08700BF982F012001
:1051B000F0B51A4C43791A4D44F8232003EB43030E
:1051C000EB5C43BB90F904408B7802795B01002CC7
:1051D000DBB21BDB134E371987F800330123640958
:1051E00002F01F0203FA02F246F8242003680A883C
:1051F000C3F8082543790879C97803EB4303EA1813
:10520000507091700122EA540020F0BD064C02F06B
:105210000F02A354EAE70820F7E700BF982F012008
:10522000902F012000E100E014ED00E0036801226E
:105230001A604379024A03EB43030221D1547047B9
:10524000902F012008B500684FF480338B40C0F8E0
:105250004833D0F804231A4201D1002008BD503150
:10526000890089B2C0F808334358002BF5D0FFF706
:1052700045FF0D20F2E700002DE9F04105464FF40F
:10528000803400681C4F8C40C0F84843C0F8084385
:1052900095F805C00CEB4C063E4422F07F4296F890
:1052A000018001F5A8764FEA4C0E40F82620B8F1AF
:1052B000000F11D0D0F80485F4446744A8EB02062F
:1052C000904538BF06F1FF16BA7838BF06F57F461D
:1052D000B24201DD0D200CE03BB15031890089B2B2
:1052E000FFF70CFF2B68C3F804432B680020C3F8BA
:1052F0004443BDE8F08100BF902F0120024610B565
:1053000000680C464FF48271FFF7F8FE1368022222
:10531000C3F844230CB1C3F8042310BD0248032290
:105320000021FFF7F3BE00BF00B000400248042296
:105330000121FFF7EBBE00BF0040024013B5084C4F
:10534000D4F800314BB1074B1B6898470023C4F8D1
:105350000031D4F800310193019B02B010BD00BFB1
:1053600000000140A42F012070B5114B1960114BB2
:105370001C780546D4B9104E01221A700378C6F87D
:105380000C3541684FF47A720023C803490C06F0CB
:10539000B9FFC6F804052B7A084A5B01DBB282F834
:1053A00010334FF480331360204670BD0820FCE7B3
:1053B000A42F0120A12F01200000014000E100E006
:1053C000044B0122C3F804231A60034B02221A7013
:1053D000704700BF00000140A12F012037B50546EE
:1053E00000240DF107008DF80740FFF7B5FA0C4BCC
:1053F0001A78072A11D8511C19700A492A70D1F855
:105400000805012393400343C1F808359DF80700C0
:10541000FFF7C6FA204603B030BD0424F6E700BF0C
:10542000A02F012000000140034B044A00F5C0708A
:1054300043F82020704700BF000001403546526EFF
:1054400000F18040002382B0036003680193019B58
:1054500002B07047044A137923B901211060117119
:105460001846704785207047A82F0120074B1A68FF
:10547000D20704D4C02283F8002301221A604FF01F
:1054800080430122C3F81825704700BF00E100E007
:1054900008B54FF48270FFF7D3FF4FF0804302222C
:1054A000C3F8042301229A6008BD4FF0804208B57A
:1054B0000223C2F808334FF48270FFF7C1FF0123C3
:1054C000D360D2F81834DB03FBD408BD4FF0804220
:1054D00010B5D2F8003153B14FF48070FFF7B0FF30
:1054E0000123C2F808330B4B00201B6898474FF08C
:1054F0008042D2F8043163B14FF48270FFF7A0FF0D
:105500000223C2F80833034BBDE810401B6801209A
:10551000184710BDA82F0120044AD2F80034DB0739
:10552000FBD50160BFF35F8F704700BF00E0014013
:105530004FF0805302461869B2FBF0F300FB1320D2
:1055400068B9084B0221C3F80415C3F80825D3F83D
:105550000024D207FBD50022C3F804257047102091
:10556000704700BF00E00140F8B50B4B1546012223
:1055700006460F46C3F804250024A54204D1064B75
:105580000022C3F80425F8BD57F8241006EB840068
:10559000FFF7C2FF0134F0E700E0014010B50D490C
:1055A000A1F59472914201D800200FE08C1AE30F0C
:1055B00003EBE4035B1002EBC30452F83330834285
:1055C00005D802D204F10802ECE7606810BD21465C
:1055D000E8E700BFA415050008B5FFF7DFFF024BA1
:1055E000002808BF184608BD6914050000B583B03F
:1055F00002900091019244F2010071466A4605F062
:1056000077FA03B000BD10B5F5F746F9037B43B157
:10561000437B83F001030373BDE810408368006897
:10562000184710BD73B504680E46154602B3237BB8
:1056300003BB6168F1B910222046F0F749F8002E4B
:105640000CBF0123002363730B4BA56018BF01221D
:10565000009308BF0022094823464FF47A71F4F7FB
:10566000CFFF0028606014BF00200E2002B070BD84
:105670000720FBE70820F9E707560400F71A0500A2
:10568000F0B5456887B00446002D45D0067B2EBB9B
:105690000260EFF305831BB30A46009605AB0921B0
:1056A00028460596F4F7CAFF012825D1F4F7C2FB76
:1056B0000096024605AB06212846F4F7BFFF0128F5
:1056C0001AD1059B43B1154B4FF080525A6040BF31
:1056D000BFF34F8FBFF36F8F0123237300200CE0C4
:1056E00002270A460097042128460393F4F7A6FFF1
:1056F0000128039B064602D0042007B0F0BD0393A7
:10570000F4F792FB039B0097024631462846F4F7D4
:1057100095FF0128E0D0EFE70820EEE700ED00E07C
:105720001FB50446406830B3EFF30583D3B10022C0
:10573000009203AB08210392F4F780FF012801D007
:1057400004200DE0039B43B10C4B4FF080525A6094
:1057500040BFBFF34F8FBFF36F8F002323731846F3
:1057600004B010BD0222009203211A46F4F766FF2E
:105770000128F2D0E4E70820F2E700BF00ED00E0E6
:1057800070B5064D0646002455F8043B0BB1304673
:1057900098470134042CF7D170BD00BFBC2F012005
:1057A0004388033300EB830399420BD382884FF67F
:1057B000FF739A4208D0038833B18068431C584273
:1057C000584170470220704701207047033080B273
:1057D00040F2FE33984230B51FD8134B1A783AB9CD
:1057E0001C895D892C440444A4B2B4F5806F0AD9A5
:1057F0001A7DAAB99A8BDC8B2244024492B2B2F58C
:10580000806F0DD801220A801446142202FB043353
:105810005A8910445881002030BD48F20860FBE7E7
:1058200048F20660F8E700BFF02F01200B4A0C4950
:105830005388142000FB0311CB6833B90420496856
:1058400010700122074801F0D3B8074905231370EF
:1058500002238B80012209680023F3E7D42F012063
:10586000F02F012054460020B830012007B5002356
:1058700005490093054A09680548082301F01EF808
:1058800003B05DF804FB00BFB8300120B01505007F
:105890005446002007B5002301460093034A0448FC
:1058A000082301F00BF803B05DF804FBA815050010
:1058B0005446002013B500230C4600930146084AC5
:1058C0000848042300F0FAFF38B9074B142101FB04
:1058D000043101230B7402B010BD48F20D60FAE7E9
:1058E000A415050054460020F02F012037B50A48C2
:1058F0000A4B42689C881968538803250333057056
:105900009BB2002000909B0001EB8401044800F052
:10591000D5FF03B030BD00BFD42F0120B830012027
:105920005446002010B50146044800F0C8FE1C2271
:1059300004460021EFF7CCFE204610BDA430012024
:1059400068B10268084B9A4209D14068074B9842F7
:1059500007D00133984214BF032001207047032071
:1059600070470020704700BFDEC0ADDEFE011EF1B3
:105970002DE9F0410D460223154F2B80164600F508
:10598000805100F108044FF001088C420ED22368C8
:1059900001330BD02046FFF703FF48B10EB186F864
:1059A0000080022809D14FF480632B80BDE8F0818C
:1059B000A3683A68934200D93B602B88628803331E
:1059C00013442B806388033304EB8304DDE700BFBB
:1059D000E82F012038B5144B14220D4602FB00308D
:1059E0002B68446804F58051A3B15C88033403EB51
:1059F00084048C4215D22368013312D02046FFF76D
:105A0000CFFE012808D002280BD00028F1D12C604D
:105A1000012038BD0834ECE76388033304EB8304CA
:105A2000E7E70020F5E700BFF02F0120426873B5DB
:105A300004460D466AB3234BD9688A4229D31B69B1
:105A40009A4226D812F0030323D11F4900890989FD
:105A500088421ED12068916888421AD11B4841684B
:105A60008A4203D901F580518A420DD381698A4265
:105A70000CD901F580518A4208D201222A80B3FA5A
:105A800083F0400902B070BD1A46F7E748F2096397
:105A9000F5E700262E800196288801A9FFF79AFFD6
:105AA00030B92B8801339BB2012B2B80F3D9E9E766
:105AB000019B226899689142EED16360024B1B8979
:105AC0002381DFE754460020D42F0120F02F01204E
:105AD0002DE9F8431C461D4B1B7806460F4615461C
:105AE00073B382B37CB3DFF86C804FF01409A388E2
:105AF000012B02D948F2096020E009FB03F318F8F2
:105B000003302BB9A0882146FFF764FF20B920603D
:105B1000A3880133A380EAE723681EB199883288FD
:105B20009142EFD11FB119883A889142EAD19A681F
:105B3000C5E90023064B1B892B810020BDE8F883B3
:105B400048F20160FAE748F20460F7E7CC2F012041
:105B5000D42F0120F02F012008B5074B5888191DBC
:105B6000FFF738FF18B1BDE80840FFF7BFBEBDE83A
:105B70000840FFF75BBE00BFD42F01202DE9F0479E
:105B80009F4FDFF8A08288B006463B6823B99D4846
:105B9000414600F0CEFD38603D6829784B1E052B4C
:105BA00007D8DFE813F02000740074000601060136
:105BB0005D0148F20E641422002103A8EFF788FD6E
:105BC00041F61D539C4208BF00243B6804941A7898
:105BD000023A042A00F2FC81DFE812F0DD01E9015B
:105BE0000B0213021A022EB1874B00225A604FF4A7
:105BF0000644E0E72B79032B1CD8DFE803F01402FE
:105C00002A35824A1378022B1AD0137D022B4FF0CB
:105C1000010317D114214B43D1180020D0544868F8
:105C2000FFF738FE03E001232B71FFF71FFE00286A
:105C300000F0B980744B00225A6048F20D64BAE754
:105C40000023E7E7704A13700023536041F61D54A8
:105C5000B1E76F496F48002302222B718A800968DF
:105C6000012200F0C5FEE2E76B4B684C5B88684A96
:105C700014214B43E11800262E714D681068156001
:105C8000958848600D810221E6549180C8E7B5F8F7
:105C900014A0AA7DDFF87491AEB1022AEB8806D970
:105CA000142101FB0A91DA1C088902440A8114229A
:105CB00002FB0A99C3F57F43B9F80A20FD33134468
:105CC000A9F80A3093E7142303FB0A9318895C6848
:105CD00004EB8004062A69D8DFE802F0274E364438
:105CE0001D5A040041F61D54AA7DEB88022A06D9EC
:105CF000142101FB0A91DA1C088902440A8114224A
:105D000002FB0A99C3F57F43B9F80A20FD33134417
:105D1000A9F80A304FE74148414900234360AB6985
:105D20000360FFF783FE00285BD00223AB750023DE
:105D300000930423EA182146364800F0BFFD0028EE
:105D400031D048F20D64CFE72B69002B14BF032339
:105D50000123AB750023009305F10C02042304F129
:105D60000801E9E70123AB750022EB8800922A695C
:105D70009B0004F10C01DFE703290CBF0523062378
:105D8000AB7500230093042305F10802E118D3E763
:105D90000623AB75224B1988204B5868FFF78AFD04
:105DA00004460028A0D108B0BDE8F08748F20E6490
:105DB0009AE7002E7FF41BAF2B79012B34D0022BF6
:105DC0003FF444AF002B7FF4F4AE02232B710DF1AE
:105DD0000A01EB68039303A8CDE90466FFF726FEEA
:105DE00010B948F20964E6E60498BDF80A10838801
:105DF000EB8003882B81FFF75DFD044629E000BF9F
:105E0000EC2F0120A4300120CC2F0120F02F012005
:105E1000B830012054460020D42F0120B02F01209B
:105E2000C4300120E42F0120DFF8009203AA4B4682
:105E30003146A81DFFF74CFE044670B9B9F80410AE
:105E40000498FFF737FD044648F209639C423FF48B
:105E5000FDAE002C7FF4AFAEA5E7C9E90066F3E71D
:105E6000002E7FF4C4AE6C4B1A7BBAB11E731A7845
:105E7000013A062A3FF69DAE01A151F822F000BF7B
:105E80002B5F0400515F04006F5F0400755F040026
:105E9000B35B04007B5F04008D5F04001A78072A5F
:105EA000E5D801A151F822F0C95E04006F5E04003C
:105EB0006F5E0400EF5E0400035F0400275F0400D0
:105EC000275F0400EB5E04001A89544901321A81ED
:105ED00000225A801A730A78B2FA82F252099A7230
:105EE0000A7DB2FA82F25209DA72012207E04C49C5
:105EF00058688A884088033202448A8002221A70D5
:105F0000B5E75C88454A4649142505FB0422086824
:105F1000546850608888108102200C6088800021BD
:105F200011740622EBE70722E9E79A7A32B9DA7AA6
:105F30008AB900221A705A805A6087E637490022CF
:105F40009A72CA68002AF2D1097C0029EFD05A80DF
:105F5000FFF702FE51E70022DA72304A116A002987
:105F6000E7D192F82420002AE3D00122EFE7FFF7DF
:105F7000BDFC42E7FFF75AFC3FE75A88274B142144
:105F800001FB02335868FFF785FC36E700225A60B0
:105F9000FFF76CFC31E701228DF80C201A89ADF86F
:105FA00018209A88DB68ADF81A20059310E00222C9
:105FB0008DF80C201A89ADF818209A88ADF81A20AF
:105FC000DA689B7D05929A1F534253418DF81C302D
:105FD00003A8FFF7D5FB0026414612483E6000F0BB
:105FE000D3FB11480121FEF738FD00287FF4CDAD29
:105FF000D9E603228DF80C20DA88ADF818201A892A
:10600000D0E704228DF80C20DB88ADF81830DFE7EC
:1060100005238DF80C30DBE7D42F0120F02F012071
:10602000B8300120A4300120B4300120C830012054
:106030004068FFF7A3BD000008B505480121FEF741
:10604000F4FC18B9BDE80840FFF798BD08BD00BFD3
:10605000B43001202DE9F3419846374B1B780646B2
:106060000D46002B5CD000295DD009884FF6FF73E8
:1060700099425BD06B88002B58D06B689B0758D136
:106080004AB92F890DF102013846FFF79FFB30B165
:1060900002B0BDE8F08113885788ADF8023001A83E
:1060A000FFF740FC044660B9BDF80220234B1421E1
:1060B00001FB023358890338C01B588148F207603E
:1060C000E6E780F8008000238375BDF80230838204
:1060D0006B68036101211A48FEF7B3FC2B8823810A
:1060E000B8F1030F6B88A38004BF0423A3754FF09E
:1060F000000508BF3368E06008BFA3611148E7806E
:10610000658101A900F005FB36B1E36833600E4BF1
:1061100075601B89B5723381FFF78EFF0020B7E7EA
:1061200048F20160B4E748F20460B1E748F2036066
:10613000AEE748F20260ABE7CC2F0120F02F012040
:10614000E82F0120A4300120D42F012008B50346F8
:1061500007480268042A08D00168064A42F821303C
:106160000121FEF76EFC002008BD48F20B60FBE742
:10617000C0300120BC2F01202DE9F04FDFF8208234
:1061800089B01422002103A8EFF7A2FA98F8003092
:1061900003F0FF0200923BB103A8FFF7F1FA0027DA
:1061A000384609B0BDE8F08F08F10400FEF761FC45
:1061B0000028F4D1009BDFF8ECA1D3F8F83F5C1C79
:1061C00008BF4FF010234FF0805208BF5B69116980
:1061D0005269581C08BF02FB01F3CAF81030694924
:1061E000A3F5405300225046CAF80C3000F034FBAF
:1061F00007460028D4D11C2363496448DFF8A8B1BE
:106200008C2200F027FA0323B9463D4601933C4611
:10621000DAF80C604E443046FFF792FB012867D055
:10622000032817D000283DD159494FF0140C0CFB1E
:1062300004FC01EB0C0201F80C0056600CF110029A
:106240000CF1080C0A4430466144FFF791FB45F01D
:1062500002054AE03268531C02D04E4B9A4239D1B3
:10626000321D06F580511068013033D1043291425D
:10627000F9D1DBF800203AB902220123CBF8006003
:10628000ABF8042000930BE014226243404B022041
:1062900099189854404A4E60548001340881A4B241
:1062A00045F0010509F58059B9F5405FB0D1019B72
:1062B000012B98BF0025EDB2022D03D0062D36D05C
:1062C000002D3ED1002388F8003048F20A67C8F854
:1062D000043065E7019B2E495A1E93B21422624393
:1062E000881801934660032088540134A4B2D9E78A
:1062F000009B6BB1264B14226243991802209854DC
:10630000DBF800204A60244A088154800134A4B29A
:1063100000222249CBF800603046FFF729FBBBF88A
:106320000420022A0CBF042208221543BAE70123E5
:1063300088F8003003A80023C8F80430FFF720FADB
:106340002EE702A8FFF7EEFAC8B10123013D037062
:106350000A2D09D8DFE805F006080608070807082F
:106360000F110F000023037102A9084800F0D1F9B2
:10637000FFF762FE14E70323F5E70223F3E748F291
:1063800007670DE79417050018300120A43001209D
:10639000F02F0120DEC0ADDED42F0120BC30012063
:1063A000CC2F012054460020B830012073B50D4693
:1063B0000446C8B1C1B10DF10601FFF737FBB0B11A
:1063C000BDF806300B486668142202FB0300012169
:1063D0000C30FEF736FB63682E600C336B600123D4
:1063E000A372002002B070BD48F20460FAE748F2E0
:1063F0000960F7E7F02F012013B50446A8B10DF1AD
:106400000601FFF713FB98B1BDF806200B4B1421D2
:1064100001FB0233DA6872B1A27A62B1DA68002055
:10642000013ADA60A07202B010BD48F20460FAE7E7
:1064300048F20960F7E748F20560F4E7F02F012021
:1064400002230022FFF706BE18B103230022FFF744
:1064500001BE48F204607047114B1B7813B5044627
:10646000ABB14FF6FF73984214D001A8FFF75AFA68
:1064700098B10523037001230371C48001A9094861
:1064800000F047F9FFF7D8FD002002B010BD48F238
:106490000160FAE748F20360F7E748F20760F4E7C3
:1064A000CC2F0120A43001200F4B1B7807B5A3B1DE
:1064B00001A8FFF737FA98B10623037001A90B482A
:1064C00000F027F90A4B1A780AB101221A73FFF774
:1064D000B3FD002003B05DF804FB48F20160F9E76A
:1064E00048F20760F6E700BFCC2F0120A43001205E
:1064F000D42F012007B5ADF80600ADF804100DF15A
:10650000060001A9FFF7E4FA03B05DF804FB07B544
:106510001346ADF806000A4600200DF10601FFF70C
:10652000D7FA03B05DF804FB07B51346ADF80600D3
:106530000A460DF106000021FFF7CAFA03B05DF824
:1065400004FB20B119B103680B600020704748F2CA
:10655000046070472DE9F84F3C4B1B780446002B34
:106560006DD000286ED0DFF8E89012220021EFF7FE
:10657000AFF8032323804FF0000A4F4614264FF054
:106580000108D9F80410B9F80AB0B9F8085008465B
:10659000FFF7D6F9032808BF2388628804BF03F1F8
:1065A000FF33238006FB0A735D44DB68134463807A
:1065B00023899B446389A4F808B0ADB22B4463815E
:1065C000C5F58065A389ADB2AB4238BFA58101F1A5
:1065D000080501F58051A94229D92B68013326D03D
:1065E0002846FFF7DDF801280AD0022815D0002838
:1065F000F1D1A3880133A3800AE04FF0010AC0E77C
:10660000E3880133E380E3896A8803331344E38139
:106610006B88033305EB8305DDE7E38884F810809E
:106620004D1BE189013301EBA501E380E18109F113
:106630001409BAF1000FE0D00020BDE8F88F48F24D
:106640000160FAE748F20460F7E700BFCC2F0120B1
:10665000F02F012010B561B1B2FBF3F403FB142459
:10666000A4B244B9C0E9001484608281C381204689
:1066700010BD0E20FCE70920FAE782B050E8022F97
:10668000C188B2EB324F4FF0000317BF92B241EA1C
:10669000014142EA014104E04268B2EB324F08BFD7
:1066A000012340E80212002AE8D18DF807309DF856
:1066B0000730002B0CBF1120002002B0704737B507
:1066C00050E8013F9DB2C48925448489A54228BF72
:1066D0002D1B0489A54202BFBFF32F8F002207E0C4
:1066E000C5EA030540E80154002CE9D14FF001024E
:1066F0008DF803200193019A0A609DF8031001F0C0
:10670000FF0321B1006810FA82F003B030BD1846D3
:10671000FBE70A884B889A4209D150E8012FC2EA68
:10672000024240E80123002BF7D1012070470020EE
:10673000704737B550E8023F1FFAA3F5C488A54259
:1067400002BFBFF32F8F00220DE0C4892544848946
:10675000A54228BF2D1BC3EA054540E80254002C82
:10676000E8D14FF001028DF803200193019A0A60ED
:106770009DF8031001F0FF0321B1006800EB124007
:1067800003B030BD1846FBE70A884B889A4209D10E
:1067900050E8022FC2EA224240E80223002BF7D140
:1067A000012070470020704701F01F024B090121B2
:1067B000914000EB8300FEF720B94B0910B501F0C2
:1067C0001F040121A14000EB8300FEF70AF9E0401D
:1067D00000F0010010BD01F01F0301229A404B0997
:1067E00000EB8300D143FEF714B94B0901F01F0100
:1067F00050F82300C84000F0010070472DE9F04731
:106800004F1E7F0980460E460137002558F8254067
:1068100008EB8509E44394FAA4F4B4FA84F44FEA4B
:10682000451A202C06D10135AF42EFD83446204618
:10683000BDE8F0875444A642F5D921464046FFF70B
:10684000BCFF0028F3D0D9F80040E44394FAA4F444
:10685000B4FA84F4E5E7000013B50B46114680B99D
:10686000104B1148114AC01A0E23C0080093104B58
:106870000004104940F0010000F0F1FE0E2002B0CB
:1068800010BD4BB9074B08480B4AC01AC0080E236D
:1068900000930004064BECE703601B6802B0BDE800
:1068A000104018473422050084220500B815050061
:1068B00074170500BD150500EC1505002DE9F7431B
:1068C000DDF8288088B93E4B3E483F4AC01AC008D0
:1068D0000E243E4B009400043D4940F0010000F0BE
:1068E000BEFE204603B0BDE8F0834AB9344B3548BC
:1068F000384AC01AC0080E24344B00940004EBE759
:10690000D0F800E0BEF1000F09D12D4B2D48324ADE
:10691000C01AC00808242D4B00940004DCE74BB9D2
:10692000274B28482D4AC01AC0080924274B009439
:106930000004D1E74568D5F80490B3FBF9F509FBED
:1069400015354DB11E4B1F48254AC01AC0080924F1
:106950001E4B00940004BFE78D0709D0184B19485F
:10696000204AC01AC0081024184B00940004B3E752
:1069700012F0030F09D0124B12481B4AC01AC0086C
:106980001024124B00940004A6E7C568A9420DD359
:106990004D1EEC180569AC4208D8CDF82880DEF809
:1069A0000C40A44603B0BDE8F0436047044B0548E3
:1069B0000E4AC01AC0081024044B009400048BE750
:1069C0003422050084220500B81505006117050072
:1069D000BD1505003A160500E6150500F915050078
:1069E000401605006A16050082160500A51605006A
:1069F000F7B580B92A4B2B482B4AC01AC0080E2481
:106A00002A4B009400042A4940F0010000F027FEC0
:106A1000204603B0F0BDD0F800C0BCF1000F09D192
:106A20001F4B2048234AC01AC00808241F4B00945B
:106A30000004E8E74AB91A4B1A481F4AC01AC008AE
:106A400009241A4B00940004DDE74568D5F800E0FE
:106A50000EF1FF350D4209D0114B1248174AC01AEA
:106A6000C0081024114B00940004CCE7C568A9426B
:106A70000CD34D1E0EFB02540569AC4206D8DCF85F
:106A80001040A44603B0BDE8F0406047044B054801
:106A90000B4AC01AC0081024044B00940004B2E74B
:106AA0003422050084220500B81505004E170500A4
:106AB000BD150500E6150500F9150500CC16050005
:106AC000F216050029DF704728DF704770B50368AC
:106AD0009E6886B004460D466EB1142200216846B9
:106AE000EEF7F6FDA3680593237901952BB1012BF1
:106AF0000DD06846B04706B070BD01238DF8003058
:106B000023690293E368039363690493F1E7022323
:106B10008DF80030E3681B030293F5E708467047E1
:106B200000207047024B187A003818BF01207047C8
:106B30006C310120034B187A0122B0FA80F05A74AC
:106B4000400970476C31012008B510461A46EEF72F
:106B5000B1FD002008BD000008B514220021044842
:106B6000EEF7B6FD0348FFF788FD002008BD00BF23
:106B70006C3101205C31012010B5094C094B436098
:106B80002046FDF776FF40B900F00AFA0649207466
:106B90001C2306488C22FFF75DFD002010BD00BFBE
:106BA0006C31012088170500D03001205C310120B4
:106BB00038B5234D234C2B7A3BB923492348FFF7A3
:106BC000B8FD206008B9686038BD022324682B72C4
:106BD000237973B1012B24D020460321FFF776FFE0
:106BE00000232B726B6018491848BDE83840FFF746
:106BF000CBBDD4E90523D21AB2F5805FD4E90310E6
:106C000028BF4FF480529208012A38BF012219444C
:106C10001844FFF757FF50B11128DDD101232B7223
:106C2000D2E7D4E903031844FFF74EFFF3E72B7CC8
:106C3000002BC9D1BDE83840022000F009B800BFE0
:106C40006C31012084310120803101205C31012030
:106C500038B5234C237A002B41D0022B09D10328CD
:106C600030D0204B00221B68E2601A793AB1012A29
:106C700022D0637C7BBBBDE83840FFF799BFD3E9E6
:106C800005128D1AB5F5805F94BF521902F5805236
:106C90009A619142EDD102284FF0000308BF1946D6
:106CA0002372104B18BF0D211868FFF70FFF0E4914
:106CB0000E48FFF769FDDCE71A6901321A615B696A
:106CC0009A42E7E7E3680133082B01D8E360D0E795
:106CD0000023E360DFE7BDE8384000F051B938BD7C
:106CE0006C31012084310120803101205C31012090
:106CF000831E012B01D8FFF7ABBF704700F0FD03E7
:106D0000012B08D1044B00225A74421E50425041BC
:106D10001874FFF74DBF70476C31012010B5064C59
:106D2000201DFDF7A6FE28B9637C1BB9BDE8104005
:106D3000FFF73EBF10BD00BF6C3101202DE9F341CC
:106D400080460D46104801A916461F46FFF7B7FCBE
:106D50000446B0B1182200210430EEF7B9FC2D0B27
:106D60000123237101A90848C4F80080A760E560E9
:106D70006661FFF7CEFCFFF7D1FF002002B0BDE84F
:106D8000F0810420FAE700BF5C3101202DE9F341D6
:106D900080460F460F4801A916461D46FFF78FFC97
:106DA0000446A8B1182200210430EEF791FC089B9C
:106DB000A36001A9C4E903670648C4F800806561BF
:106DC000FFF7A7FCFFF7AAFF002002B0BDE8F081A3
:106DD0000420FAE75C31012010DF704711DF7047B3
:106DE00013B504460949684603F0EAFE019808B95C
:106DF00002B010BDD0E900212046904718B1684686
:106E000003F0E8FEF2E71120F2E700BF3C180500AE
:106E100013B504460749684603F0D2FE019B0BB93F
:106E200002B010BD2046D3E900219047684603F028
:106E3000D1FEF3E754180500084B9A6822B11A688E
:106E400022F480021A607047054B4FF48002C3F8A9
:106E50008020BFF34F8FBFF36F8F7047182F012033
:106E600000E100E00C4991F816335A09EC23134174
:106E7000DB0706D5094B9A684AB94FF480030B60CB
:106E80007047074AA12142F20200FEF7AFBB1A6821
:106E900042F480021A60704700E100E0182F0120E0
:106EA000B4170500F7B5194F3C7864BB184E01259F
:106EB00020463570FFF794FF112821D02046FFF7B8
:106EC000A7FF144B8DF80340186801900DF10300E3
:106ED000FDF742FD104901A8FFF77EFF0446B0FA16
:106EE00080F0400938709DF80300FDF759FD3CB96A
:106EF0000A4B34701C70FFF7B5FF2846FFF788FF78
:106F0000204603B0F0BD0824FAE700BF8931012014
:106F10008831012038180500F1AA04008A310120C7
:106F2000F7B5154F3B781BB3144E01203070FFF7B7
:106F300057FF11284FF000051CD00220FFF768FF13
:106F40000DF107008DF80750FDF706FDFFF746FF2E
:106F500004469DF807003D70FDF722FD2CB9032083
:106F60003470FFF769FFFFF753FF204603B0F0BD11
:106F70000824FAE72C46F8E78931012088310120FE
:106F8000054B1B7833B1054B1B780BB1FFF7C8BF1E
:106F9000FFF788BF08207047883101208931012020
:106FA000014B1878704700BF8931012007B50849A7
:106FB000684603F005FE019B13B903B05DF804FBBE
:106FC000D3E900209047684603F004FEF3E700BFD2
:106FD0004818050060DF704769DF704761DF704760
:106FE00030B5144B1B78B7B013B3134DCC240DF14F
:106FF000020103A8ADF80240FFF7F0FF70B929467F
:1070000001A803F0DDFD029B002BF0D003A8D3E91B
:107010000021904701A803F0DDFDF4E7052807D023
:10702000064A40F23B1137B0BDE83040FEF7DEBA09
:1070300037B030BD8B310120EC1805006018050019
:10704000F0B5064685B00D4600294AD00024264AF0
:107050000A60CDE90144012706238DF8040001A947
:107060002020ADF8083003948DF80670FFF7B4FFC8
:107070002A68039401A94020CDE901448DF80570E8
:10708000FFF7AAFF64232A68039401A92320CDE90E
:107090000144ADF806308DF80460FFF79DFF03232F
:1070A0002A68039401A93846CDE901448DF80430DB
:1070B000FFF792FF4FF430632A68019301A9A120E2
:1070C000CDE90244FFF788FF2A68039401A9A020B4
:1070D000CDE901448DF80470FFF77EFF204605B02E
:1070E000F0BD0E20FBE700BF0040002008B5FFF711
:1070F00071FF10B9014B01221A7008BD8B310120BC
:1071000008B504460B4B0C480C491B1ADB081B0442
:1071100043F0040000F08CFA094B1B680BB12046C9
:107120009847FFF743FF4FF0FF310120F3F770F965
:10713000F7E700BF9C22050034220500F81805007F
:107140009031012007B500230193094B01A918686C
:10715000F3F792F9019B43B1064B4FF080525A600E
:1071600040BFBFF34F8FBFF36F8F03B05DF804FBD9
:107170008C31012000ED00E030B5154A154CA41A01
:1071800085B0E40824040546039144F00400124944
:1071900000F04EFA114A039B1560114A0192022237
:1071A0000092104910484FF48072F2F74FFD012809
:1071B0000CD044F001000D4900F03AFA0C4A6B2162
:1071C000042005B0BDE83040FEF710BA05B030BD70
:1071D000342205009C2205000F1905009031012082
:1071E0008C3101202B190500017104002F190500B5
:1071F0004C1905004BDF70471FB50F4C01A8FFF776
:10720000F9FF70B9214602A803F0DAFC039B002BBA
:10721000F4D00198D3E90021904702A803F0DAFCEA
:10722000F4E7052806D0054A702104B0BDE81040F7
:10723000FEF7DCB904B010BD501A0500E2190500D4
:107240002DE9F341C61C044600250DF107008846D0
:1072500017468DF80750FDF77FFB15484368C8F8BF
:107260000030816801F58061C91A8E420BD911483E
:107270000121FDF7E6FB9DF80700FDF791FB28468D
:1072800002B0BDE8F0817FB104F00F04A40144F026
:10729000050464F30F05C3F309020332334440F8D5
:1072A000225043600125E6E7A50545F00605F2E713
:1072B000103601202C46012038B5054608468DB110
:1072C000094C0023237004F5805400F029FC074882
:1072D000E56000F089FC044610B9054800F038FC70
:1072E000204638BD0724FBE7103601203023050077
:1072F000741A050030B50A4C71B10A4A0A49121BCA
:10730000D20800239A4201D1002030BD31F8235029
:10731000854202D00133F5E7034654F83300F4E721
:1073200034220500FC22050004770120094B0139B5
:1073300003EBC000032909D8DFE801F00A020406C4
:1073400004207047007970474079704700207047EB
:107350000220704734220500034BD3E90130C31AE1
:1073600058425841704700BF103601202DE9FF47B1
:10737000FFF7F2FF002840F0F7807C4F07F58058B8
:10738000C8F81800BFF34F8FBB687C68C3F30902CD
:10739000033207EB820211784D071FD501F003017C
:1073A00001290AD002290ED0D8F81820B2B99C427F
:1073B0000ED8BC6004B0BDE8F08712880333C2F376
:1073C00083121344F0E75288033303EB9213EBE785
:1073D000C3F30902033207EB8202DCE7591CC1F355
:1073E000090107EB8101C3F30902C968029107EBA8
:1073F0008202991CD2680192C1F3090107EB810155
:10740000DD1C02F00303C9680391022B48D1BDF8CB
:1074100006305748C3F38916B6F5FA7FB14628BF40
:107420004FF4FA7909F10C0169F38F13C1F30901E3
:10743000ADF8063000F0F0FB044600287FD000F0E5
:107440001AFC01A9204600230C2200F026FCE84388
:10745000C0F309000130C5F309010331B9EB800F16
:107460004FEA800A07EB810117D9A9EB0A095FFAF5
:107470008AFA0C235246204600F00FFC5FFA89F985
:107480003C490AF10C034A46204600F006FC03364C
:1074900005EB9606D8F8105045E00C234A46F3E772
:1074A000012B4CD1BDF804303148C3F383110629B8
:1074B00028BF062161F38913033101F00F01890010
:1074C000ADF8043000F0A8FB0446002837D000F0E7
:1074D000D2FB00230C2201A9204600F0DEFB4FF076
:1074E0000009BDF80420C2F383124FEA89039145D5
:1074F00003F10C0309EB0506CCD2C6F309010331F5
:10750000042207EB8101204600F0C7FB09F10109C5
:10751000E7E7EB685B7923B12B6821461B682846B7
:107520009847EB681D68002DF3D1204600F0A7FBBB
:10753000BE60FFF711FF80F00100C0B23AE7D8F853
:10754000104054B90C4B0D480D49C01AC008000436
:1075500040F0020000F06CF8EBE7236820469B68DF
:107560009847E3681C68ECE7002023E71036012009
:10757000302305001C360120342205006C22050052
:107580005C1A05002DE9F34704460E46924601A910
:10759000012218469946FFF753FE224F68B3019D1A
:1075A0004FF00008EA1CC84508EB020130D1002169
:1075B0001D48FDF70BFA80F310006B1CC3F30903A1
:1075C00007EB8303000440EA1440D860174BE40043
:1075D000DB68984704F03804AB1CC3F30903C5F318
:1075E000090544F0010407EB8303033544EA8814DA
:1075F00044EA8624D86047F825403B781BB1FFF762
:10760000B5FE0028FBD1D5F773F802B0BDE8F087CE
:10761000C1F3090107EB81015AF82830CB6008F16A
:107620000108C0E7103601202C4601201046012039
:1076300000231A46FFF7A6BF07B50123019201AA4E
:10764000FFF7A0FF03B05DF804FB07B5CDE9002309
:1076500002236A46FFF796FF03B05DF804FB1FB5EF
:10766000CDE90123069B039301AA0323FFF78AFFB9
:1076700005B05DF804FB1FB5CDE90023069B02931E
:10768000079B03936A460423FFF77CFF05B05DF870
:1076900004FB7FB5CDE90123089B0393099B049369
:1076A0000A9B059301AA0523FFF76CFF07B05DF85D
:1076B00004FB000030B50E4C226903460020114641
:1076C00029B9D968087142B923610A6030BDC96817
:1076D0000D79854206D00968F2E7D26814680C601B
:1076E0001360F3E701300A28E9D14FF0FF30EDE7EE
:1076F0001046012038B5084B03F580520125146966
:107700001D7004B938BDE3685D71236820465B686D
:107710009847E3681C68F4E71036012008B500F0CC
:1077200048F804480421FFF7C5FF034B01225A71B2
:1077300008BD00BFFC220500344600207047000051
:1077400007B5054B0093054A4FF4007300F033F87A
:1077500003B05DF804FB00BF6177040049480120D5
:107760002DE9F84388461446B2B10F4B0F4E03255E
:10777000002743F00109224608EB0701002000F032
:1077800041FD0744241A48B933782BB14FF47A40AD
:10779000C847013D02D13570BDE8F883012333703D
:1077A000002CE8D1F8E700BF901A050048480120F6
:1077B000704700F057BDF0B595B008460C46164628
:1077C0001D4600F058FA1A9A0D9200230C2205A9C2
:1077D00020460A938DF82C300C93CDE9086500F013
:1077E00066FA079B0293069B039301238DF81130E1
:1077F0009DF8143003F00302012A1DD1BDF81420B6
:10780000059DC3F3C203C2F383168DF81030B20096
:107810000C230EA9204600F04AFAC5F3952508ABC3
:107820000093324602AB0EA9284600F0B5F8204678
:1078300000F025FA15B0F0BD022AF8D1BDF81650B7
:10784000C3F3C203C5F389158DF810300C27082D3A
:107850002E4628BF08263B4632460EA9204600F099
:1078600026FAAD1B08AB02AA31460EA8374400F039
:10787000F7F8002DEBD1DAE7F0B5C38887B00546FD
:107880000E4633B1294A009229492A4A304600F06F
:1078900078FA297A052946D06B7A4BB1A888FFF788
:1078A00045FD254B254953F82020304600F069FA64
:1078B000234B2C681B68B4FBF3F4224B1868B4FB11
:1078C000F0F34FF47A7E00FB13444FF461610EFB3A
:1078D00004F4B3FBF1F23C2701FB1231B4FBF0FCE2
:1078E000B1FBF7F300FB1C4407FB13110EFB04F480
:1078F0000091B4FBF0F41449CDE901C4304600F026
:1079000040FA2A7A114BA88853F8222005920021C8
:10791000FFF7F0FC059A0E490346304607B0BDE874
:10792000F04000F02EBA07B0F0BD00BFC41A050049
:10793000AC1A0500A41A0500501B05009AC60400E5
:10794000504A01204C4A0120C91A0500741B050049
:10795000E51A050007B503460846197A052911D02E
:107960005B7A2BB1094A0A49019000F00AFA0198A2
:107970000849019000F005FA019803B05DF804EBA6
:1079800000F0F4B9002AF8D0F2E700BFC41A0500ED
:107990009AC604005C0805002DE9F04385B01F4637
:1079A0000C9D002395F80C902B7306460C469046D0
:1079B00029463846FFF760FFB8F1060F09D8DFE81F
:1079C00008F00412181F283340003146284600F002
:1079D000D8F9002229463846FFF7BCFF85F80C90FD
:1079E00005B0BDE8F08322683146284600F0C9F9A9
:1079F000EFE7D4E900233146284600F0C2F9E8E772
:107A0000A36800933146D4E90023284600F0B9F971
:107A1000DFE7E3680193A36800933146D4E90023CC
:107A2000284600F0AEF9D4E723690293E368019396
:107A3000A36800933146D4E90023284600F0A1F959
:107A4000C7E76369039323690293E3680193A3681B
:107A500000933146D4E90023284600F092F9B8E7B4
:107A600008292DE9F84F80460E4617461C463DD89A
:107A7000002593F80C901D7319461046FFF7FCFE85
:107A8000DFF890A0DFF890B0AE4231D918F80520A9
:107A90005946204600F075F90135082DF4D11A49F0
:107AA0001A4DDFF878A0204600F06BF94FF0000B7C
:107AB0005E4524D918F80B207E2A1ED8511C144B81
:107AC000C9B2C95C11F0970F08BF2E22514620465B
:107AD00000F057F90BF1010BBBF1080FE8D10122BF
:107AE00021463846FFF736FF84F80C90BDE8F88F42
:107AF0005146204600F045F9CEE72E22E6E729461A
:107B0000204600F03EF9E5E7F91A0500F71A0500EE
:107B100039030500F51A0500EF1A0500FB1A0500E8
:107B2000084A10B50123084C13600021A04204D874
:107B300001B11360054B186010BD40085B000121C6
:107B4000F4E700BF504A012040420F004C4A012098
:107B5000836800225A60C3E904229A60DA601A60DE
:107B600070472DE9F84FB0F806A04579D2F800B07B
:107B70009DF828900AFB05F5043D88460BEB0301B0
:107B8000A94203F1040488BFA5EB030BB4FBFAF68A
:107B900007460AFB1644C2F800B04EB9AAEB04052A
:107BA0005D4528BF5D46BBF1000F04D1BDE8F88FED
:107BB0003F68013EF1E7043408EB06003C442A46E6
:107BC000B9F1000F0DD02146ABEB050BEDF772FDBF
:107BD000DA452E443F6855464FF0000428BF5D4605
:107BE000E1E701462046EFE700F06BB8F8B54679CB
:107BF0000146721E0546002393422D6803D30024DC
:107C0000A64202D8F8BD0133F6E70F68284600F017
:107C100093F801343946F3E72DE9F843068ACD1C81
:107C2000074600F065F8043E35440446B5FBF6F51A
:107C3000F0B14FF48073EDB28380C680013D0760E0
:107C400081464FF00008A84512D2384600F050F89F
:107C5000064648B163790133637108F10108C9F838
:107C6000000007608146EEE72046FFF7BFFF34467D
:107C70002046BDE8F88301210430FCF7E2BE10B5D0
:107C8000012104460430FCF7E8FEC0B220B92046CA
:107C9000BDE81040FFF7AABF10BD1FB50392002238
:107CA000009203AAFFF75DFF05B05DF804FB1FB566
:107CB00003920122009203AAFFF753FF05B05DF87B
:107CC00004FB10B590B1D0E9012301689B1ADBB227
:107CD0000A60013BDBB2FF2B026802D10020107169
:107CE00010BD11684C1C14600B70F2E70E20F7E712
:107CF00037B5054600240DF107008DF80740FCF765
:107D00002BFE2A686B68116899420ED9481E1060D4
:107D100011F8013CEC68298A01FB0344AB68117936
:107D20001B1ADBB2994238BF13719DF80700FCF7AC
:107D300037FE204603B030BD37B5054600230DF1B0
:107D400007000C468DF80730FCF706FE2A6813681A
:107D5000591C1160E968641A298AB4FBF1F41C709B
:107D60009DF80700FCF71CFE03B030BD826810B51B
:107D700004462AB143690168006998470023A3605B
:107D800010BD0EB403B5039921B104AB01AA019350
:107D900000F06EF802B05DF804EB03B07047826843
:107DA00030B40468551C8560A154D0E901329A4270
:107DB00002D330BCFFF7DABF30BC70472DE9F84F73
:107DC0009846DDE90A43154682460F460A464FF0BB
:107DD0000109AA420FD2C14538BFC14613F0010BB9
:107DE00001D16CB900240126B8F1010F1BD908F1AB
:107DF000FF386E43F8E709F10109B2FBF5F2E8E755
:107E00009B070ED5B8F1000F0CBF30262026A145E8
:107E1000E9D2013C31465046FFF7C1FF002CF6D1B4
:107E2000E0E72026F3E7B7FBF6F39D42E1D9DFF860
:107E30003C80B7FBF6F3504618F8031006FB1377A7
:107E4000FFF7ADFF3346AB42B6FBF5F6F1D2BBF11F
:107E5000000F02D00CB1A14501D3BDE8F88F20215D
:107E60005046013CFFF79BFFF4E700BF881B05006D
:107E70002DE9F74F054617468846002900F03E8158
:107E800018F8011B49B92B7B002B00F037812846DD
:107E900003B0BDE8F04FFFF769BF252940F0B78078
:107EA000002698F800302D2B424608F1010823D017
:107EB000302B24D02B2B25D000242A2B02F10101BA
:107EC00023D13B681A1D1B683A601C440A4613788C
:107ED0002E2B26D101324FF0000A104610F8011B5C
:107EE000A1F1300CBCF1090F1DD80A2303FB0A13C2
:107EF000A3F1300A0246F0E746F00106D1E746F06A
:107F00000206CEE746F00406CBE711F8013CA3F1E8
:107F100030000928DBD80A2202FB0434303C0A4630
:107F2000CBE74FF0000A12F8011B01F0FB006828B4
:107F30009046F8D0782909D86F290CD8632962D0E7
:107F400022D8252963D0582900F0888098F800307D
:107F5000002B95D197E770390829F7D801A353F87A
:107F600021F000BFD78004004D7F04004D7F040046
:107F70006D8004004D7F04004B8004004D7F0400A1
:107F80004D7F04005D800400642901D06929DDD1A2
:107F90003A68D2F80090111D89EAE9723960A2EBC3
:107FA000E9724FF0010B092A35DCD34538BFD346BF
:107FB0002CB1B9F1000F01DB720700D5013CB3070A
:107FC00002D5BAF1000F03D0F00701D44CBB002456
:107FD000B9F1000F2DDAC9F100092D212846FFF76C
:107FE000DEFE06F00302022A04D1BAF1000F01D12D
:107FF0001CBB0024CDE9004653460A2249462846C8
:10800000FFF7DCFEA2E73B681A1D19783A602846A4
:10801000FFF7C5FE9AE70A230BF1010BB2FBF3F25F
:10802000C1E7A345D4D220212846013CFFF7B7FE83
:10803000CCE77107D5D52B21D0E7A345DAD2302183
:108040002846013CFFF7ABFED2E73968CDE9004690
:108050000A1D3A6053460A220968D0E739680A1DAA
:108060003A60CDE9004653461022F5E73B681A1DF9
:108070003A6016F00106D3F8009024D1B9F1000F50
:1080800003D04846EEF765F90646B4421DD809F11B
:10809000FF3919F8011F00293FF458AF2846FFF7B0
:1080A0007EFEF6E728460136FFF779FE19F806103E
:1080B0000029F7D1A642BFF449AF20212846013C50
:1080C000FFF76DFEF6E70026F0E720212846013C89
:1080D000FFF765FED9E73B681A1D3A603021284654
:1080E0001C68FFF75CFE78212846FFF758FE002247
:1080F0000823CDE900322146102280E703B0BDE815
:10810000F08F00BF0369C26893429CBF80681B1850
:10811000013B981A70472DE9F843D0E902940546CF
:10812000A9EB04084068904520440F46144404D944
:10813000EDF7C0FAEC60BDE8F8834246A4EB090411
:10814000EDF7B8FA6868224607EB0801F0E72DE979
:10815000F843C5680646894617464FF0000834695B
:10816000B3687068A54228BFE418013C621B5C1B21
:10817000BC4228BF3C46944228BF14464946284486
:108180002246EDF797FAB3682544AB4208BF0025B5
:108190003F1BA044A144F560E1D14046BDE8F8830F
:1081A00010B5124C1249A1610523C4F89010114971
:1081B0004FF40072C4E904330F4BE361C4E92512A4
:1081C00000230E49A362E01D6362E362C4F8A0309D
:1081D000C4F89C30C4F8A4302262EEF7B2F8084923
:1081E0002046EEF7AEF82023A37110BD544A0120BB
:1081F000981B05005C4B01205C4D0120A11B050074
:10820000A51B050070B5164B182400FB04451D4442
:1082100004FB00331646DC6A012C0ED0022C18D069
:10822000E4B92846FFF76EFF864204D83246284656
:10823000FFF771FF3446204670BD2846FFF762FF06
:108240008642344628BF044622462846FFF763FF8D
:10825000F1E72846BDE87040FFF779BF0024EAE760
:10826000544A0120FFF79CBF4FF0E0236FF07F429C
:108270005A6105221A6170474FF0E02291699369B3
:10828000CB1A23F07F438342F9D37047034B044A50
:108290001B68B3FBF2F35843FFF7EEBF3C460020E8
:1082A00040420F00F8B50A4F850900F03F044FF433
:1082B0007A76013D6B1C3868B0FBF6F004D1604360
:1082C000BDE8F840FFF7D8BF8001FFF7D5FFF0E722
:1082D0003C4600200649074A074B9B1A03DD043B36
:1082E000C858D050FBDC00F025F8D3F7ADFF0000F4
:1082F000D42305000040002090480020FEE7FEE760
:10830000FEE7FEE7FEE7FEE7FEE7FEE7FEE7FEE745
:108310004FF08053D3F83001A0F10D03584258417B
:1083200070470000024AD2F80034002BFBD070479F
:1083300000E0014010B5FFF7EBFF40B14FF0804384
:108340000022C3F80C21C3F81021C3F83825FFF729
:10835000DFFF002846D04FF08052514BD2F8041472
:10836000C3F82015D2F80814C3F82415D2F80C1459
:10837000C3F82815D2F81014C3F82C15D2F8141429
:10838000C3F83015D2F81814C3F83415D2F81C14F9
:10839000C3F84015D2F82014C3F84415D2F82414B9
:1083A000C3F84815D2F82814C3F84C15D2F82C1489
:1083B000C3F85015D2F83014C3F85415D2F8341459
:1083C000C3F86015D2F83814C3F86415D2F83C1419
:1083D000C3F86815D2F84014C3F86C15D2F84424D9
:1083E000C3F87025FFF794FF48B14FF08043D3F8EE
:1083F0000024D20744BF6FF00102C3F80024294AC9
:10840000D2F8883043F47003C2F88830BFF34F8F3E
:10841000BFF36F8F4FF08053D3F830210D2A0ED168
:10842000D3F83431022B02D81F4AD35C3BB14FF052
:108430001023D3F808224FF08043C3F858254FF09B
:108440001023D3F80022002A03DBD3F80432002BD8
:1084500022DA164901234FF01020C1F80435122406
:10846000FFF760FFC0F80042FFF75CFFC0F804426E
:10847000FFF758FF0023C1F80435FFF753FFBFF3A0
:108480004F8F08490A4BCA6802F4E0621343CB607D
:10849000BFF34F8F00BFFDE7064B074A1A6010BDC0
:1084A00000C0004000ED00E0AC1B050000E0014012
:1084B0000400FA053C4600200090D00338B1026861
:1084C000044B48F202509A4208BF0020704748F21D
:1084D000015070476341455338B50D460446114677
:1084E000FFF7ECFF18B148F20253984207D13DB1B3
:1084F000AB6865602046984708B9034B236038BDD8
:1085000048F21050FBE700BF6341455310B50446E5
:10851000FFF7D4FF48F2025398420AD12268064B73
:108520009A4208D163682046DB689847002323609D
:1085300001E00028F6D010BD5345416370B50446F4
:10854000FFF7BCFF40B929B1636820461B69BDE84D
:108550007040184748F2105070BD70B50446FFF7E0
:10856000ADFF48B963685B6923B131B12046BDE80E
:108570007040184748F2035070BD48F21050FBE7B6
:10858000F0B585B004460A9F03921D46FFF796FF9B
:1085900080B989B19DB197B1636800971E6A039A4B
:1085A0002B462046B04728B92046FFF7AFFF08B951
:1085B000044B236005B0F0BD48F21050FAE748F2D2
:1085C0001350F7E753454163F0B5064685B01F46A3
:1085D0000C46002939D0A8B948680392EFF7CCF8C7
:1085E0000546002834D0039A064621463046FFF758
:1085F00073FF044640B115B12846EFF7C5F8204691
:1086000005B0F0BD0025F0E739463046FFF796FF8C
:1086100004460028EFD10A993046FFF79EFF48F242
:1086200003539842044601D00028E4D10E9B0093E6
:108630000B99DDE90C233046FFF7A2FF0446002822
:10864000D9D03046FFF762FFD5E748F21054D6E79D
:1086500048F21554D3E70000F8B50A4F0A4C0B4E08
:10866000E41B0123E40833700025A54203D1022353
:1086700033700020F8BD57F8353098470028F9D1FD
:108680000135F2E70C2305001C2305005C4F012097
:1086900070B5094E094CA41BE40800250436A54218
:1086A00003D1074B0020187070BD56F8353098473D
:1086B0000028F9D10135F2E70C2305001C23050041
:1086C0005C4F0120054B1A78022A04D01878431E0B
:1086D0005842584170470120704700BF5C4F01204D
:1086E00010B5044659B152B160B1084BC0E9003130
:1086F0004B681146984708B10023236010BD48F22B
:108700001050FBE748F20150F8E700BF41454144F3
:1087100010B5044648B10268074B9A4208D1436835
:108720009B6898470023236010BD48F20150FBE787
:1087300048F20250F8E700BF414541442DE9F047B7
:108740008C46DDE90856DDE90A74DDE90CE89DF8A0
:10875000389028B3DFF85CA00168514524D102B9F4
:108760004BB9B8F1000F02D1B9F1000F03D105B92F
:108770000EB91FB934B148F2105013E0BEF1000F2A
:1087800000D1A4B9CDE90D89CDE90B4ECDE909673A
:1087900008954168CC686146A446BDE8F04760474B
:1087A00048F20150BDE8F08748F20250FAE748F27B
:1087B0001350F7E74145414400F052B80021084604
:1087C00000F000B870B506460C46FFF77BFF0028A6
:1087D00037D01E4D2B6823B11D4B1A681D4B9A4292
:1087E00032D0BEB90420EEF7C7FF1B4B186018B992
:1087F00048F21554204670BD28606CB90420EEF78D
:10880000BBFF0446D8B9144B18680028F0D0EEF727
:10881000BBFFEDE72E60F0E700262146286802F056
:10882000E5F9044628B90A4B0A4A1A602B680B4A34
:108830001A60002EDED03046EEF7A6FFDAE70646D5
:10884000EBE74FF40544D5E70024D3E7684F012058
:10885000604F01206572E54B644F01206169614DF5
:108860000D4B0E4A1968914210B512D10C4A10688E
:108870000C4A016891420CD1002202601A6002F099
:10888000B8F9094B0446186808B1EEF77DFF204699
:1088900010BD48F20254FAE7604F01206572E54BC3
:1088A000684F01206169614D644F012070B50C462D
:1088B000154602B1D1B1124B1A68124B9A4218D127
:1088C00090B90420EEF758FFB0B1064601460E48B5
:1088D000224600682B4602F098F9044616B130464D
:1088E000EEF752FF204670BD0026EFE748F2105425
:1088F000F8E748F20254F5E748F21554F2E700BFF2
:10890000604F01206572E54B684F012073B5134637
:108910000D460446F8B111B3144A1168144A914245
:1089200020D1144E01932A460146306802F066F9C0
:1089300048F27152904210D1002211461046FFF7C2
:10894000B5FF50B9019B30682A46214602B0BDE808
:10895000704002F053B948F2135002B070BD48F2B3
:108960001450FAE748F20250F7E700BF604F0120C9
:108970006572E54B684F01200122FFF7C7BF002059
:108980007047000008B50349034802F04DF9002084
:1089900008BD00BF9D890400A1890400EEF7F4BE64
:1089A00013B501FB00F210460192EEF7E5FE044616
:1089B00018B1019A0021ECF78BFE204602B010BDE1
:1089C00010F5A24F18D00EDC10F5C24F1AD010F5DA
:1089D000C14F14D010F5C34F48F2155348F216504A
:1089E00008BF1846704710F1220F0BD0002848F23C
:1089F000165008BF0020704748F21750704748F2E1
:108A00000350704748F2115070472DE9F7430F4665
:108A100016469846002500F1090900F11C04B542EC
:108A200003D3002003B0BDE8F0837B190093CDF899
:108A300004804B4610220121204601F029F800282D
:108A4000F0D11035EBE72DE9F84345682D78072D77
:108A500004460F461646984607D8052D1FD8043DF4
:108A6000012D08D948F202500DE0082DFAD10C3042
:108A700001F05AFF15E012F00F0518D100F10C09B2
:108A8000AE4202D80020BDE8F883217A08EB050346
:108A90007A19484600F0EEFF28B91035F0E7FFF7E5
:108AA000B4FF0028EED0BDE8F843FFF789BF6FF0B0
:108AB0002100F8E710B544682278072A034607D852
:108AC000052A1BD8043A012A09D948F2035010BDDF
:108AD000082AFAD162880C3001F0FCFE0AE01B7A09
:108AE0006288012B00F10C0002D100F0B5FA01E020
:108AF00000F098FBBDE81040FFF762BF62881C30B1
:108B0000F3E708B543681B78072B07D8052B10D867
:108B1000043B012B08D948F2035009E0082BFAD195
:108B20000C3001F079FC02E00C3000F078FA002003
:108B300008BD1C30F9E742685388B3F5807F70B5F3
:108B400005460E4603D023F04003802B48D113780E
:108B5000072B07D8052B2ED8043B012B20D948F230
:108B6000035026E0082BFAD1022E3CD105F10C046B
:108B7000204601F04DFC6B685B88C02B26D0B3F516
:108B8000807F25D0802B25D1304601F021FC014685
:108B900018B3204601F0C2FD58B1FFF711FF08E0FD
:108BA000012E20D800242C7205F10C0000F032FABE
:108BB00000202E7270BD022E15D11122002105F168
:108BC0000800ECF785FD05F11C00EFE70320DCE76A
:108BD0000420DAE748F20250EBE748F21650E8E7E3
:108BE00048F21850E6E748F21750E3E738B5049D1D
:108BF00014462A68A2420CD3220704D04268127895
:108C0000023A012A08D82246FFF71DFF00B92C605E
:108C100038BD48F21450FBE748F21150F8E770B540
:108C2000049E1D4633680F2B12D900F10C04204618
:108C300001F07AFE18B1BDE87040FFF7C1BE2946C9
:108C4000204601F0D7FE0028F5D11022326070BD19
:108C500048F21450FBE710F10F0F1AD010F10E0F6D
:108C60000EDA10F5C24F17D010F5C14F17D010F51E
:108C7000C34F48F2155348F2165008BF18467047C4
:108C800010F10D0F0ED0002848F2165008BF00203A
:108C9000704748F26050704748F21150704748F2F0
:108CA0000350704748F21750704708B543681B7867
:108CB00013B9083001F04EFA002008BD2DE9F04745
:108CC00086B00E469DF85050A5F1040ABAF10C0F7B
:108CD000DDE90E7CDDE910E1DDE9128920D815F02F
:108CE000010F1DD1DC1F062C1FD8012E0DD1CDE99F
:108CF0000495CDE902E8CDE9007C083001F04CFA9A
:108D000006B0BDE8F047FFF7A6BF8EB9CDE90495E0
:108D1000CDE902E8CDE9007C083001F077FAEFE711
:108D200048F2625006B0BDE8F08748F26150F9E7BA
:108D300048F21750F6E7436813B50A4659880446C7
:108D400021F04000802802D0B1F5807F14D11B783B
:108D50000192ABB904F10800009001F0D4F9636806
:108D6000019A5B880098022101F0D1F930B102B07C
:108D7000BDE81040FFF76FBF48F2185002B010BDB9
:108D800048F20350FAE700002DE9F04FADF6240D4C
:108D900008AC0123002226460DF5846113F0800003
:108DA00041F8232018BF1B2044F8043B013283EA1A
:108DB00043034340B2F5807FDBB2EFD16D4C01231A
:108DC000002213F0800018BF1B20013244F8043B3E
:108DD0000A2A80EA4303DBB2F3D1674D674C632371
:108DE0002B70002384F86330012051F82030C3F148
:108DF000FF0356F823804FEAE81242EA48025FFA7E
:108E000082FEC2F3C01242EA4E025FFA82FCC2F353
:108E1000C01242EA4C02D7B2C2F3C01242EA470281
:108E2000D3B283EA080383EA0E0383EA0C037B4090
:108E300083F063032B54E0540130B0F5807FD4D12C
:108E40008B6B03934B6A04934B6B0693CB6A07932C
:108E50004B4B029348484B4BDFF838C14A4F4B4EBF
:108E6000DFF834A1DFF83491DFF83481DFF80CE16A
:108E700001930DF58465FF2410F8013B13F0800F7A
:108E800014BF1B22002282EA43021904D2B241EA33
:108E900003215140534041EA0361019B43F8041B05
:108EA00001934FEA31634AF8043B4FEA314349F8F2
:108EB000043B1EF8013B4FEA312148F8041B002B0C
:108EC00052D055F823200399114491FBF4FBCBEBCE
:108ED0000B2BA1EB0B0B08A951F82BB004990A44FA
:108EE00092FBF4F1C1EB0121511A08AA52F821209A
:108EF000120282EA0B020592002B38D0069A55F82E
:108F00002310114491FBF4FBCBEB0B2BA1EB0B01DA
:108F100008AA52F821100904059A4A4063B107993A
:108F200055F823300B4493FBF4F1C1EB0121591A9E
:108F300008AB53F821301B065A40029B43F8042B20
:108F400002934FEA32634CF8043B4FEA324347F84E
:108F5000043B0F4B4FEA3222834246F8042B8BD15D
:108F60000DF6240DBDE8F08F9B461A46C1E7194661
:108F7000D2E700BF6C6001206C4F0120946001209B
:108F8000946101206C50012094690120946D0120AE
:108F90006C500120946501206C5401206C58012014
:108FA0006C5C0120F0B5CA684D680C688B68D10F05
:108FB000C9002419C1F108014FF0870646FA01F6ED
:108FC00045EB050181EAE6710F0E7440C7710F0C85
:108FD000877101710F0A210EC170210C8170210A65
:108FE000DB184170C2F3C75142EB0206C173C2F3F2
:108FF000CF31C2F3D71242731A0E43EAD575C2724B
:109000001A0C1B0A477104708173067382724372D3
:109010000572F0BD4FF48C720021ECF759BB18B10A
:109020004FF48C7101F05ABD704710B50446FFF73C
:10903000F1FF04F58C70BDE81040FFF7EBBF10B5F1
:10904000044638B1FFF7EBFF04F58C70BDE8104023
:10905000FFF7E5BF10BD0000C02AF8B504460D4675
:1090600016464AD0B2F5807F49D0802A40F0D080A1
:109070000A23694F23603B681BB9FFF785FE012374
:109080003B60224604F10803760942F8043F294672
:1090900005EB86068E4234D123680C2B3FD00E2B75
:1090A0006ED00A2B27D15D4D5D49204604F1A00604
:1090B000426955F8044B8768C2F307237C40CB5CB8
:1090C0006340140E10300C5D83EA0443D4B20C5D8F
:1090D00083EA0463C2F307440C5D83EA042350F877
:1090E000044C836063400468C36063400361534081
:1090F00043618642DCD100208CE00C23B9E70E23CB
:10910000B7E78B7848781B0443EA002308780343C9
:10911000C87843EA006342F8043F0431BAE72046C6
:109120003F493E4C00F1C005C26954F8046B8768A2
:10913000C2F307237E40CB5C7340160E18308E5D61
:1091400083EA0643D6B28E5D83EA0663C2F307461E
:109150008E5D83EA062350F80C6C8360734050F8F0
:10916000086CC360734050F8046C03617340066878
:109170004361734083615340C3618542D4D1BAE7F0
:10918000264D2749204604F1E006446A55F8042B91
:109190008768C4F307237A40CB5C87695340220E6B
:1091A00020308A5C83EA0243E2B28A5C83EA02638B
:1091B000C4F307428A5C83EA022350F8142C8360CC
:1091C000534050F8102CC360534050F80C2C0361EE
:1091D0005340DAB243618A5C7A401F0ECF5D82EA67
:1091E0000762C3F30727C3F30743CF5DCB5C82EA73
:1091F000072282EA034350F8042C8361534002683B
:10920000C36153400362634043628642BDD172E74B
:109210006FF01F00F8BD00BF947101206C60012049
:109220006C4F01202DE9F04FC9B0044602A8CDE9EA
:109230000021FFF7EFFE04F10803DDE90021636080
:1092400002A8FFF709FF8046002832D1029E039A48
:10925000266031013301009302EB06135258A260DD
:109260005A68E2609A682261DA68626104F1180C57
:10927000103B741E294899466246A646BEF1000F6F
:109280001EDC009A002E6FF00F0000FB04F4D8BF24
:109290000024A2F11001D8BF002118191B594CF865
:1092A00001300CEB01024368536083689360C3682C
:1092B000D36002A8FFF7B3FE404649B0BDE8F08F87
:1092C00002F11005A9F1040B01955BF8045F144944
:1092D000EFB210F807A02F0E51F82AA0C75D114970
:1092E00051F8277010498AEA070AC5F30727C5F322
:1092F0000745C75D455D51F827700C4951F8255069
:1093000001998AEA07076F4042F8047B8A42DCD160
:109310000EF1FF3EA9F11009B0E700BF6C4F01202C
:1093200094610120946D01209465012094690120CD
:109330001346B3F5807F37B50D4604464FEA520217
:109340004FEA131102D0B3F5007F0ED1294404F582
:109350008C700192FFF780FE48B9019A2946204699
:1093600003B0BDE83040FFF777BE6FF01F0003B0D9
:1093700030BD1346B3F5807F37B50D4604464FEA3E
:1093800052024FEA131102D0B3F5007F0ED12944E7
:1093900004F58C700192FFF75FFE48B9019A2946E7
:1093A000204603B0BDE83040FFF73CBF6FF01F0020
:1093B00003B030BD2DE9F04F91B043680D680895BA
:1093C0001C68DFF848C3CD4FCD4E6C404D68099501
:1093D00008945C686C408D680A9509949C686C40A0
:1093E0000A94CC680B9403F110010791D968C54D1C
:1093F00061400B91016849100191013902913033AC
:109400000091DDE9089ADDE90A815FFA89F4080E26
:109410005CF8244057F820004440CAF307205FFA64
:1094200081FE56F820005CF82EE04440C8F3074067
:109430005FFA88FB55F820005CF82BB0444053F8E5
:10944000200C6040C4B20394040E0494C0F307449B
:109450000594C0F3072406944FEA1864C8F307285C
:1094600057F824408EEA040EC9F30724203356F837
:1094700024408EEA040ECAF3074455F824408EEACD
:10948000040E4FEA1A645FFA8AFA57F824405CF82F
:109490002AA08BEA0404C1F3072BC1F3074156F855
:1094A0002BB055F8211084EA0B04C9F3074B4FEA9F
:1094B000196955F82BB057F829908AEA090956F826
:1094C00028A089EA0A0A8AEA01090099002984EA9F
:1094D0000B0400F39780029B0C905E01019B002B14
:1094E000079BD8BF002633441E46596889EA01010C
:1094F0000D91986860400E90DB688EEA0304250E9B
:10950000814B0F9413F805C0039D5F5D35696F4073
:10951000C1F3072587EA0C675D5D87EA0527C0F37D
:1095200007455D5D87EA0547049D089713F805C068
:10953000756985EA0C6CCDB25D5D8CEA050CC0F3F3
:1095400007255D5D8CEA052CC4F307455D5D8CEA5B
:10955000054C059DCDF824C013F80580B56985EA52
:109560000848C5B2000E5D5D88EA05080D0EC1F31E
:1095700007415D5D88EA0568C4F307255D5D88EAFB
:109580000528069DCDF8288013F805E0F569185CDC
:1095900085EA0E255FFA84FE13F80E405B5C1770B7
:1095A000390A5170390C91704FEA1C2151714FEA00
:1095B0001C41917165404FEA182185EA006551729E
:1095C0004FEA184185EA034391724FEA1861D1725C
:1095D000190A5173190C4FEA1C600B9313739173A2
:1095E0001B0E20213C0ED071D4700DEB010082F8CF
:1095F00004C082F80880D37301F070FA002011B023
:10960000BDE8F08F0C9053F83C1C89EA0109CDF8B5
:10961000349053F8380C039960400E9053F8344C52
:109620008EEA04040F944FEA14685CF821E053F8C2
:10963000301C57F8288081EA0E0E8EEA080EC9F316
:109640000728049956F828808EEA080EC0F30748C8
:1096500055F828808EEA080ECDF820E05FFA89F8E8
:1096600057F821E053F82C1C5CF8288081EA0E0E94
:109670008EEA080EC0F30728059956F828808EEA6E
:10968000080EC4F3074855F828808EEA080ECDF876
:1096900024E05FFA80FE55F821805CF82EE053F854
:1096A000281C8EEA080E4FEA19688EEA010E57F858
:1096B000288006998EEA080EC4F30728E4B256F80B
:1096C00028805CF824408EEA080ECDF828E056F891
:1096D00021E0000E84EA0E0EC9F3074153F8244C32
:1096E00057F8200055F821108EEA040444404C40FD
:1096F00000990B940139009183E600BF6C5C012056
:109700006C5401206C5801206C4F01206C500120DA
:109710002DE9F04F91B043680D6808951C68DFF89B
:1097200050C3CF4FCF4E6C404D68099508945C688C
:109730006C408D680A9509949C686C400A94CC68CA
:109740000B9403F110010791D968C74D61400B914B
:109750000168491001910139029130330091DDF81F
:109760002080DDF824A05FFA88F44FEA1A60DDE972
:109770000A9157F820005CF824404440C1F30720C8
:109780005FFA81FE56F820005CF82EE04440C9F3F1
:1097900007405FFA89FB55F820005CF82BB0444085
:1097A00053F8200C6040C4B20394C0F3072404941F
:1097B000C0F307440594040E06944FEA186420335E
:1097C00057F824408EEA040EC9F307244FEA1969BA
:1097D00056F8244057F829908EEA040ECAF307443D
:1097E00055F824408EEA040E0C0EC1F3074157F8D9
:1097F000244055F821108BEA0404CAF3072B5FFAC2
:109800008AFA56F82BB05CF82AA084EA0B04C8F355
:10981000074BC8F307288AEA090956F828A055F823
:109820002BB089EA0A0A8AEA01090099002984EA28
:109830000B0400F39780029B0C905E01019B002BB0
:10984000079BD8BF002633441E46596889EA0101A8
:109850000D91986860400E90DB680D0E8EEA03044F
:10986000824B0F9413F805C0039D5F5D35696F400F
:10987000C4F3072587EA0C675D5D87EA0527C0F317
:1098800007455D5D87EA0547049D089713F805C005
:10989000756985EA0C2CCDB25D5D8CEA050C050E70
:1098A0005D5D8CEA056CC4F307455D5D8CEA054C93
:1098B000059DCDF824C013F80580B56985EA0848F0
:1098C000C5B2C0F307205D5D88EA0508250E5D5D21
:1098D00088EA0568C1F30725C1F307415D5D88EAA1
:1098E0000528069DCDF8288013F805E0F569185C79
:1098F00085EA0E655FFA84FE13F80E405B5C177014
:10990000390A5170390C91704FEA1C2151714FEA9C
:109910001C41917165404FEA182185EA002551727A
:109920004FEA184185EA034391724FEA1861D172F8
:10993000190A5173190C4FEA1C600B93137391733E
:109940001B0E20213C0ED071D4700DEB010082F86B
:1099500004C082F80880D37301F0C0F8002011B071
:10996000BDE8F08F0C9053F83C1C89EA0109CDF852
:10997000349053F8380C039960400E9053F8344CEF
:109980008EEA04040F944FEA19685CF821E053F85A
:10999000301C57F8288081EA0E0E8EEA080EC4F3B8
:1099A0000728049956F828808EEA080EC0F3074865
:1099B00055F828808EEA080ECDF820E05FFA89FE7F
:1099C00056F821805CF82EE053F82C1C8EEA080E25
:1099D0004FEA10688EEA010E57F8288005998EEA42
:1099E000080EC4F3074855F828808EEA080ECDF813
:1099F00024E05FFA80FE55F821805CF82EE053F8F1
:109A0000281C8EEA080E4FEA14688EEA010E57F8F9
:109A1000288006998EEA080EC9F30728E4B256F8A2
:109A200028805CF824408EEA080ECDF828E057F82C
:109A3000218053F8241CC0F3072081EA0808C9F3E9
:109A4000074156F8200055F8211088EA040E8EEAE6
:109A5000000E8EEA01010B910099013900917EE61A
:109A6000946D012094650120946901209460012087
:109A70009461012010B40C46012C11461A4603D102
:109A80005DF8044BFFF796BC5DF8044BFFF740BE52
:109A90002DE9FF471F461307DDE90C5680468A462D
:109AA000144657D105EB0209002950D01644A9EB02
:109AB0000401351B002C46D00023CA5CF85C4240F0
:109AC000EA540133102BF8D12B462A465146404622
:109AD000FFF7D0FF3B4605F1100255F8041B43F891
:109AE000041B9542F9D1103CE1E76A462B4605F18B
:109AF000100E1446186859689446ACE80300083301
:109B000073456246F6D1294632464046FFF700FECD
:109B1000731E791E06F10F0013F8012F11F801CF03
:109B2000834282EA0C021A70F6D13A46234603CBEE
:109B30005345106051601C4602F10802F6D1103501
:109B400010364D45D1D1002004B0BDE8F0870DF1AD
:109B5000100AF6E76FF02100F6E700002DE9F04F5C
:109B6000884619464E4B1446103A8FB09A42DDE9AA
:109B700018A7814600F28F8002AD2A4600F58C704E
:109B8000FFF718FC064600283BD14FEA141B04F0EF
:109B90000F04BBF1010B38D29CB3B8F1000F78D0A1
:109BA00002AD0AABA7F1100B781E9C46002210F8FC
:109BB0000F1C00F8011F15F802E01AF8021001321C
:109BC00081EA0E0194420CF8011BF0D11BF804202D
:109BD000295D4A401A550134102CF7D11A464146E6
:109BE00048460093FFF746FF002857D1009B013DF0
:109BF00013F8012B15F8011F4A400BF8012B5F45A4
:109C0000F6D130460FB0BDE8F08F7CB1B8F1000F4F
:109C10000CD1BBF1000F09D195E80F000DF1180C24
:109C20008CE80F0029462846FFF7BCF90AAB0AF179
:109C30000F010AF1FF3200951846AC46019112F867
:109C400001EF1CF8011B81EA0E0100F8011B0199CC
:109C50008A42F4D11A46414648460193FFF70AFF6B
:109C6000E0B9019B7A1E07F10F00009913F801EB90
:109C700011F801CB00918EEA0C0102F8011F82421B
:109C8000F3D129462846FFF78DF910370AF1100A5B
:109C90007FE706AD85E76FF02106B2E70646B0E73D
:109CA000F0FFFF002DE9F0471C68DDF828A00F2C1D
:109CB000DDE90856814698462BD8B71811B3BE4245
:109CC00022D024B92A4629464846FFF773FB2B5D6C
:109CD00016F8012B53400AF8013B2B55013404F0D0
:109CE0000F04ECE724B92A4629464846FFF762FBF1
:109CF0002B5D16F8012B53400AF8013B2A5501341D
:109D000004F00F04BE42EDD1C8F800400020BDE8C9
:109D1000F0876FF02000FAE72DE9F04714680F2C68
:109D2000DDE908A9804617461E461AD80AEB010548
:109D3000AA4502D13C60002011E04CB1335D1AF815
:109D4000012B0134534009F8013B04F00F04EFE705
:109D5000324631464046FFF72DFB0028EED0BDE8E5
:109D6000F0876FF02000FAE72DE9F84F14680F2C08
:109D7000DDE90AB8814617469A4624D808EB010661
:109D8000B04503D13C600020BDE8F88F74B95A4655
:109D900051464846FFF70EFB0AF1100212F8015D2A
:109DA0000135EDB215700DB99245F7D11BF80420BD
:109DB00018F8011B0C9B4A4003F8012B01340C934B
:109DC00004F00F04DCE76FF02000DDE72DE9F04F31
:109DD0002DED028B95B008EE103A269B229C059142
:109DE000022BDDE920AB0546164607D16FF00C03C8
:109DF000184615B0BDEC028BBDE8F08F269B102BEA
:109E0000F4D813F00107F1D1AAF10703062BEDD81E
:109E1000B4F57F4FEAD85FFA8AF0C0F10F09C0F1BC
:109E20000E00C2B20392269A002CA2F1020214BFC5
:109E300040230023520843EAC203039A18EE101A83
:109E400013430DF1210052468DF820305FFA89F955
:109E5000EBF730FC0DF12F0231463B460133DBB20C
:109E6000994502F801194FEA1121F7D10029BDD116
:109E700010220CA8EBF72CFC08AF0CAB049339466E
:109E80004FF010081A7811F8010B08F1FF38424022
:109E900018F0FF0803F8012BF4D107AB00930CABCB
:109EA00019461022284600F0EFFA034600289FD1F9
:109EB000002C42D1039B8DF8403018EE101A524608
:109EC0000DF14100EBF7F6FB10AB0AF1010018446D
:109ED0004A460021EBF7FCFB01238DF84F30002EA2
:109EE00040F08C80039BC3F10F0010AB4A46314613
:109EF0001844EBF7EDFB07AB0093102208AB10A959
:109F0000284600F0C1FA034600287FF471AF102202
:109F1000049917F8010B097841400498013A00F8B8
:109F2000011B12F0FF020490F2D1269A25980393A8
:109F30000CA9EBF7BFFB039B5AE74146102208A888
:109F4000EBF7C6FB0E2CA04628BF4FF00E08230AE5
:109F5000424659460DF122008DF820308DF82140FF
:109F6000EBF7A8FB38460CAA1023117810F801CBA8
:109F7000013B81EA0C0113F0FF0302F8011BF4D14D
:109F800007AB00930CAB19461022284600F07CFA70
:109F9000034600287FF42CAFA4EB0804D844002C1F
:109FA00088D0102CA3464FF0100228BF4FF0100BA2
:109FB000002108A8EBF78CFB5A46414608A8EBF7AE
:109FC00079FB38460CAA1023117810F801CB013B1D
:109FD00081EA0C0113F0FF0302F8011BF4D107AB77
:109FE00000930CAB19461022284600F04DFA0346A8
:109FF00000287FF4FDAEA4EB0B04CFE7059B102EE9
:10A00000344628BF102453B307AB0093102208AB8B
:10A0100010A9284600F038FA034600287FF4E8AE7D
:10A02000C3B29C4200F101003DD8059B012B46D0F4
:10A03000249B23442493239B23442393361B0DF119
:10A040004F0100220B780133DBB201F80139002BFC
:10A050007FF445AF0132D2B29145F3D13FE7059984
:10A06000102208A8EBF734FB2246239908A8EBF747
:10A0700021FB38460CAA1023117810F801CB013BC4
:10A0800081EA0C0113F0FF0302F8011BF4D107ABC6
:10A0900000930CAB19461022284600F0F5F9034650
:10A0A0000028B1D0A4E603F150020DEB0201239A7F
:10A0B00011F8301CD25C4A402499CA54B0E71022EF
:10A0C000002108A8EBF704FB2246249908A8EBF727
:10A0D000F1FA38460CAA1023117810F801CB013B95
:10A0E00081EA0C0113F0FF0302F8011BF4D107AB66
:10A0F00000930CAB19461022284600F0C5F9034620
:10A10000002895D074E644220021EBF7E1BA2DE94E
:10A11000F041044617460846012219461E4600F043
:10A1200063F9054690B14369102B0FD1204600F02A
:10A1300073F92946204600F0F1FA48B9324639460B
:10A1400020460123BDE8F04100F07EB96FF00C001D
:10A15000BDE8F08110B5044638B100F05DF9204645
:10A160004421BDE8104000F0B9BC10BD10B588B066
:10A170000F9C06940E9C05940D9C04940C9C0394D7
:10A180000B9C02940A9CCDE9003413460A46002138
:10A19000FFF71CFE08B010BDF0B5DDE909E41CB105
:10A1A000BDE8F040FFF7E2BF6FF00C00F0BDF0B586
:10A1B0008DB0DDE915640D4608A9CDE90461149957
:10A1C0000391139902911299179F0697CDE90031D7
:10A1D000134601212A46FFF7F9FD60B90346DAB2BA
:10A1E000BA4203F1010308D328B13046294600F0F2
:10A1F00075FC6FF00E000DB0F0BD02F13001694446
:10A20000A25C11F8101C4A401043E8E7F0B5DDE904
:10A2100009E41CB1BDE8F040FFF7C9BF6FF00C00C6
:10A22000F0BD10B5891A0024E3B2994204F101048B
:10A2300000D810BD03449954F6E70000F0B508B308
:10A2400002B3431813F8015CB5FA85F34E1B5B09A2
:10A2500016608D4288BF43F0010300228A4204D178
:10A26000002B094808BF0020F0BD845C964284EAB8
:10A2700005048CBF0027012714FB07F42343DBB23E
:10A280000132EBE70148EFE7009EFFFF009FFFFF71
:10A29000802330B58354891A012300248B4200D3D4
:10A2A00030BDC5180133AC54DBB2F7E770B50123FC
:10A2B0008D1A0026AB4203D3084400F8015C70BD40
:10A2C000C4181444013304F8016CDBB2F2E7000057
:10A2D00070B5F0B1EAB14D1E445DB4FA84F30E1BC3
:10A2E0005B0916608C4288BF43F00103002295424F
:10A2F00004D8002B084808BF002070BD9642815C3E
:10A300008CBF0024012411FB04F10B43DBB20132AA
:10A31000EDE70248F1E700BF009EFFFF009FFFFF4F
:10A3200013468A1A8B4288BF002218440021EBF79B
:10A33000CFB9000018B112B1116000207047014878
:10A34000704700BF009FFFFFF0B5F8B1F2B10023E6
:10A3500013600844802421B9002C0D4808BF002058
:10A36000F0BD10F8015D002D0CBF1E4643F0010644
:10A3700073401568013901FB03F73D43156005780B
:10A3800015FB03F35C40E4B23346E4E70148E7E73A
:10A39000009EFFFF009FFFFF70B5A0B19AB10023A0
:10A3A000136009B9084670BD4C1E065D002E0CBF37
:10A3B0001D4643F001056B40594313681943116072
:10A3C0002B462146EDE70148EDE700BF009FFFFF68
:10A3D000044B5A680AB91046704719788142FAD07E
:10A3E0000833F6E7B01F0500084B30B5044658683F
:10A3F00000B930BD85692D78A54205D145688D42EB
:10A4000002D145789542F4D00833F0E7B01F05003B
:10A4100044220021EBF75CB910B5044698B1006CFA
:10A4200028B1242100F05AFB206C00F0F7FBE06B10
:10A4300018B123689B699B6A984720464421BDE870
:10A44000104000F04BBB10BD30B40468B4B12569B6
:10A45000AD0702D46568954210D1012B42600372AA
:10A4600003D06578033D022D04D8A369DB69C06B76
:10A4700030BC184713B9A3691B6AF8E7014830BC20
:10A48000704700BF009FFFFF2DE9F04F154687B0D2
:10A490000268DDF840A00591044698461AB97C4848
:10A4A00007B0BDE8F08F0021CAF800105769002FEF
:10A4B00000F0E780517801290FD1BD4240F0E380E0
:10A4C0009269CAF80050556890F90810059AC06B57
:10A4D000AC4607B0BDE8F04F6047059B434508D147
:10A4E000436A002BDBD1B5FBF7F307FB1353002BBB
:10A4F000D5D102297AD194F90830D4F824908BB9B7
:10A50000E268A7EB09038AB1AB4211D309F1140049
:10A510002A4605992044EBF7CDF8626A2A44626224
:10A520000020BDE7012B03D1A7EB0903AB42EDD817
:10A53000B9F1000F25D0A7EB090B09F1140005991B
:10A540005A462044EBF7B6F8234694F9081053F81E
:10A55000142BE06B9269CDE9003893683A461E46A9
:10A5600004F12803B04700289AD1DAF800303B44C0
:10A57000CAF80030059B60625B444D44B8440593C3
:10A58000ED1B002DCCD0B5FBF7F907FB1959B9F13C
:10A59000000F06D194F908301BB9E368002B18BFEF
:10A5A000B946059BA5EB090559194A4604F1140063
:10A5B000EBF780F8636A4B446362002DB0D02368E8
:10A5C000059A9B690092CDF804809E6894F9081062
:10A5D000E06B04F128032A46B04700287FF460AFFF
:10A5E000DAF800201544CAF8005059E7032913D1BE
:10A5F0009369059A019204F128020092CDF808802F
:10A60000DE6894F90810E06B04F124032A46B04791
:10A6100000287FF445AFE6E704290DD19369059A38
:10A620000092CDF804801E69E06B04F1280304F168
:10A6300024022946B047EBE7052910D19369059A12
:10A64000019204F114020092CDF808805E69E06B7B
:10A6500004F1280304F124022946B047D8E7092968
:10A6600013D1636A8BB99369059A0092CDF804807F
:10A670009E6994F90810E06B04F128032A46B0475C
:10A68000C6E704480CE704480AE7044808E700BFA7
:10A69000009FFFFF809CFFFF809DFFFF809FFFFFCB
:10A6A000036803B35B78022B1DD104291DD8DFE8B2
:10A6B00001F003090D1115000D4BC3600D4B036133
:10A6C000002070470C4BC3600C4BF8E70C4BC36089
:10A6D0000C4BF4E70C4BC3600C4BF0E70C4A0261E7
:10A6E0000023C360ECE70B4870470B48704700BF7E
:10A6F00023A204003DA2040091A2040049A3040087
:10A70000ADA20400D1A2040021A3040099A3040077
:10A7100035A30400009FFFFF809FFFFF38B504466C
:10A720000D4679B144220021EAF7D2FFAB695B6A9A
:10A730009847E06340B1002125602046FFF7B0FF55
:10A74000084638BD0148FCE70148FAE7009FFFFFD3
:10A75000809EFFFF10B50446FFF7FCFC2046BDE8D5
:10A76000104000F05BBA10B54421012000F050FA0F
:10A77000044608B1FFF7C7FC204610BD13460A4641
:10A780000221FFF7C4BC10B54FF40C71012000F09A
:10A790003FFA044608B1FEF748FC204610BDFEF71C
:10A7A000E8BDFEF7C5BD000030B4DDE9024509B1E2
:10A7B000012904D1CDE9024530BCFFF7CFB90148EA
:10A7C00030BC7047009FFFFF10B50446FEF727FC22
:10A7D0002046BDE8104000F021BA10B54FF48C714E
:10A7E000012000F015FA044608B1FEF713FC2046DC
:10A7F00010BDFEF717BDFEF72FBCFFF7B5BAFFF788
:10A800008BBAFFF74FBAFFF743B9FFF733B910B56B
:10A81000044630B1FEF713FC2046BDE8104000F0BE
:10A82000FDB910BD102AF0B511D0082A1AD11B238A
:10A83000551E00240A442E46002D0ADA91F9002004
:10A8400003EAE273825D534083550020F0BD872305
:10A85000EEE712F8017D44EA470444551478013DBF
:10A86000E409E9E70048F1E7009FFFFF70B5002425
:10A870009C4200D170BD0D5D165D754005550134DB
:10A88000F6E770B504468AB006A80D4610211646B4
:10A8900000F024F923685A69039205AB009306ABD4
:10A8A00020461946FFF7F0FD044660B9039A06A951
:10A8B0002846FFF7B7FF044628B9039A29463046D1
:10A8C000FFF7B0FF044606A8102100F007F9204664
:10A8D0000AB070BD38B50546E8B10468DCB1D1B145
:10A8E0000123FFF7B1FD044638B92B681B78042B10
:10A8F00005D8012B05D8A0F5C244204638BD242B2D
:10A9000009D12421012000F083F930B128641021FD
:10A9100000F0E4F8F1E7024CEFE7024CEDE700BF8E
:10A92000009FFFFF809EFFFF2DE9F04F0F4685B08F
:10A9300015468046002856D00368002B53D00029C6
:10A9400051D0046C002C4ED0206A5E69E0B1321AFE
:10A95000AA4219D210302044EAF7ACFE3346224610
:10A9600004F110012046FFF781FF03AB009332464C
:10A97000234621464046FFF787FDE0B9226A206260
:10A98000B31A15441F44AD1B06F1FF394FF0010AFD
:10A990000DF10C0BA944B9FBF6F9CA450ED325B34A
:10A9A000206A10302A4639462044EAF783FE226A9C
:10A9B0002A442262002005B0BDE8F08F33462246CB
:10A9C00039462046FFF752FFCDF800B02346324605
:10A9D00021464046FFF758FD0028ECD1AD1B374417
:10A9E0000AF1010AD9E70248E5E72846E3E700BF94
:10A9F000009FFFFF2DE9F0410F4690B0054600286B
:10AA000067D00368002B64D0046C002C61D000294F
:10AA10005FD010210DEB01005E6900F05FF810219E
:10AA200008A800F05BF804A908AA2846FFF729FF48
:10AA3000216AB14204F1100846D200230CAA18463C
:10AA40004FF0800C9E4231D10CA9334608AA08462B
:10AA5000FFF70CFF334622460CA92046FFF706FFFE
:10AA600003AB00932846234632462146FFF70CFDF0
:10AA7000054620B9324621463846EAF71BFE10212A
:10AA80000DEB010000F02AF8102108A800F026F8CC
:10AA9000002310214046236200F020F810212046B8
:10AAA00000F01CF8284610B0BDE8F081994206D9A4
:10AAB00018F803E082F800E001330132C2E70CBF6E
:10AAC00082F800C01070F7E7334604AA41460CA88C
:10AAD000BEE7014DE6E700BF009FFFFF0A4619B140
:10AAE000024B00211B681847704700BF40460020FA
:10AAF000F0B5064687B00F46154672B6FCF7FAFD6C
:10AB0000FCF734FC0028FBD1244B254CE41AE40864
:10AB100044F2010324049E4244F001042BD00BD8DC
:10AB2000012E14D041F201039E4222D01D493A4623
:10AB30002046FCF781FD0EE044F202039E42F5D16F
:10AB4000D5E9003218492046FCF77FFD03E017499C
:10AB50002046FCF76DFD164BD3F8F030DB0700D52F
:10AB600000BE2A463946304607B0BDE8F04000F046
:10AB700065B81049ECE7AA6805921046FAF72CFD73
:10AB80002968029701916968009103460A49059A6C
:10AB90002046FCF77EFD0949DAE700BF34220500B4
:10ABA0006C22050017210500C32005008420050044
:10ABB00000ED00E0A1200500DD20050003210500D7
:10ABC0000B684A684360934208BF0023016008BFD6
:10ABD00043607047436843B10268916852680B4410
:10ABE0009342436004BF002343607047002000F09D
:10ABF000A1B808B500F0CAF8002008BD08B508469D
:10AC0000114600F015F9002008BD48F203507047C6
:10AC1000014B1B68184700BF44460020014B1B68CE
:10AC2000184700BF48460020024B1860024B002026
:10AC300019607047444600204846002082B0012336
:10AC40008DF807309DF80730114B1860596044F2B9
:10AC5000010188429A6012D044F20201884206D172
:10AC6000DA60DA6812689A61DA685268DA6172B694
:10AC70009DF80730002BFBD162B602B070471A6115
:10AC80001A6992685A611A6912689A611A69ECE73E
:10AC90009871012031DF70471FB500238DF8070040
:10ACA0000DF10F008DF80F30F9F756FEFCF778F92B
:10ACB00050B909480DF1070100F087F9064800F086
:10ACC00078F908B100F008F99DF80F00F9F768FE6F
:10ACD00005B05DF804FB00BF1C23050007B520B1DB
:10ACE00003280DD003B05DF804FB104B1B78012B3B
:10ACF000F8D100F0F1F803B05DF804EB00F0F4B81F
:10AD000000230DF107008DF80730F9F725FE0748FD
:10AD10000378012B05D10649013000F09DF800F0C1
:10AD2000C9F89DF80700F9F73BFEDBE70872012040
:10AD300099AC040013B5124C2378FBB9114A8DF875
:10AD40000730002808BF10460288A4F801200DF142
:10AD50000700F9F701FEFCF723F930B90A49601C36
:10AD600000F07AF840B900F0A5F89DF8070001233B
:10AD70002370F9F715FE002002B010BD8520FBE717
:10AD8000087201203321050099AC040007B50023A7
:10AD90000DF107008DF80730F9F7DEFDFCF700F93B
:10ADA00018B900F099F800F09FF89DF80700F9F73E
:10ADB000F7FD044800F07EF9034B00221A7003B03F
:10ADC0005DF804FB1C230500087201202DE9F74300
:10ADD0000024DFF8589005460E46A0460DF1070006
:10ADE0008DF80780F9F7B8FDFCF7DAF8074638B9AF
:10ADF00032462946484600F03DF9044600F05AF82C
:10AE00009DF80700F9F7CCFD47B131462846FFF71A
:10AE100041FF42F207039842044605D0022CDDD0E0
:10AE2000204603B0BDE8F0830524F9E71C230500A4
:10AE3000F8B505460C4604B9F8BD402C264628BF97
:10AE40004026F7B239462846FFF7C0FF0028F9D15F
:10AE5000A41B3544EFE7000010B5124C2378FBB972
:10AE6000114B1960037813F0010F104B1EBFD3F87C
:10AE7000042542F00102C3F80425D3F8002222F091
:10AE80000102C3F800224378094A5B01DBB282F871
:10AE90000D334FF40053136001232370002010BDC5
:10AEA0008520FCE7107201200C72012000D00040C8
:10AEB00000E100E0074B0022C3F8002182B0D3F884
:10AEC00000210192019A0122C3F804231A6002B002
:10AED000704700BF00D00040024B0122C3F8082396
:10AEE0005A60704700D00040084B0122C3F8082385
:10AEF0005A60074B4FF40052C3F88020BFF34F8FC6
:10AF0000BFF36F8F034B00221A70704700D00040D0
:10AF100000E100E010720120074B0022C3F800217D
:10AF200082B0D3F800210192019AD3F80805034BAF
:10AF30001B68C0B202B0184700D000400C7201205C
:10AF4000026813685268934291BFD01A806801303A
:10AF5000801888BFC01A7047F8B515460268176890
:10AF600016685268964284BF82680132961B0B466F
:10AF7000C2684168B542044607FB02110BD86A4318
:10AF80001846EAF797FBA3683D449D4288BF002519
:10AF900023681D60F8BD06FB02F73A461846EAF73B
:10AFA00089FBE2686168AD1B6A433844EAF782FBBB
:10AFB000EEE7036881681A685B688B4234BF01332F
:10AFC0000023D31A58425841704773B500230446F2
:10AFD0000DF107000D468DF80730F9F7BDFC20464E
:10AFE000FFF7E7FF10B1237C002B3BD12368A1685A
:10AFF0005E685A688A4234BF013200225A6028B122
:10B000001A688A4234BF013200221A60E26863681B
:10B01000511E072920D8DFE801F004101F141F1F5C
:10B020001F182A789A552046FFF78AFF23689A68E6
:10B03000824200D29860002415E02A8823F8162066
:10B04000F1E72A6843F82620EDE7D5E9000103EB94
:10B05000C603C3E90001E6E7294602FB0630EAF72A
:10B0600029FBE0E704249DF80700F9F799FC204646
:10B0700002B070BD7FB5054601911446AAB10DF12D
:10B080000F0000268DF80F60F9F766FC2846FFF7E1
:10B0900057FFA04201990BD322462846FFF75CFFD9
:10B0A00034469DF80F00F9F77BFC204604B070BDD4
:10B0B0000524F6E737B5054600240DF107008DF8A5
:10B0C0000740F9F749FC2B681C609DF807005C609D
:10B0D0009C60F9F765FC03B030BD10B503780C46F1
:10B0E0005BB951B1012381F821304B6A0BB1886AF9
:10B0F000984763680022C3F8002510BD124A017802
:10B1000010B5002314461078884207D130225343EB
:10B11000E018E154012380F8233010BD92F8230099
:10B120000028F3D00133032B02F13002EBD1074B9F
:10B1300007480849C01AC008000440F00200FCF7A4
:10B1400077FA0020E9E700BF1472012034220500DD
:10B150006C2205003921050070B50D460446002813
:10B1600000F0C780002900F0C48090F8223043B17D
:10B17000002380F8223090F82C3013B1043000F016
:10B1800079FAAB6BDB4303F0010384F82C30002B1E
:10B1900000F091802378022B7BD0032B7DD0002BF5
:10B1A0007FD12372544B636004F10C0610220021FE
:10B1B0003046EAF78DFAD5E9003203F01F0343EA7F
:10B1C00042132373D5E9033203F01F0343EA42130A
:10B1D000E373D5E9063203F01F0343EA42136373B6
:10B1E000D5E9093203F01F0343EA4213A37395F82C
:10B1F00034306374FF23414AA3742B6B93425DD2B6
:10B200003F4A93425DD23F4A93425DD23E4A9342C7
:10B210005DD83E4A93425DD83D4A93425DD83D4A4F
:10B2200093425DD83C4A934294BF4FF000734FF075
:10B2300080636361AB6B03F00602023A042A96BF97
:10B24000364902228A5C2276C3F30012C3F38033AC
:10B2500062762374324A23463146201D00F020F9DD
:10B26000002840D02F4B30483049C01AC008000495
:10B2700040F00200FCF7DCF96FF00B04294B2A4880
:10B280002B49C01AC008000440F00200FCF7D0F9B6
:10B290002DE001232372274B85E702232372264BDF
:10B2A00081E721481F4B2549C01AC008000440F01F
:10B2B0000200FCF7BDF96FF00A04DFE74FF0A0537E
:10B2C000B7E74FF02063B4E74FF00043B1E74FF02A
:10B2D0008043AEE74FF00053ABE74FF08053A8E751
:10B2E0004FF00063A5E7012384F82230044620468E
:10B2F00070BD6FF00A04FAE7003000400048E80132
:10B300000024F40000127A00FF083D007F841E0034
:10B310003F420F001FA107008FD00300E32105006B
:10B32000DBB00400342205006C220500A6210500D4
:10B33000CA2105000030024000F002408D210500C6
:10B3400010B5044678B1002380F8223090F82C30F4
:10B3500013B1043000F08EF9302200212046EAF7C4
:10B36000B7F9002010BD6FF00A00FBE71FB50446D7
:10B3700028B3002380F8213090F82C30DBB150F84E
:10B38000043F0722C3F800250B6800938B680193E4
:10B390004B680A690293CB680393694600F0C0F9D1
:10B3A000636A3BB994F82130002BFBD0636800221C
:10B3B000C3F8002508B16FF00B0004B010BD6FF0AA
:10B3C0000A00FAE7D2F7AAB8D2F7BAB810B5EDF783
:10B3D000B1FC044608B1EDF7E5FC204610BD08B10C
:10B3E000EDF7CEBC704700001F2886BF054A00F06D
:10B3F0001F004FF0A042012303FA00F0C2F80C0531
:10B40000704700BF000300501F2886BF054A00F0A8
:10B410001F004FF0A042012303FA00F0C2F8080514
:10B42000704700BF00030050D0F8183107B5DBB1FA
:10B430000023C0F81831D0F81831C87F0193FF28D5
:10B44000019B03D08B7F63B1FFF7CEFF002308463B
:10B450000B724B7750F8083B496803B05DF804EB7A
:10B460001847FFF7D1FFF1E703B05DF804FB0000D8
:10B4700001490248FFF7D8BFA47201200030004004
:10B4800001490248FFF7D0BFC872012000300240D6
:10B4900001490248FFF7C8BFEC72012000F00240EA
:10B4A0002DE9F74F06796E4D01934FF0240909FB02
:10B4B00006F905EB090A93469AF81C2080460C46CB
:10B4C000002A40F0C9800768664A384652F82610BC
:10B4D00000F0B6F90146002840F0C08045F809B0F8
:10B4E000019BCAF80430237B2078012B00F29D8059
:10B4F000FFF77AFF23781F2B86BF03F01F035A4AFA
:10B500004FF0A04203F5E073012042F8230094F8C5
:10B510000190B9F1FF0F00F08B804846FFF764FF00
:10B52000B9F11F0F8BBF09F01F034B464E4A4FF076
:10B53000A04203F5E073032042F82300A378FF2B19
:10B5400079D01F2B8BBF03F01F021A4646484FF0DD
:10B55000A04002F5E0724FF0040C40F822C09A4679
:10B56000242202FB065282F82030E078D077FF28B0
:10B5700016D02379002B61D0FFF736FFE3781F2B1D
:10B5800086BF03F01F03384A4FF0A04203F5E07373
:10B59000032042F82300242303FB065322799A77E1
:10B5A0002378C7F80835A368C7F80C95C7F810A525
:10B5B000C7F82435637B227B003B18BF0123022A96
:10B5C0003FD0032A40D0012A01D143F00203C7F83B
:10B5D0005435A379C7F8C0350723C7F800352423AD
:10B5E0007343EB58B3B1D8F80030627943F30730B6
:10B5F00052010028C3F30733D2B228DB1B4C2718B3
:10B6000087F800230122400903F01F0302FA03F325
:10B6100044F82030242303FB065500236B770123D5
:10B620002B77084603B0BDE8F08FFFF7EDFE61E72A
:10B630004FF0FF3982E74FF0FF3A91E7FFF7E4FE62
:10B640009CE743F00403C2E743F00603BFE7084862
:10B6500003F00F03C254DDE70821E2E71121E0E720
:10B66000A4720120F02105000003005000E100E079
:10B6700014ED00E070B50579254C24236B43E358A5
:10B6800093B103681A0B43F30733002B0CDB02F072
:10B690001F015B0901228A4020331E4941F8232003
:10B6A000BFF34F8FBFF36F8F24236B43E218E35830
:10B6B00000687BB1184BC0F80833537F53B10123A6
:10B6C0004361D0F80431002BFBD0242303FB054356
:10B6D00000225A77242303FB054393F82030FF2BE5
:10B6E0000BD01F2B86BF03F01F030C4A4FF0A04264
:10B6F00003F5E073022142F823100026C0F800652C
:10B7000000F0C0F8242303FB0544267770BD00BF7A
:10B71000A472012000E100E0520108000003005083
:10B720002DE9F3410779424E24237B431446F21856
:10B730000D46517F8046002978D1F35823B114F08B
:10B74000140F04BF0123537795E80F004FF0240C2A
:10B750000CFB076C0CF10C0E8EE80F009CF81F0020
:10B76000FF2804D09CF81E30C3B1FFF74DFE2968B6
:10B7700021B101F06043B3F1005F06D1AA6882B144
:10B7800002F06043B3F1005F0BD0242303FB076694
:10B7900000237377102002B0BDE8F081FFF724FE8C
:10B7A000E5E7D8F800306868C3F84415C3F84805E1
:10B7B000E968C3F834250022C3F83815C3F8182106
:10B7C000D3F818210192019A14F0010218BF012246
:10B7D000C3F8502514F0020218BF0122C3F8402517
:10B7E00022075CBF01221A6124227A43B25892B91F
:10B7F000D3F81821002AFBD0242303FB0766F07F2F
:10B80000FF2803D0B47F1CB1FFF7EEFD0020C2E794
:10B81000FFF7FAFDFAE714F004004FF0400202D0FF
:10B82000C3F80823F2E7C3F80423B4E71120B2E712
:10B83000A4720120014B1B68184700BF1073012040
:10B840000E4B984237B50C4602D0002003B030BDF5
:10B8500000230DF107008DF80730F9F77DF8084B4C
:10B860001D7915B901221C601A719DF80700F9F7BE
:10B8700097F8002DE9D01120E8E700BF0020004034
:10B8800010730120034B984201BF034B00221A6042
:10B890001A717047002000401073012081F00041B0
:10B8A00002E000BF83F0004330B54FEA41044FEAA5
:10B8B000430594EA050F08BF90EA020F1FBF54EA40
:10B8C000000C55EA020C7FEA645C7FEA655C00F0DC
:10B8D000E2804FEA5454D4EB5555B8BF6D420CDDAD
:10B8E0002C4480EA020281EA030382EA000083EA30
:10B8F000010180EA020281EA0303362D88BF30BDD0
:10B9000011F0004F4FEA01314FF4801C4CEA113125
:10B9100002D0404261EB410113F0004F4FEA033384
:10B920004CEA133302D0524263EB430394EA050F0F
:10B9300000F0A780A4F10104D5F1200E0DDB02FA7E
:10B940000EFC22FA05F2801841F1000103FA0EF212
:10B95000801843FA05F359410EE0A5F120050EF1D8
:10B96000200E012A03FA0EFC28BF4CF0020C43FA09
:10B9700005F3C01851EBE37101F0004507D54FF016
:10B98000000EDCF1000C7EEB00006EEB0101B1F566
:10B99000801F1BD3B1F5001F0CD349085FEA3000AC
:10B9A0004FEA3C0C04F101044FEA445212F5800FB7
:10B9B00080F09A80BCF1004F08BF5FEA500C50F154
:10B9C000000041EB045141EA050130BD5FEA4C0C37
:10B9D000404141EB0101013C28BFB1F5801FE9D294
:10B9E00091F0000F04BF01460020B1FA81F308BFB7
:10B9F0002033A3F10B03B3F120020CDA0C3208DD83
:10BA000002F1140CC2F10C0201FA0CF021FA02F15D
:10BA10000CE002F11402D8BFC2F1200C01FA02F1CD
:10BA200020FA0CFCDCBF41EA0C019040E41AA2BFF2
:10BA300001EB0451294330BD6FEA04041F3C1CDABA
:10BA40000C340EDC04F11404C4F1200220FA04F0DA
:10BA500001FA02F340EA030021FA04F345EA030184
:10BA600030BDC4F10C04C4F1200220FA02F001FA46
:10BA700004F340EA0300294630BD21FA04F02946C8
:10BA800030BD94F0000F83F4801306BF81F4801161
:10BA90000134013D4EE77FEA645C18BF7FEA655CD4
:10BAA00029D094EA050F08BF90EA020F05D054EAA6
:10BAB000000C04BF1946104630BD91EA030F1EBFAB
:10BAC0000021002030BD5FEA545C05D140004941AF
:10BAD00028BF41F0004130BD14F580043CBF01F5A2
:10BAE000801130BD01F0004545F0FE4141F4700188
:10BAF0004FF0000030BD7FEA645C1ABF1946104663
:10BB00007FEA655C1CBF0B46024650EA013406BF63
:10BB100052EA033591EA030F41F4002130BD00BF22
:10BB200090F0000F04BF0021704730B54FF48064DF
:10BB300004F132044FF000054FF0000150E700BF60
:10BB400090F0000F04BF0021704730B54FF48064BF
:10BB500004F1320410F0004548BF40424FF00001AC
:10BB60003EE700BF42004FEAE2014FEA31014FEAEF
:10BB700002701FBF12F07F4393F07F4F81F060513E
:10BB8000704732F07F4208BF704793F07F4F04BF89
:10BB900041F40021704730B54FF4607401F0004566
:10BBA00021F000411CE700BF50EA010208BF7047C6
:10BBB00030B54FF000050AE050EA010208BF7047B7
:10BBC00030B511F0004502D5404261EB41014FF420
:10BBD000806404F132045FEA915C3FF4D8AE4FF028
:10BBE00003025FEADC0C18BF03325FEADC0C18BF0B
:10BBF000033202EBDC02C2F1200300FA03FC20FA5C
:10BC000002F001FA03FE40EA0E0021FA02F11444A8
:10BC1000BDE600BF70B54FF0FF0C4CF4E06C1CEAC1
:10BC200011541DBF1CEA135594EA0C0F95EA0C0F32
:10BC300000F0DEF82C4481EA030621EA4C5123EAA5
:10BC40004C5350EA013518BF52EA033541F48011D4
:10BC500043F4801338D0A0FB02CE4FF00005E1FB87
:10BC600002E506F00042E0FB03E54FF00006E1FBD1
:10BC700003569CF0000F18BF4EF0010EA4F1FF0414
:10BC8000B6F5007F64F5407404D25FEA4E0E6D4154
:10BC900046EB060642EAC62141EA55514FEAC52065
:10BCA00040EA5E504FEACE2EB4F1FD0C88BFBCF5E1
:10BCB000E06F1ED8BEF1004F08BF5FEA500E50F192
:10BCC000000041EB045170BD06F0004646EA010158
:10BCD00040EA020081EA0301B4EB5C04C2BFD4EB8A
:10BCE0000C0541EA045170BD41F480114FF0000E83
:10BCF000013C00F3AB8014F1360FDEBF002001F0F1
:10BD0000004170BDC4F10004203C35DA0C341BDC6A
:10BD100004F11404C4F1200500FA05F320FA04F03C
:10BD200001FA05F240EA020001F0004221F0004170
:10BD300010EBD37021FA04F642EB06015EEA430EE3
:10BD400008BF20EAD37070BDC4F10C04C4F1200513
:10BD500000FA04F320FA05F001FA04F240EA0200C6
:10BD600001F0004110EBD37041F100015EEA430E97
:10BD700008BF20EAD37070BDC4F1200500FA05F2B7
:10BD80004EEA020E20FA04F301FA05F243EA020336
:10BD900021FA04F001F0004121FA04F220EA020045
:10BDA00000EBD3705EEA430E08BF20EAD37070BD8B
:10BDB00094F0000F0FD101F00046400041EB01016B
:10BDC00011F4801F08BF013CF7D041EA060195F04D
:10BDD000000F18BF704703F00046520043EB030307
:10BDE00013F4801F08BF013DF7D043EA06037047F4
:10BDF00094EA0C0F0CEA135518BF95EA0C0F0CD0FF
:10BE000050EA410618BF52EA4306D1D181EA030144
:10BE100001F000414FF0000070BD50EA410606BF3E
:10BE20001046194652EA430619D094EA0C0F02D183
:10BE300050EA013613D195EA0C0F05D152EA0336C8
:10BE40001CBF104619460AD181EA030101F00041E6
:10BE500041F0FE4141F470014FF0000070BD41F02F
:10BE6000FE4141F4780170BD70B54FF0FF0C4CF409
:10BE7000E06C1CEA11541DBF1CEA135594EA0C0F28
:10BE800095EA0C0F00F0A7F8A4EB050481EA030E75
:10BE900052EA03354FEA013100F088804FEA03335C
:10BEA0004FF0805545EA131343EA12634FEA02222A
:10BEB00045EA111545EA10654FEA00260EF00041EB
:10BEC0009D4208BF964244F1FD0404F5407402D23D
:10BED0005B084FEA3202B61A65EB03055B084FEACE
:10BEE00032024FF480104FF4002CB6EB020E75EBCB
:10BEF000030E22BFB61A754640EA0C005B084FEAF3
:10BF00003202B6EB020E75EB030E22BFB61A75466F
:10BF100040EA5C005B084FEA3202B6EB020E75EBBA
:10BF2000030E22BFB61A754640EA9C005B084FEA32
:10BF30003202B6EB020E75EB030E22BFB61A75463F
:10BF400040EADC0055EA060E18D04FEA051545EA2E
:10BF500016754FEA06164FEAC30343EA52734FEAD7
:10BF6000C2025FEA1C1CC0D111F4801F0BD141EA50
:10BF700000014FF000004FF0004CB6E711F4801FB5
:10BF800004BF01430020B4F1FD0C88BFBCF5E06F95
:10BF90003FF6AFAEB5EB030C04BFB6EB020C5FEAA5
:10BFA000500C50F1000041EB045170BD0EF0004EFA
:10BFB0004EEA113114EB5C04C2BFD4EB0C0541EA2C
:10BFC000045170BD41F480114FF0000E013C90E629
:10BFD00045EA060E8DE60CEA135594EA0C0F08BFED
:10BFE00095EA0C0F3FF43BAF94EA0C0F0AD150EAEC
:10BFF00001347FF434AF95EA0C0F7FF425AF10467F
:10C0000019462CE795EA0C0F06D152EA03353FF4A6
:10C01000FDAE1046194622E750EA410618BF52EA23
:10C0200043067FF4C5AE50EA41047FF40DAF52EAF7
:10C0300043057FF4EBAE12E74FF0FF3C06E000BF94
:10C040004FF0010C02E000BF4FF0010C4DF804CDA1
:10C050004FEA410C7FEA6C5C4FEA430C18BF7FEA61
:10C060006C5C1BD001B050EA410C0CBF52EA430C8F
:10C0700091EA030F02BF90EA020F0020704710F10F
:10C08000000F91EA030F58BF994208BF90422CBF9E
:10C09000D8176FEAE37040F0010070474FEA410C97
:10C0A0007FEA6C5C02D150EA013C07D14FEA430CB5
:10C0B0007FEA6C5CD6D152EA033CD3D05DF8040B26
:10C0C000704700BF8446104662468C461946634658
:10C0D00000E000BF01B5FFF7B7FF002848BF10F12F
:10C0E000000F01BD4DF808EDFFF7F4FF0CBF012074
:10C0F00000205DF808FB00BF4DF808EDFFF7EAFFF0
:10C1000034BF012000205DF808FB00BF4DF808EDAA
:10C11000FFF7E0FF94BF012000205DF808FB00BF9F
:10C120004DF808EDFFF7CEFF94BF012000205DF829
:10C1300008FB00BF4DF808EDFFF7C4FF34BF012036
:10C1400000205DF808FB00BF4FEA410C7FEA6C5C01
:10C1500002D150EA013C0AD14FEA430C7FEA6C5C01
:10C1600002D152EA033C02D14FF0000070474FF079
:10C17000010070474FEA410212F5001215D211D5A5
:10C180006FF47873B3EB625212D94FEAC12343F0D4
:10C19000004343EA505311F0004F23FA02F018BF56
:10C1A000404270474FF00000704750EA013005D11F
:10C1B00011F0004008BF6FF0004070474FF00000E2
:10C1C000704700BF4FEA4102B2F1E04324BFB3F52C
:10C1D000001CDCF1FE5C0DD901F0004C4FEAC002FE
:10C1E0004CEA5070B2F1004F40EB830008BF20F0E2
:10C1F0000100704711F0804F21D113F13872BCBF9C
:10C2000001F00040704741F480114FEA5252C2F1F0
:10C210001802C2F1200C10FA0CF320FA02F018BF39
:10C2200040F001004FEAC1234FEAD32303FA0CFC8C
:10C2300040EA0C0023FA02F34FEA4303CCE77FEA1B
:10C24000625307D150EA01331EBF4FF0FE4040F465
:10C250004000704701F0004040F0FE4040F4000014
:10C26000704700BF7BB972B90029BEBF00204FF0F4
:10C27000004106E008BF00281CBF6FF000414FF0EE
:10C28000FF3000F0BFB9ADF1080C6DE904CE002914
:10C2900009DB002B1ADB00F04DF8DDF804E0DDE9E6
:10C2A000022304B07047404261EB4101002B1BDBCD
:10C2B00000F040F8DDF804E0DDE9022304B040427C
:10C2C00061EB4101524263EB43037047524263EB1F
:10C2D000430300F02FF8DDF804E0DDE9022304B0A9
:10C2E000404261EB41017047524263EB430300F06F
:10C2F00021F8DDF804E0DDE9022304B0524263EBEB
:10C300004303704753B94AB9002908BF00281CBF2E
:10C310004FF0FF314FF0FF3000F074B9ADF1080C71
:10C320006DE904CE00F006F8DDF804E0DDE9022353
:10C3300004B070472DE9F047089D04468E46002B57
:10C340004DD18A42944669D9B2FA82F252B101FAC9
:10C3500002F3C2F1200120FA01F10CFA02FC41EAD9
:10C36000030E94404FEA1C48210CBEFBF8F61FFA5E
:10C370008CF708FB16E341EA034306FB07F19942F9
:10C380000AD91CEB030306F1FF3080F01F819942AC
:10C3900040F21C81023E63445B1AA4B2B3FBF8F086
:10C3A00008FB103344EA034400FB07F7A7420AD90D
:10C3B0001CEB040400F1FF3380F00A81A74240F235
:10C3C00007816444023840EA0640E41B00261DB1A0
:10C3D000D4400023C5E900433146BDE8F0878B42D5
:10C3E00009D9002D00F0EF800026C5E90001304694
:10C3F0003146BDE8F087B3FA83F6002E4AD18B426E
:10C4000002D3824200F2F980841A61EB0303012017
:10C410009E46002DE0D0C5E9004EDDE702B9FFDE03
:10C42000B2FA82F2002A40F09280A1EB0C014FEAAE
:10C430001C471FFA8CFE0126200CB1FBF7F307FB0B
:10C44000131140EA01410EFB03F0884208D91CEBAE
:10C45000010103F1FF3802D2884200F2CB8043464B
:10C46000091AA4B2B1FBF7F007FB101144EA01442A
:10C470000EFB00FEA64508D91CEB040400F1FF31B9
:10C4800002D2A64500F2BB800846A4EB0E0440EAA7
:10C4900003409CE7C6F12007B34022FA07FC4CEAB0
:10C4A000030C20FA07F401FA06F31C43F9404FEAA3
:10C4B0001C4900FA06F3B1FBF9F8200C1FFA8CFEB8
:10C4C00009FB181140EA014108FB0EF0884202FA0C
:10C4D00006F20BD91CEB010108F1FF3A80F08880CD
:10C4E000884240F28580A8F102086144091AA4B28A
:10C4F000B1FBF9F009FB101144EA014100FB0EFE0B
:10C500008E4508D91CEB010100F1FF346CD28E4539
:10C510006AD90238614440EA0840A0FB0294A1EBCA
:10C520000E01A142C846A64656D353D05DB1B3EB27
:10C53000080261EB0E0101FA07F722FA06F3F14057
:10C540001F43C5E9007100263146BDE8F087C2F1FE
:10C550002003D8400CFA02FC21FA03F39140014376
:10C560004FEA1C471FFA8CFEB3FBF7F007FB1036AF
:10C570000B0C43EA064300FB0EF69E4204FA02F45B
:10C5800008D91CEB030300F1FF382FD29E422DD9AE
:10C59000023863449B1B89B2B3FBF7F607FB1633E3
:10C5A00041EA034106FB0EF38B4208D91CEB010163
:10C5B00006F1FF3816D28B4214D9023E6144C91AE3
:10C5C00046EA004638E72E46284605E70646E3E6F3
:10C5D0001846F8E64B45A9D2B9EB020864EB0C0EFD
:10C5E0000138A3E74646EAE7204694E74046D1E70C
:10C5F000D0467BE7023B614432E7304609E76444BA
:10C60000023842E7704700BF024B0A4601461868ED
:10C61000EBF7B4BC24440020F8B500BFF8BC08BC5C
:10C620009E467047F8B500BFF8BC08BC9E467047F0
:10C630005557422D416E63686F722D31003D3D3D6F
:10C6400020416E63686F7220256420537461727498
:10C65000696E67203D3D3D00446576696365204E07
:10C66000616D653A202573004170706C6963617477
:10C67000696F6E3A20257300424F4152443A20259B
:10C6800073004F533A2025730056657273696F6EBD
:10C690003A202573004D41433A202573002F5573EE
:10C6A0006572732F6A6572656E69656D692F446F77
:10C6B00063756D656E74732F4457335F514D33331B
:10C6C0005F53444B5F312E312E312F53444B2F4655
:10C6D00069726D776172652F50726F6A65637473EA
:10C6E0002F4672656552544F532F51414E492F4387
:10C6F0006F6D6D6F6E2F7372632F6D61696E2E6338
:10C7000000312E312E30007874616C5F7472696D67
:10C7100000616E74302E6368352E70675F636F75CD
:10C720006E7400616E74302E6368392E70675F63BB
:10C730006F756E7400616E745F736574302E7478FB
:10C740005F706F7765725F636F6E74726F6C00619C
:10C750006E74302E7472616E7363656976657200F3
:10C76000616E74302E706F727400616E74302E635F
:10C7700068352E616E745F64656C617900616E74FA
:10C78000302E6368352E7265665F6672616D653046
:10C790002E74785F706F7765725F696E646578007C
:10C7A0002F55736572732F6A6572656E69656D6961
:10C7B0002F446F63756D656E74732F4457335F51EB
:10C7C0004D33335F53444B5F312E312E312F534461
:10C7D0004B2F4669726D776172652F5372632F4CD0
:10C7E0006F676765722F6C6F675F70726F636573D9
:10C7F00073696E672E63004C6F67676572007065C2
:10C800007273697374656E745F74696D653A2069DB
:10C810006E697469616C697A6174696F6E206661B2
:10C82000696C656420666F722069642025642E003F
:10C83000000007000000496E76616C696420525464
:10C840004320696E7374616E636520696478202586
:10C8500064004E6F2049525120636F6E66696775A0
:10C86000726174696F6E2072657175657374656449
:10C87000004E6F7420612076616C696420706F6C6B
:10C8800061726974792076616C75652C206E6F72A7
:10C8900020726973696E672C2066616C6C696E67C3
:10C8A000206F7220626F7468004E6F2063616C6C41
:10C8B0006261636B206461746120666F722051470E
:10C8C00050494F2070696E2025642C2063616C6C88
:10C8D00020716770696F5F70696E5F6972715F73F5
:10C8E00065745F63616C6C6261636B2829005147FA
:10C8F00050494F206E6F206D6F72652061766169BF
:10C900006C61626C6520686F6C64657220666F7222
:10C910002063616C6C6261636B2C20636865636B80
:10C9200020434F4E4649475F5148414C5F4D415867
:10C930005F4750494F5F43414C4C4241434B532E5C
:10C9400000030002020002010002000000000000DB
:10C950000338FDD870470000012F55736572732F9F
:10C960006A6572656E69656D692F446F63756D6583
:10C970006E74732F4457335F514D33335F53444BC1
:10C980005F312E312E312F53444B2F4669726D7714
:10C990006172652F5372632F48414C2F5372632F7E
:10C9A0006E7266782F48414C5F7761746368646F7C
:10C9B000672E630001000000D007000007000000A0
:10C9C000FDD00100F1D00100712D3E6D61676963FA
:10C9D000203D3D2030784445414444454144002FAA
:10C9E00055736572732F6A6572656E69656D692F1F
:10C9F000446F63756D656E74732F4457335F514D8B
:10CA000033335F53444B5F312E312E312F53444B20
:10CA10002F4669726D776172652F4C6962732F754D
:10CA200077622D737461636B2F6C6962732F716F02
:10CA300073616C2F7372632F716D616C6C6F632EF9
:10CA4000630071756F74615F6964203C204D454DD2
:10CA50005F51554F54415F49445F4D41580021712A
:10CA6000207C7C2028712D3E6D61676963203D3DEF
:10CA7000203078444541444445414429007169646B
:10CA8000203C204D454D5F51554F54415F49445F17
:10CA90004D4158007163616C6C6F635F71756F74A9
:10CAA0006100716D616C6C6F635F71756F746100B3
:10CAB000717265616C6C6F63007166726565002FE1
:10CAC00055736572732F6A6572656E69656D692F3E
:10CAD000446F63756D656E74732F4457335F514DAA
:10CAE00033335F53444B5F312E312E312F53444B40
:10CAF0002F4669726D776172652F5372632F436F92
:10CB00006D6D2F5372632F424C452F6E7266782FD6
:10CB1000626C652E63004661737420616476657291
:10CB2000746973696E672E00536C6F772061647649
:10CB30006572746973696E672E0049646C65206163
:10CB400064766572746973696E672E00436F6E6EEA
:10CB5000656374696F6E2030782578206573746121
:10CB6000626C69736865642E00446973636F6E6EEE
:10CB70006563746564004E6F7469666963617469A6
:10CB80006F6E20697320656E61626C6564004E6F24
:10CB900074696669636174696F6E20697320646982
:10CBA0007361626C6564004E6F20636F6E6E6563C7
:10CBB00074696F6E2064657465637465642079655B
:10CBC0007420666F72204E492E20496D706F73730A
:10CBD00069626C6520746F2073656E64206E6F747B
:10CBE000696669636174696F6E20746F20694F5361
:10CBF0002E00646174615F6C656E206D75737420C6
:10CC00006265206174206C6561737420312E20523E
:10CC1000657475726E2E0052657175657374206649
:10CC2000726F6D20756E6B6E6F776E2064657669BE
:10CC300063653A20256400417070207265717565E6
:10CC4000737473206163636573736F727920636FAC
:10CC50006E6669672064617461006E69715F706FF0
:10CC600070756C6174655F6163636573736F72790E
:10CC70005F7577625F636F6E6669675F6461746139
:10CC8000204661696C656400417070207265717541
:10CC90006573747320636F6E66696720616E6420CC
:10CCA00073746172740044617461206C656E2077E6
:10CCB000726F6E670050726F746F636F6C20766571
:10CCC0007273696F6E206E6F7420737570706F72FF
:10CCD00074656400537461727465640041707020FF
:10CCE00072657175657374732073746F7000446539
:10CCF0007669636520496E666F207265717565732C
:10CD00007465642E0044657669636520496E666FBC
:10CD1000206368616E6765642E00556E7375707070
:10CD20006F72746564206D65737361676520494433
:10CD30002E00556E6B6E6F776E2064657669636545
:10CD400020646973636F6E6E65637465643A202551
:10CD50006400556E6B6E6F776E20646576696365EF
:10CD600020636F6E6E65637465643A202564004CC1
:10CD7000696E6B20636F6E7465787420666F7220C5
:10CD800030782530325820636F6E6E656374696F3A
:10CD90006E2068616E646C6520636F756C64206ED4
:10CDA0006F7420626520666574636865642E005147
:10CDB0006F72766F00020012AC4202EBA1ED1161BE
:10CDC0006A0000932E42756666657220616C6C6F16
:10CDD000636174696F6E20746F6F20736D616C6C2A
:10CDE00020666F72204163636573736F72792043AD
:10CDF0006F6E66696720446174612E200A0D256498
:10CE000020627974657320616C6C6F636174656412
:10CE10002C202564206279746573206E65656465D5
:10CE2000642E00BA2D9C6873303386B24B1708000D
:10CE300000FE482833F57573804E9A2147EFD800DD
:10CE400000E8952573206661696C656420626563FE
:10CE500061757365207064735F696E697428292039
:10CE600072657475726E65642025732E00257320BB
:10CE70006661696C656420626563617573652070C5
:10CE800064625F696E697428292072657475726EB8
:10CE900065642025732E002573206661696C6564C6
:10CEA000206265636175736520736D5F696E697477
:10CEB00028292072657475726E65642025732E00B2
:10CEC0002573206661696C656420626563617573B2
:10CED0006520736D645F696E6974282920726574BA
:10CEE00075726E65642025732E0025732066616956
:10CEF0006C656420626563617573652067636D5F4F
:10CF0000696E697428292072657475726E65642073
:10CF100025732E002573206661696C656420626547
:10CF20006361757365206773636D5F696E697428EB
:10CF3000292072657475726E65642025732E004316
:10CF40006F756C64206E6F7420726574726569769B
:10CF5000652072616E6B732E207064625F70656510
:10CF6000725F646174615F6C6F616428292072650F
:10CF70007475726E65642025732E20706565725F0E
:10CF800069643A20256400436F756C64206E6F7489
:10CF9000207570646174652072616E6B2E20706400
:10CFA000625F7261775F73746F72652829207265A2
:10CFB0007475726E65642025732E20706565725FCE
:10CFC00069643A20256400706565725F6D616E6109
:10CFD0006765720001000600DC500020706D5F691B
:10CFE0006E6974002F55736572732F6A6572656E72
:10CFF00069656D692F446F63756D656E74732F4439
:10D0000057335F514D33335F53444B5F312E312ED5
:10D01000312F53444B2F4669726D776172652F53E0
:10D02000444B5F4253502F4E6F726469632F5344D9
:10D030004B5F31375F315F302F636F6D706F6E659F
:10D040006E74732F626C652F706565725F6D616EB3
:10D05000616765722F706565725F6D616E6167658E
:10D06000725F68616E646C65722E6300706D5F63E1
:10D070006F6E6E5F736563757265282920666169DE
:10D080006C6564206265636175736520616E205311
:10D090004D502074696D656F7574206973207072CE
:10D0A0006576656E74696E67207365637572697401
:10D0B00079206F6E20746865206C696E6B2E204439
:10D0C0006973636F6E6E656374696E6720636F6EFC
:10D0D0006E5F68616E646C652025642E0073645F0A
:10D0E000626C655F6761705F646973636F6E6E65C4
:10D0F000637428292072657475726E6564202573C7
:10D10000206F6E20636F6E6E5F68616E646C652069
:10D1100025642E00706D5F636F6E6E5F736563755F
:10D1200072652829206661696C65642062656361A7
:10D13000757365207468652073746F72656420640C
:10D1400061746120666F7220636F6E6E5F68616EDE
:10D15000646C6520256420646F6573206E6F742095
:10D160006861766520612076616C6964206B657901
:10D170002E00706D5F636F6E6E5F736563757265B1
:10D180002829206661696C65642062656361757336
:10D190006520636F6E6E5F68616E646C65202564E8
:10D1A000206973206E6F7420612076616C69642041
:10D1B000636F6E6E656374696F6E2E004173736585
:10D1C0007274696E672E20706D5F636F6E6E5F7331
:10D1D000656375726528292072657475726E656461
:10D1E000202573206F6E20636F6E6E5F68616E64C2
:10D1F0006C652025642E00417474656D7074696ED1
:10D200006720746F20636C65616E20666C61736863
:10D210002E0044656C6574696E67206C6F7765736A
:10D22000742072616E6B6564207065657220287071
:10D230006565725F69643A202564290054686572E7
:10D240006520617265206E6F207065657273207451
:10D250006F2064656C6574652E0050656572207280
:10D26000616E6B732066756E6374696F6E616C6955
:10D2700074792069732064697361626C65642C2021
:10D28000736F206E6F207065657273206172652008
:10D2900064656C657465642E00436F6E6E656374BF
:10D2A000696F6E20736563757265643A20726F6C86
:10D2B000653A2025732C20636F6E6E5F68616E6423
:10D2C0006C653A2025642C2070726F6365647572FA
:10D2D000653A20257300436F6E6E656374696F6EE7
:10D2E000207365637572697479206661696C656421
:10D2F0003A20726F6C653A2025732C20636F6E6E36
:10D300005F68616E646C653A20307825782C2070F7
:10D31000726F6365647572653A2025732C2065729F
:10D32000726F723A20256400466C617368207374D2
:10D330006F726167652069732066756C6C00556E4D
:10D34000657870656374656420666174616C2065DE
:10D3500072726F72206F636375727265643A2065D2
:10D3600072726F723A202573002C206E6F206368F2
:10D37000616E676500506565722064617461207537
:10D3800070646174656420696E20666C6173683ACC
:10D3900020706565725F69643A2025642C206461A1
:10D3A00074615F69643A2025732C20616374696F2E
:10D3B0006E3A202573257300506565722064617490
:10D3C000612075706461746564206661696C656470
:10D3D0003A20706565725F69643A2025642C206488
:10D3E0006174615F69643A2025732C2061637469FC
:10D3F0006F6E3A2025732C206572726F723A202569
:10D400007300506565722064656C65746564207393
:10D4100075636365737366756C6C793A20706565C6
:10D42000725F69643A202564005065657220646506
:10D430006C6574696F6E206661696C65643A207012
:10D440006565725F69643A2025642C206572726F8D
:10D45000723A20257300416C6C20706565727320F0
:10D4600064656C657465642E00416C6C2070656544
:10D47000722064656C6574696F6E206661696C65A5
:10D48000643A206572726F723A202573004C6F63A4
:10D49000616C20444220636F756C64206E6F742051
:10D4A0006265206170706C6965643A20636F6E6EAE
:10D4B0005F68616E646C653A2025642C2070656538
:10D4C000725F69643A20256400466C617368206766
:10D4D00061726261676520636F6C6C656374696F0C
:10D4E0006E206661696C6564207769746820657276
:10D4F000726F722025732E00556E657870656374A7
:10D50000656420504D206576656E742049443A204C
:10D51000307825782E00417373657274696E672EBA
:10D52000005570646174650044656C657465004FF6
:10D5300075746461746564202830290053657276BF
:10D54000696365206368616E6765642070656E64F9
:10D55000696E6720666C6167004F757464617465FD
:10D560006420283229004F75746461746564202832
:10D570003329004170706C69636174696F6E206457
:10D580006174610052656D6F7465206461746162DD
:10D5900061736500506565722072616E6B00426F49
:10D5A0006E64696E672064617461004C6F63616CC6
:10D5B0002064617461626173650043656E747261B9
:10D5C0006C2061646472657373207265736F6C752F
:10D5D00074696F6E00456E6372797074696F6E0066
:10D5E000426F6E64696E670050616972696E6700B0
:10D5F000496E76616C696420526F6C65005065728B
:10D600006970686572616C0043656E7472616C006C
:10D61000706565725F6D616E616765725F68616E8E
:10D62000646C65720000000021D5040028D5040058
:10D630002FD504003CD5040059D5040066D504005C
:10D6400073D5040084D5040094D504009ED504004D
:10D65000ABD50400BAD50400F0D50400FDD5040014
:10D6600008D60400D5D50400E0D50400E8D50400B0
:10D67000436F756C64206E6F7420636C65616E20FF
:10D680007570206166746572206661696C656420DE
:10D69000626F6E64696E672070726F636564757225
:10D6A000652E207064625F77726974655F6275666B
:10D6B0005F72656C65617365282920726574757287
:10D6C0006E65642025732E20636F6E6E5F68616ED9
:10D6D000646C653A2025642E00436F756C64206E7F
:10D6E0006F74206163717569726520636F6E6E5F20
:10D6F0007374617465207573657220666C616773FD
:10D700002E20496E63726561736520424C455F430C
:10D710004F4E4E5F53544154455F555345525F46FB
:10D720004C41475F434F554E5420696E20746865E5
:10D7300020626C655F636F6E6E5F737461746520E9
:10D740006D6F64756C652E00436F756C64206E6F31
:10D75000742072657472696576652052414D20624D
:10D76000756666657220666F7220696E636F6D699B
:10D770006E6720626F6E642E207064625F777269DC
:10D7800074655F6275665F676574282920726574C9
:10D7900075726E65642025732E20636F6E6E5F68F0
:10D7A000616E646C653A20256400696D5F626C652A
:10D7B0005F616464725F676574282920726574759F
:10D7C000726E65642025732E20636F6E6E5F6861D4
:10D7D0006E646C653A2025642E204C696E6B207750
:10D7E0006173206C696B656C7920646973636F6E1B
:10D7F0006E65637465642E0073645F626C655F6759
:10D8000061705F7365635F696E666F5F7265706C90
:10D810007928292072657475726E6564204E5246AF
:10D820005F45524F525F494E56414C49445F5354F5
:10D830004154452C20776869636820697320616EC4
:10D840006572726F7220756E6C6573732074686593
:10D85000206C696E6B20697320646973636F6E6EF0
:10D86000656374696E672E00436F756C64206E6F1C
:10D870007420636F6D706C65746520656E6372797A
:10D880007074696F6E2070726F6365647572652E57
:10D890002073645F626C655F6761705F7365635F6F
:10D8A000696E666F5F7265706C7928292072657485
:10D8B00075726E65642025732E20636F6E6E5F68CF
:10D8C000616E646C653A2025642C20706565725F1A
:10D8D00069643A2025642E0052414D2062756666C7
:10D8E000657220666F72206E657720626F6E6420AD
:10D8F00077617320756E617661696C61626C652E0B
:10D90000207064625F77726974655F6275665F67D5
:10D91000657428292072657475726E65642025739C
:10D920002E20636F6E6E5F68616E646C653A2025B1
:10D93000642E00436F756C64206E6F7420616C6C94
:10D940006F63617465206E657720706565725F69CD
:10D950006420666F7220696E636F6D696E67206206
:10D960006F6E642E00436F756C64206E6F7420734D
:10D97000746F726520626F6E642E207064625F77D0
:10D98000726974655F6275665F73746F726528296A
:10D990002072657475726E65642025732E20636F26
:10D9A0006E6E5F68616E646C653A2025642C207031
:10D9B0006565725F69643A20256400706565725F11
:10D9C0006D616E616765725F736D640043616E6E59
:10D9D0006F7420736563757265206C696E6B20626D
:10D9E00065636175736520612070726576696F7516
:10D9F000732073656375726974792070726F6365E3
:10DA00006475726520656E64656420696E20746952
:10DA10006D656F75742E20446973636F6E6E6563F8
:10DA20007420616E642072657472792E20736D6447
:10DA30005F706172616D735F7265706C7928292007
:10DA40006F7220736D645F6C696E6B5F7365637575
:10DA5000726528292072657475726E6564204E5255
:10DA6000465F4552524F525F54494D454F55542ED3
:10DA700020636F6E6E5F68616E646C653A2025642A
:10DA800000436F756C64206E6F7420706572666FF2
:10DA9000726D2073656375726974792070726F633B
:10DAA00065647572652E20736D645F706172616D5F
:10DAB000735F7265706C792829206F7220736D64B2
:10DAC0005F6C696E6B5F7365637572652829207280
:10DAD000657475726E65642025732E20636F6E6E9B
:10DAE0005F68616E646C653A20256400436F756CF5
:10DAF00064206E6F7420706572666F726D2073653E
:10DB00006375726974792070726F6365647572658C
:10DB10002E20736D645F6C696E6B5F7365637572E5
:10DB20006528292072657475726E65642025732ED0
:10DB300020636F6E6E5F68616E646C653A20256469
:10DB400000706565725F6D616E616765725F736DB0
:10DB5000002F55736572732F6A6572656E69656D06
:10DB6000692F446F63756D656E74732F4457335F0F
:10DB7000514D33335F53444B5F312E312E312F5390
:10DB8000444B2F4669726D776172652F53444B5F2A
:10DB90004253502F4E6F726469632F53444B5F3171
:10DBA000375F315F302F636F6D706F6E656E7473AA
:10DBB0002F626C652F636F6D6D6F6E2F626C655F8A
:10DBC000636F6E6E5F73746174652E63005570646D
:10DBD0006174696E672064617461206C656E67743E
:10DBE0006820746F202575206F6E20636F6E6E65E0
:10DBF0006374696F6E20307825782E0073645F62DD
:10DC00006C655F6761705F646174615F6C656E67AE
:10DC100074685F7570646174652829202872657165
:10DC20007565737429206F6E20636F6E6E65637403
:10DC3000696F6E20307825782072657475726E6514
:10DC4000642025732E0054686520726571756573B4
:10DC50007465642054582F5258207061636B65744A
:10DC6000206C656E67746820697320746F6F206C18
:10DC70006F6E672062792025752F2575206F63747C
:10DC80006574732E005468652072657175657374D0
:10DC9000656420636F6D62696E6174696F6E206F79
:10DCA0006620545820616E64205258207061636B66
:10DCB0006574206C656E6774687320697320746F77
:10DCC0006F206C6F6E67206279202575206D696307
:10DCD000726F7365636F6E64732E00415454204DF0
:10DCE0005455207570646174656420746F202575C7
:10DCF000206279746573206F6E20636F6E6E65634A
:10DD000074696F6E20307825782028726573706F83
:10DD10006E7365292E0050656572206F6E20636FEB
:10DD20006E6E656374696F6E203078257820726539
:10DD30007175657374656420616E20415454204D83
:10DD40005455206F662025752062797465732E0006
:10DD50005570646174696E6720415454204D545568
:10DD600020746F202575206279746573202864659E
:10DD700073697265643A20257529206F6E20636F80
:10DD80006E6E656374696F6E20307825782E00732F
:10DD9000645F626C655F67617474735F6578636804
:10DDA000616E67655F6D74755F7265706C79282947
:10DDB0002072657475726E65642025732E0044614F
:10DDC0007461206C656E6774682075706461746539
:10DDD0006420746F202575206F6E20636F6E6E65F2
:10DDE0006374696F6E2030782530782E006D61780D
:10DDF0005F72785F6F63746574733A202575006D88
:10DE000061785F74785F6F63746574733A20257509
:10DE1000006D61785F72785F74696D653A20257571
:10DE2000006D61785F74785F74696D653A2025755F
:10DE30000050656572206F6E20636F6E6E6563744F
:10DE4000696F6E20307825782072657175657374FE
:10DE5000656420612064617461206C656E6774681C
:10DE6000206F662025752062797465732E005265D7
:10DE70007175657374696E6720746F207570646165
:10DE8000746520415454204D545520746F202575DD
:10DE9000206279746573206F6E20636F6E6E6563A8
:10DEA00074696F6E203078257820287265747279D5
:10DEB000292E0073645F626C655F67617474635FD1
:10DEC00065786368616E67655F6D74755F726571B3
:10DED0007565737428292072657475726E65642087
:10DEE00025732E006E72665F626C655F6761747485
:10DEF00000546865206C6F63616C206461746162BA
:10DF000061736520686173206368616E6765642C66
:10DF100020736F20736F6D65207375627363726910
:10DF20007074696F6E7320746F206E6F74696669A8
:10DF3000636174696F6E7320616E6420696E6469D9
:10DF4000636174696F6E7320636F756C64206E6FAC
:10DF50007420626520726573746F72656420666FE9
:10DF60007220636F6E6E5F68616E646C65202564FD
:10DF7000006773636D5F6C6F63616C5F64625F63A6
:10DF8000616368655F6170706C79282920726574BF
:10DF900075726E65642025732077686963682073E5
:10DFA000686F756C64206E6F742068617070656E48
:10DFB0002E20636F6E6E5F68616E646C653A20251B
:10DFC00064006773636D5F736572766963655F6331
:10DFD00068616E6765645F696E645F73656E64280F
:10DFE000292072657475726E656420257320666FD2
:10DFF0007220636F6E6E5F68616E646C653A202597
:10E000006400466C6173682066756C6C2E20436FEB
:10E01000756C64206E6F742073746F726520646118
:10E02000746120666F7220636F6E6E5F68616E64EC
:10E030006C653A202564006773636D5F6C6F636184
:10E040006C5F64625F63616368655F75706461746F
:10E050006528292072657475726E656420257320A9
:10E06000666F7220636F6E6E5F68616E646C653A96
:10E070002025640043415220636861722076616C00
:10E08000756520636F756C646E27742062652073FC
:10E09000746F72656420286572726F723A202573FE
:10E0A000292E205265617474656D70742077696CD7
:10E0B0006C2068617070656E206F6E2074686520DA
:10E0C0006E65787420636F6E6E656374696F6E2E13
:10E0D00000556E65787065637465642047415454DB
:10E0E00020737461747573207768696C6520676547
:10E0F0007474696E672043415220636861722076B0
:10E10000616C75653A2030782578004D756C7469BE
:10E11000706C652028256429204341522063686182
:10E1200072616374657269737469637320666F7575
:10E130006E642C207573696E67207468652066694B
:10E140007273742E00556E65787065637465642013
:10E1500043415220636861726163746572697374CC
:10E1600069632076616C7565206C656E67746820E4
:10E17000282564292C2073746F726520302E00705E
:10E180006565725F6D616E616765725F67636D0083
:10E190000100FFFF00000000010000007064735FD9
:10E1A000706565725F646174615F73746F72652816
:10E1B000292072657475726E6564202573207768F6
:10E1C000696C652073746F72696E6720736572760F
:10E1D000696365206368616E676564737461746503
:10E1E00020666F7220706565722069642025642E38
:10E1F000007064625F706565725F646174615F7016
:10E2000074725F67657428292072657475726E6513
:10E210006420257320666F7220636F6E6E5F686185
:10E220006E646C653A2025640044696420616E6FF9
:10E230007468657220746872656164206D616E69CE
:10E2400070756C61746520504D5F504545525F4458
:10E250004154415F49445F474154545F4C4F4341EF
:10E260004C20666F7220706565725F69642025645A
:10E27000206174207468652073616D652074696D18
:10E28000653F207064625F77726974655F6275666E
:10E290005F72656C6561736528292072657475729B
:10E2A0006E65642025732E0073645F626C655F6722
:10E2B000617474735F7379735F617474725F736593
:10E2C0007428292072657475726E6564204E5246FA
:10E2D0005F4552524F525F494E56414C49445F444C
:10E2E00041544120666F72204E554C4C20706F692E
:10E2F0006E7465722077686963682073686F756CE7
:10E3000064206E657665722068617070656E2E207F
:10E31000636F6E6E5F68616E646C653A20256400A1
:10E3200073645F626C655F67617474735F696E6963
:10E330007469616C5F757365725F68616E646C654A
:10E340005F67657428292072657475726E65642034
:10E3500025732077686963682073686F756C642023
:10E360006E6F742068617070656E2E0070656572E6
:10E370005F6D616E616765725F6773636D0000005A
:10E380000100010090E304000100010094E3040097
:10E390000100000000000000706565725F6D616E35
:10E3A000616765725F696D00436F756C64206E6FA5
:10E3B000742064656C6574652070656572206461A5
:10E3C00074612E206664735F66696C655F64656C5A
:10E3D00065746528292072657475726E65642030D5
:10E3E00078257820666F7220706565725F69643A7F
:10E3F00020256400436F756C64206E6F7420696E15
:10E40000697469616C697A6520666C6173682073F0
:10E41000746F726167652E206664735F72656769E9
:10E420007374657228292072657475726E65642034
:10E43000307825782E00436F756C64206E6F7420E1
:10E44000696E697469616C697A6520666C6173686C
:10E450002073746F726167652E206664735F696EE6
:10E46000697428292072657475726E65642030782D
:10E4700025782E00436F756C64206E6F7420777260
:10E48000697465206461746120746F20666C6173C7
:10E49000682E206664735F7265636F72645F7B775A
:10E4A000726974657C7570646174657D2829207259
:10E4B000657475726E656420307825782E207065DD
:10E4C00065725F69643A20256400706565725F6DEE
:10E4D000616E616765725F70647300706D5F627515
:10E4E000666665725F7074725F6765742829206361
:10E4F0006F756C64206E6F742072657472696576D6
:10E50000652052414D206275666665722E20626CF0
:10E510006F636B5F69643A202564007064735F7099
:10E520006565725F646174615F73746F72652829D9
:10E530002072657475726E65642025732E20706577
:10E5400065725F69643A20256400536F6D652070C1
:10E55000656572206461746120776173206E6F74E9
:10E560002070726F7065726C79207772697474654F
:10E570006E20746F20666C6173682E2077726974E8
:10E58000655F6275665F73746F72652829207265B6
:10E590007475726E656420257320666F72207065D5
:10E5A00065725F69643A20256400504D5F425546AC
:10E5B0004645525F494E4954282920726574757248
:10E5C0006E65642025732E0043616E6E6F74207338
:10E5D000746F7265206461746120746F20666C6171
:10E5E0007368206265636175736520706D5F627525
:10E5F000666665725F7074725F6765742829206350
:10E600006F756C64206E6F742072657472696576C4
:10E61000652052414D206275666665722E204973F1
:10E6200020626C6F636B5F6964202564206E6F7479
:10E6300020616C6C6F63617465643F007064625F3D
:10E6400077726974655F6275665F72656C65617328
:10E650006528292072657475726E656420257320A3
:10E6600077686963682073686F756C64206E6F7477
:10E670002068617070656E2E20706565725F6964D8
:10E680003A2025642C20646174615F69643A202516
:10E6900064005065657220494420256420776173C9
:10E6A000206E6F742070726F7065726C7920726565
:10E6B0006C65617365642E207064735F706565724C
:10E6C0005F69645F6672656528292072657475727A
:10E6D0006E65642025732E20706565725F69643AEB
:10E6E00020256400706565725F6D616E616765729B
:10E6F0005F70646200457272004F6B007B22416E56
:10E7000063686F72223A25642C2022426C6F636B1F
:10E71000223A256C752C2022726573756C747322F5
:10E720003A5B002C007B2241646472223A223078EA
:10E7300025303478222C22537461747573223A2266
:10E74000257322002C22445F636D223A2564002C3D
:10E75000224C50446F415F646567223A25302E3267
:10E76000662C224C416F415F646567223A25302E4A
:10E7700032662C224C466F4D223A25642C2252419F
:10E780006F415F646567223A25302E326600596F0B
:10E79000752061726520696E2074686520736563F9
:10E7A00075726520627562626C652E00596F752006
:10E7B000617265206F7574206F66207468652073C0
:10E7C000656375726520627562626C652E007D00FE
:10E7D0005D004E6F7420656E6F756768206D656DA6
:10E7E0006F727900656E646C65737300666972613F
:10E7F0005F68656C7065725F6F70656E20666169D9
:10E800006C656400666972615F68656C7065725FF3
:10E810007365745F7363686564756C6572206661A7
:10E82000696C656400666972615F68656C706572C9
:10E830005F696E69745F73657373696F6E2066617B
:10E84000696C656400666972615F7365745F7365A6
:10E850007373696F6E5F706172616D6574657273F9
:10E86000206661696C656400666972615F68656CE9
:10E870007065725F6164645F636F6E74726F6C6504
:10E8800065206661696C6564007577626D61635FC0
:10E890007374617274206661696C65640066697284
:10E8A000615F68656C7065725F73746172745F73C9
:10E8B000657373696F6E206661696C656400416E93
:10E8C00063686F722025643A205557422072616E4A
:10E8D00067696E672073746172746564202873655C
:10E8E0007373696F6E5F69643D256C752900666995
:10E8F00072615F68656C7065725F73746F705F736F
:10E90000657373696F6E206661696C656400666922
:10E9100072615F68656C7065725F6465696E697469
:10E920005F73657373696F6E206661696C656400FF
:10E93000416E63686F722025643A205557422072F9
:10E94000616E67696E672073746F707065640046EE
:10E9500061696C656420746F20616C6C6F636174B5
:10E9600065206D656D6F727920666F722051616EE2
:10E9700069207461736B20737461636B00757762D7
:10E980005F737461636B5F696E6974206661696C43
:10E9900065640066616C7365002F55736572732F33
:10E9A0006A6572656E69656D692F446F63756D6523
:10E9B0006E74732F4457335F514D33335F53444B61
:10E9C0005F312E312E312F53444B2F4669726D77B4
:10E9D0006172652F50726F6A656374732F4672653A
:10E9E0006552544F532F51414E492F436F6D6D6FF8
:10E9F0006E2F7372632F666972612F666972615F31
:10EA00006E69712E630051616E69004661696C65C3
:10EA10006420746F206372656174652051616E6952
:10EA2000207461736B004661696C656420746F20AB
:10EA30006372656174652051616E69207369676EE8
:10EA4000616C0043726561746551616E69546173F4
:10EA50006B0066627300ED07A80D2BEB00F785AF26
:10EA60002627C96AE7C118504243CB2C3226B36728
:10EA70009DAA0F7E616C60FF5FFF60FF5DFF5DFF21
:10EA80005DFF5DFF5DFF5DFF5DFF5DFF5DFF5DFFA6
:10EA90005DFF5DFF5DFFFAFF6669726100000000C7
:10EAA00098EA040000000500434A0200374A0200C9
:10EAB0002D4A0200294A02001B4A0200174A02009E
:10EAC000134A02000F4A0200F14902006D49020098
:10EAD000ED490200B1490200AD4902009D49020022
:10EAE000914902005231322E372E302D3430352DDF
:10EAF00067623333633563343237320010200404E5
:10EB000008102000FF03FF07FF0F6C6C68775F6D34
:10EB100063707300776966695F636F65785F007221
:10EB20006573747269637465645F6368616E6E6552
:10EB30006C730072785F646961675F636F6E6669AA
:10EB4000672E6369725F00616C7465726E617465D3
:10EB50005F70756C73655F73686170650077696677
:10EB6000695F73775F63666700001000000018003C
:10EB7000010020000200300003004000040060009B
:10EB800005008000060000010700000208000004E4
:10EB9000090000080A0000100B00100018002000F7
:10EBA0003000400060008000000100020004000806
:10EBB000001008040810200408102000CB6902008F
:10EBC000A3690200B1760200516E02006970020072
:10EBD000117A0200376E0200496C020023690200BC
:10EBE000316802003D6A0200CD62020099670200AE
:10EBF000DD7502000D630200796B02003B6B0200C1
:10EC000015670200C9660200295602006D660200FF
:10EC10000F660200496302000000000065700200F8
:10EC2000D965020000000000D5650200D165020030
:10EC3000B9640200AF640200A764020069640200C4
:10EC4000456D0200000000008D6302006763020052
:10EC50000000000000000000536302004D6302004A
:10EC6000DEE66FF38BE86FF338EAB0F5E5EB47F7D4
:10EC700092ED69F83FEF59F9ECF02EFA99F2F1FABA
:10EC800045F4A7FBF2F553FC9FF7F9FC4CF99AFD0C
:10EC9000F9FA36FEA6FCD0FE53FE69FF0000000024
:10ECA000AD0197005A0330010705CA01B406660298
:10ECB000610807030E0AAD03BB0B5904670D0F056E
:10ECC000140FD205C110A7066E1297071B14B908BE
:10ECD000C815500A7517910C2219910CDEE601F740
:10ECE0008BE8FFF738EAD2F8E5EB8DF992ED38FAC8
:10ECF0003FEFD7FAECF06DFB99F2FCFB45F486FC94
:10ED0000F2F50CFD9FF78FFD4CF90FFEF9FA8DFE21
:10ED1000A6FC09FF53FE85FF00000000AD017B004B
:10ED20005A03F70007057301B406F1016108710287
:10ED30000E0AF402BB0B7A03670D0404140F93044C
:10ED4000C11029056E12C8051B147306C8152E07BD
:10ED5000751701082219FF0864656661756C7400F7
:10ED60000000000062726F6B656E000064ED0400CD
:10ED7000479502002F950200379502003795020053
:10ED80003995020037950200379502000000000017
:10ED90003B95020076656E646F72000094ED04008E
:10EDA0000000000000000000799602005796020063
:10EDB0003596020013960200F1950200D3950200E9
:10EDC000B59502006E6F7468696E6700C4ED04004B
:10EDD0000000000000000000000000000000000033
:10EDE000000000000000000000000000C9960200C2
:10EDF000C996020072785F776169745F74785F64A6
:10EE00006F6E6500E1EE04000000000000000000ED
:10EE100035970200000000000B9702000000000080
:10EE20000000000000000000A9970200F4ED0400BB
:10EE300000000000000000000000000000000000D2
:10EE4000000000001F97020000000000000000000A
:10EE50000997020047E90400779802003198020000
:10EE60002D9802002D9802002F9802002D98020084
:10EE70002D980200000000004398020074785F772C
:10EE800061636B00D9EE0400000000000000000088
:10EE9000000000000000000000000000799902005E
:10EEA0000000000000000000C99802007CEE040091
:10EEB0000000000000000000CB9802004999020009
:10EEC0007599020047990200000000000000000050
:10EED00045990200737465705F747800737465708F
:10EEE0005F727800DCEE040000000000000000000B
:10EEF000FD9C0200DB9C0200899C020000000000D7
:10EF00000000000000000000559D0200D4EE040047
:10EF100000000000000000000000000000000000F1
:10EF200000000000439C0200000000000000000000
:10EF30004D9A02006F6E5F64656D616E6400000043
:10EF40000000000085A3020041A5020011A50200F7
:10EF500000000000EDA402008DA3020091A40200B5
:10EF60002BA40200000000000000000000000000D0
:10EF7000000000000000000093A30200EFA30200C5
:10EF8000CBA30200A7A3020052EA040031AD0200A5
:10EF9000E7AC0200C9AB0200000000000000000066
:10EFA0000BAD02009BAC0200BFAC020000000000F1
:10EFB00005AC020079AC02001BAC020000000000AE
:10EFC000000000000000000003000000000000003E
:10EFD000000000000700000000000000000000002A
:10EFE0000800000000000000000000000000000019
:10EFF0000000000000000000000000000000000011
:10F000000000000000000000000000000000000000
:10F0100000000000000000000000000000000000F0
:10F0200000000000000000000000000000000000E0
:10F0300000000000070000000000000000000000C9
:10F0400008000000000000000000000001000000B7
:10F0500000000000000000000800000000000000A8
:10F0600000000000000000000000000000000000A0
:10F070000000000000000000000000000000000090
:10F08000000000000000000002000000000000007E
:10F090000000000000000000000000000000000070
:10F0A0000000000000000000000000000000000060
:10F0B000000000000000000001000000000000004F
:10F0C0000000000000000000000000000000000040
:10F0D000030000000000000000000000000000002D
:10F0E0000000000000000000000000000000000020
:10F0F000000000000400000000000000000000000C
:10F1000007000000000000000000000065B80200D9
:10F1100021B6020000000000F5B80200FDB80200B0
:10F12000A5B802000000AF05320B8C10C015CF1A35
:10F13000BC1F88243529C42D37329036CF3AF53E8E
:10F140000443FD46E04AAF4E6A521256A8592C5D60
:10F15000A060046457679C6AD26DFA7015742277B8
:10F16000237A187D0080202121222324242526278C
:10F170002829292A2B2C2D2E2F30313234353637A1
:10F1800038393B3C3D3F2E636800442107007F0037
:10F19000776966695F636F65785F6D6F6465007737
:10F1A0006966695F636F65785F74696D655F6761E4
:10F1B0007000776966695F636F65785F6D61785F1E
:10F1C0006772616E745F6475726174696F6E0077E7
:10F1D0006966695F636F65785F6D696E5F696E61AF
:10F1E00063746976655F6475726174696F6E0072CD
:10F1F000785F646961675F636F6E6669672E6369D4
:10F20000725F6E5F746170730072785F64696167CA
:10F210005F636F6E6669672E6369725F66705F74A5
:10F2200061705F6F66667365740072665F6E6F69AA
:10F2300073655F6F66667365740070646F615F6CA1
:10F2400075740064656275672E74785F706F77659A
:10F25000720064656275672E70615F656E61626CD5
:10F2600065640064656275672E706C6C5F626961CD
:10F27000735F7472696D0064656275672E72785F82
:10F280007365676D656E74006475616C5F72785F3D
:10F290006175746F2E616363756D5F706572696F00
:10F2A00064006475616C5F72785F6175746F2E7253
:10F2B0007373695F646966665F746872657300641E
:10F2C00075616C5F72785F6175746F2E6572726FB5
:10F2D000725F726174655F74687265730069705FF4
:10F2E0007374735F73616E6974795F746872657348
:10F2F0005F713200616E7400616E745F706169727B
:10F3000000616E745F736574006578706572696D15
:10F31000656E74616C2E6D61632E73657373696FB6
:10F320006E5F7363686564756C65722E6964002E28
:10F3300072785F616E7473002E74785F616E745FB3
:10F3400070617468002E6E625F72785F616E7473B4
:10F35000002E72785F616E74735F6172655F7061B9
:10F36000697273002E61786973002E616E745F702C
:10F3700061746873002E6578745F73775F63666786
:10F38000002E6C6E61002E7061002E64617461004D
:10F390002E7068795F636667002E7061796C6F61AB
:10F3A000645F73697A65002E776966695F636F656C
:10F3B000785F656E61626C6564002E706C6C5F6C6A
:10F3C0006F636B696E675F636F6465002E70646F57
:10F3D000612E6F6666736574002E70646F612E69AE
:10F3E0006E74657276616C5F7368696674002E7006
:10F3F000646F612E6C75745F6964002E7265665F60
:10F400006672616D65002E74785F627970617373E6
:10F410005F64656C61795F6F6666736574002E72F8
:10F42000785F6279706173735F64656C61795F6F37
:10F430006666736574002E70615F6761696E5F6FE9
:10F440006666736574002E70675F64656C61790031
:10F450002E727373695F6F66667365745F713300D4
:10F460002E6D61785F676174696E675F6761696E51
:10F470000000000007000000EC0300000000000096
:10F48000000000000100010000000000FFFFFF007D
:10F49000FFFFFFFFFF00FFFFFFFFFF00FFFFFFFF7A
:10F4A000FF00FFFFFFFFFF00FFFFFFFFFF00FFFF69
:10F4B000FFFFFF00FFFFFFFFFF00FFFF100008003E
:10F4C000FFF9000000000000000000000000000044
:10F4D000000000000000000000000000000000002C
:10F4E000000000000000000000000000000000001C
:10F4F000000000000000000000000000000000000C
:10F5000000000000000000000000000000000000FB
:10F5100000000000000000000000000000000000EB
:10F5200000000000000000000000000000000000DB
:10F5300000000000000000000000000000000000CB
:10F5400000000000000000000000000000000000BB
:10F5500000000000000000000000000000000000AB
:10F56000000000000000000000000000000000009B
:10F57000000000000000000000000000000000008B
:10F58000000000000000000000000000000000007B
:10F59000000000000000000000000000000000006B
:10F5A000000000000000000000000000000000005B
:10F5B000000000000000000000000000FDFDFDFD57
:10F5C0000004FF001E02320000000000FFFFFFFFEA
:10F5D00000000000FFFFFFFF00000000FFFFFFFF33
:10F5E00000000000FFFFFFFF00000000FFFFFFFF23
:10F5F00000000000FFFFFFFF00000000FFFFFFFF13
:10F6000000000000FFFFFFFF154000000000800029
:10F610003400000000000000FFFFFFFF00000000BA
:10F62000FFFFFFFF00000000FFFFFFFF00000000E2
:10F63000FFFFFFFF00000000FFFFFFFF00000000D2
:10F64000FFFFFFFF00000000FFFFFFFF00000000C2
:10F65000FFFFFFFF154000000000800034000000A5
:10F66000000F00000000000000000000FFFFFFFF8F
:10F6700000000000FFFFFFFF00000000FFFFFFFF92
:10F6800000000000FFFFFFFF00000000FFFFFFFF82
:10F6900000000000FFFFFFFF00000000FFFFFFFF72
:10F6A00000000000FFFFFFFF154000000000800089
:10F6B0003400000000000000FFFFFFFF000000001A
:10F6C000FFFFFFFF00000000FFFFFFFF0000000042
:10F6D000FFFFFFFF00000000FFFFFFFF0000000032
:10F6E000FFFFFFFF00000000FFFFFFFF0000000022
:10F6F000FFFFFFFF15400000000080003400000005
:10F70000000F00000000000000000000FFFFFFFFEE
:10F7100000000000FFFFFFFF00000000FFFFFFFFF1
:10F7200000000000FFFFFFFF00000000FFFFFFFFE1
:10F7300000000000FFFFFFFF00000000FFFFFFFFD1
:10F7400000000000FFFFFFFF1540000000008000E8
:10F750003400000000000000FFFFFFFF0000000079
:10F76000FFFFFFFF00000000FFFFFFFF00000000A1
:10F77000FFFFFFFF00000000FFFFFFFF0000000091
:10F78000FFFFFFFF00000000FFFFFFFF0000000081
:10F79000FFFFFFFF15400000000080003400000064
:10F7A000000F00000000000000000000FFFFFFFF4E
:10F7B00000000000FFFFFFFF00000000FFFFFFFF51
:10F7C00000000000FFFFFFFF00000000FFFFFFFF41
:10F7D00000000000FFFFFFFF00000000FFFFFFFF31
:10F7E00000000000FFFFFFFF154000000000800048
:10F7F0003400000000000000FFFFFFFF00000000D9
:10F80000FFFFFFFF00000000FFFFFFFF0000000000
:10F81000FFFFFFFF00000000FFFFFFFF00000000F0
:10F82000FFFFFFFF00000000FFFFFFFF00000000E0
:10F83000FFFFFFFF154000000000800034000000C3
:10F84000000F00000000000000FFFF0000000000AB
:10F85000FF0000000000FF00FFFFFFFF00000000AE
:10F860001FEB04000C00020000000000000000007C
:10F8700090F104000E0001000000000000000000F4
:10F880009FF104000F0001000000000000000000D4
:10F8900087F1040010000200020200002C43002047
:10F8A000B2F104001400010000000000000000009C
:10F8B000CFF104001500010000000000000000006E
:10F8C0005DEB0400160001000000000000000000D5
:10F8D00047EB0400170001000000000000000000DA
:10F8E000FCF3040018000600080200005C4300203E
:10F8F000EFF10400480002000000000000000000DA
:10F9000009F204004A0002000000000000000000AC
:10F9100007C704004C0001000000000000000000C8
:10F920002AF204004D000100000000000000000069
:10F930003AF204004E007C00020100004C4300201B
:10F9400043F2040048010400000000000000000031
:10F9500052F204004C010100000000000000000011
:10F9600063F204004D0101000000000000000000EF
:10F9700077F204004E0101000000000000000000CA
:10F9800088F20400500101000000000000000000A7
:10F99000A2F204005101010000000000000000007C
:10F9A000BFF204005201010000000000000000004E
:10F9B000DDF204005301010000000000000000001F
:10F9C000F4F204005401A000040600007C42002070
:10F9D000F8F20400D4031000010300004C420020A0
:10F9E00001F30400E403070001050000DC420020ED
:10F9F00009F30400EB030100000000000000000018
:10FA0000982F8A4291443771CFFBC0B5A5DBB5E989
:10FA10005BC25639F111F159A4823F92D55E1CABFD
:10FA200098AA07D8015B8312BE853124C37D0C558B
:10FA3000745DBE72FEB1DE80A706DC9B74F19BC1D3
:10FA4000C1699BE48647BEEFC69DC10FCCA10C24C3
:10FA50006F2CE92DAA84744ADCA9B05CDA88F976A7
:10FA600052513E986DC631A8C82703B0C77F59BF11
:10FA7000F30BE0C64791A7D55163CA06672929143D
:10FA8000850AB72738211B2EFC6D2C4D130D3853DA
:10FA900054730A65BB0A6A762EC9C281852C72929C
:10FAA000A1E8BFA24B661AA8708B4BC2A3516CC7CA
:10FAB00019E892D1240699D685350EF470A06A1003
:10FAC00016C1A419086C371E4C774827B5BCB03452
:10FAD000B30C1C394AAAD84E4FCA9C5BF36F2E68F0
:10FAE000EE828F746F63A5781478C8840802C78C7F
:10FAF000FAFFBE90EB6C50A4F7A3F9BEF27871C682
:10FB00000102040800000000000102040800212591
:10FB10002225212222537461746963545353746102
:10FB200074696354530044657241757468490044B4
:10FB30006572417574684B004465725061796C4B15
:10FB400000446174615072744B0050726976616355
:10FB5000794B00537473496E64496E0000000000D5
:10FB60000000000000000000030000000000000092
:10FB70000000000002000000000000000000000083
:10FB80000200000000000000000000000000000073
:10FB90000000000000000000010000000000000064
:10FBA0000000000002000000000000000000000053
:10FBB000090000000000000000000000000000003C
:10FBC0000000000000000000010300000000000031
:10FBD0000000010001030000000000000000080018
:10FBE000010300000000000000000A000103000003
:10FBF0000000000000000200020000000000000001
:10FC000000000000090000000000000000000000EB
:10FC100001010000000000000000020004000000DC
:10FC200000000000000000000300000000000000D1
:10FC300000000000030000000000000000000000C1
:10FC4000030000000000000000000000090009009F
:10FC5000000000000000000003030000000000009E
:10FC60000000FF0003000000000000000000000092
:10FC7000030000000000000000000000010300007D
:10FC80000000000000000100010100000000000071
:10FC90000100640001030000000000000000C70034
:10FCA000010300000000000000000200010300004A
:10FCB0000000000000000A00010100000000000038
:10FCC00001000F0002000000000000000000000022
:10FCD000010000000000000000000000010300001F
:10FCE0000000000000000100010000000000000012
:10FCF000000000000104000000000000B8430020E4
:10FD000001030000000000000000030001030000E8
:10FD100000000000000002000103000000000000DD
:10FD200000000100010300000000000000000400CA
:10FD300001030000000000000000040001030000B7
:10FD400000000000000003000103000000000000AC
:10FD5000000001000103000000000000000000009E
:10FD60000800000000000000000000000103000087
:10FD7000000000000000040003000000000000007C
:10FD80000000000009010000000000000200020065
:10FD90000901000000000000060006000900200024
:10FDA000000000000000000009002000000000002A
:10FDB000000000000103000000000000000001003E
:10FDC000010000000000000000000000010300002E
:10FDD0000000000000000F00010300000000000010
:10FDE000000001000103000000000000000001000D
:10FDF00003000000000000000000000001030000FC
:10FE000000000000000002000100000000000000EF
:10FE100000000000010000000000000000000000E1
:10FE200001030000000000000000070003040000C0
:10FE300000000000A84300200304000000000000B0
:10FE4000A84300200C0400000000000088430020AC
:10FE50000C04000000000000984300200B0100008B
:10FE60000000000000C000400B0100000000000086
:10FE700000C000400103000000000000000001007D
:10FE8000010000000000000000000000010300006D
:10FE9000000000000000010001030000000000005D
:10FEA000000001000103000000000000000001004C
:10FEB0000103000000000000000001000103000039
:10FEC000000000000000010001030000000000002D
:10FED000000001000103000000000000000001001C
:10FEE0000103000000000000000001000103000009
:10FEF00000000000000001000103000000000000FD
:10FF00000000010009000C000000000000000000DB
:10FF100001030000000000000000010001000000DB
:10FF200000000000000000000103000000000000CD
:10FF300000000000010300000000000000000100BC
:10FF400001030000000000000000010003000000A9
:10FF5000000000000000000003000000000000009E
:10FF6000000000000103000000000000000002008B
:10FF70000103000000000000000003000400000076
:10FF80000000000000000000010000000000000070
:10FF90000000000001000000000000000000000060
:10FFA000010300000000000000000100000000004C
:10FFB0000000000000000000010000000000000040
:10FFC0000000000001000000000000000000000030
:10FFD0000100000000000000000000000700000019
:10FFE0000000000000000000010000000000000010
:10FFF0000000000001000000000000000000000000
:020000025000AC
:1000000000000000000000000000000001000000EF
:1000100000000000000000000100000000000000DF
:10002000000000000204050603000000AB0403000A
:100030004B05030071070300AD050300E14C03000D
:10004000F50403004D040300090A03006549030099
:100050001D1A0300AB170300274B03006D4D03006F
:10006000D550030063040300EF51030000000000BB
:10007000000000000000000002000000000000007E
:10008000000000000300000000000000000000006D
:100090000900200000000000000000000726030007
:1000A000A3150300930D03007F0C0300A1100300B0
:1000B0008D1E0300251E030000000000A91D030083
:1000C000451E0300A31D030000000000A91E03003D
:1000D000E31D0300811D0300FF1F0300000000005B
:1000E0000000000000000000000000000000000010
:1000F0000726030000000000B91E0300F51F0300DF
:10010000731F030000000040110D9F37E01476328A
:10011000001B412E3020872AA6242827812814245A
:10012000E12B3821DB2E881E8631F31BD4338B194B
:10013000CF354F178A37301509392F13523A4B11E3
:10014000693B860F5B3CD10D253D370CC83DC20A8B
:100150004F3E6309BE3E1708163FE5065C3FC505E6
:10016000903FC404B73FD903D33F0503E63F4C0299
:10017000F33FA001FA3F1A01FE3FA3000040000038
:10018000000000402F02E83F5504A33F7A06313FAC
:10019000A608903EDA0ABE3D140DBB3C500F883BCA
:1001A0009011253ADA138D382716C5368218C434D3
:1001B000E81A8B32701D0230F51F4D2D8F22532A05
:1001C00045250A2717287023112B741F3F2E031B68
:1001D000B731FB15A5351710813A9B080040000088
:1001E000000000000200B50006003A010D00CE013B
:1001F000190080022B0047034500270468001905F9
:1002000097002506D5004C0724018B088401D909E5
:10021000FF014D0B8E02C90C38035A0E05040A105B
:10022000F704D3110B06AA1348079615B8089F17B1
:10023000570AB9192D0CEA1B440E371E9F109D203A
:100240003613102318169A2548193928D31CF32A77
:10025000BC20C52D0025A930AA29A333C62EB63649
:100260004C34DA395C3A1D3D00400040000000008B
:10027000CB220300C52203004D2203000000000032
:1002800058ED040055230300F5220300DD2203008E
:10029000000000000000000000000000000000005E
:1002A00029220300152303000000000000000000C5
:1002B000000000002C2066756E6374696F6E3A2032
:1002C00000617373657274696F6E2022257322203A
:1002D0006661696C65643A2066696C6520222573E5
:1002E000222C206C696E65202564257325730A0015
:1002F00028440020232D302B2000686C4C006566BC
:100300006745464700494E4600696E66004E414EBD
:10031000006E616E0030003031323334353637389C
:100320003941424344454600303132333435363763
:100330003839616263646566000020202020202037
:100340002020202828282828202020202020202085
:100350002020202020202020202088101010101085
:1003600010101010101010101010040404040404D5
:1003700004040404101010101010104141414141B8
:10038000410101010101010101010101010101011D
:1003900001010101011010101010104242424242AE
:1003A00042020202020202020202020202020202ED
:1003B00002020202021010101020000000000000D3
:1003C000000000000000000000000000000000002D
:1003D000000000000000000000000000000000001D
:1003E000000000000000000000000000000000000D
:1003F00000000000000000000000000000000000FD
:1004000000000000000000000000000000000000EC
:1004100000000000000000000000000000000000DC
:1004200000000000000000000000000000000000CC
:1004300000000000000000000000496E66696E695F
:100440007479004E614E005245454E54206D616CEA
:100450006C6F6320737563636565646564002F74F6
:100460006D702F6A656E6B696E732D4743432D3136
:10047000302D706970656C696E652D3333385F326D
:10048000303231313031385F313633343531363115
:1004900039352F7372632F6E65776C69622F6E65C5
:1004A000776C69622F6C6962632F7374646C696224
:1004B0002F64746F612E630042616C6C6F632073F4
:1004C00075636365656465640000000000000000FA
:1004D000000000000000000000000000000000001C
:1004E000000000000000000000000000000000000C
:1004F00000000000000000000000000000000000FC
:1005000000000000000000000000000000000000EB
:1005100000000000000000000000000000000000DB
:100520000000000000000000000000002F746D704B
:100530002F6A656E6B696E732D4743432D31302DE5
:10054000706970656C696E652D3333385F32303297
:1005500031313031385F3136333435313631393538
:100560002F7372632F6E65776C69622F6E65776C7F
:1005700069622F6C6962632F7374646C69622F6D9A
:10058000707265632E6300000080E03779C34143D9
:10059000176E05B5B5B89346F5F93FE9034F384DE9
:1005A000321D30F94877825A3CBF737FDD4F157595
:1005B000000000000000F03F0000000000002440A8
:1005C00000000000000059400000000000408F4083
:1005D000000000000088C34000000000006AF840EE
:1005E0000000000080842E4100000000D012634112
:1005F0000000000084D797410000000065CDCD4188
:10060000000000205FA00242000000E87648374268
:10061000000000A2941A6D42000040E59C30A24206
:100620000000901EC4BCD64200003426F56B0C437B
:100630000080E03779C3414300A0D8855734764322
:1006400000C84E676DC1AB43003D9160E458E14383
:10065000408CB5781DAF154450EFE2D6E41A4B44F8
:1006600092D54D06CFF08044F64AE1C7022DB5443D
:10067000B49DD9794378EA440500000019000000D0
:100680007D000000504F53495800556E6B6E6F77D8
:100690006E00524553504F4E44455200494E495406
:1006A0004941544F5200554E4943415354004F4E17
:1006B000455F544F5F4D414E5900456E61626C6518
:1006C000640044697361626C656400535031005387
:1006D0005033004E6F7420656E6F756768206D65CE
:1006E0006D6F72792E00466952612053657373698C
:1006F0006F6E20506172616D65746572733A207B14
:100700000D0A0053455353494F4E5F49443A202543
:100710006C752C0D0A004348414E4E454C5F4E55BA
:100720004D4245523A2025642C0D0A004445564955
:1007300043455F524F4C453A2025732C0D0A005219
:10074000414E47494E475F524F554E445F555341C6
:1007500047453A2025732C0D0A00534C4F545F44F3
:1007600055524154494F4E205B727374755D3A2067
:10077000256C752C0D0A0052414E47494E475F4487
:1007800055524154494F4E205B6D735D3A20256CA4
:10079000752C0D0A00534C4F54535F5045525F5215
:1007A000523A20256C752C0D0A004D554C54495F6A
:1007B0004E4F44455F4D4F44453A2025732C0D0A5A
:1007C00000484F5050494E475F4D4F44453A202511
:1007D000732C0D0A00524652414D455F434F4E4621
:1007E00049473A2025732C0D0A005346445F49447B
:1007F0003A2025642C0D0A00505245414D424C458B
:100800005F434F44455F494E4445583A2025642C88
:100810000D0A005354415449435F5354535F4956A2
:100820003A2022253032783A253032783A25303253
:10083000783A253032783A253032783A2530327895
:10084000222C0D0A0056454E444F525F49443A202F
:1008500022253032783A25303278222C0D0A004495
:1008600045564943455F4D41435F414444524553DA
:10087000533A203078253034582C0D0A0044535414
:100880005F4D41435F414444524553535B25645D92
:100890003A20307825303458004453545F4D41435A
:1008A0005F414444524553533A2030782530345800
:1008B0000D0A00466F756E6420756E6B6E6F776EF5
:1008C0002063686970203078253034582E205374A6
:1008D0006F702E0D0A00436F6E6669672069732082
:1008E0004E554C4C2E00525443206672657175650E
:1008F0006E63792063616E6E6F7420626520686933
:1009000067686572207468616E2025642E004F6EE2
:100910006C792032342D62697420776964746820A0
:10092000697320737570706F7274656420666F727E
:10093000205254432E004E6F206D6F7265206176F9
:1009400061696C61626C6520696E7374616E636568
:10095000732E20436865636B204E5246585F525495
:10096000435F454E41424C45445F434F554E542EE4
:100970000054696D6572206973204E554C4C2E00F1
:100980004E6F2074696D657220746F20737461728C
:100990007420666F722069642025642E004E6F20DB
:1009A00074696D657220746F2073746F7020666F48
:1009B000722069642025642E00717370695F7472FF
:1009C000616E736365697665206661696C65642034
:1009D00028256429002172002F55736572732F6AD0
:1009E0006572656E69656D692F446F63756D656EBF
:1009F00074732F4457335F514D33335F53444B5F10
:100A0000312E312E312F53444B2F4669726D776151
:100A100072652F4C6962732F7577622D73746163F1
:100A20006B2F6C6962732F71706C6174666F726D7D
:100A30002F716D33335F7168616C5F636F6D6D6FC4
:100A40006E2F7372632F71706C6174666F726D2E8E
:100A500063004661696C656420746F206F70656E19
:100A600020514D33332071737069004661696C65A4
:100A70006420746F20636F6E6669677572652051BC
:100A80004D33332071737069004661696C65642071
:100A9000746F2073657420514D33332053504920B7
:100AA0004952512063616C6C6261636B0071706CC0
:100AB0006174666F726D5F7577625F726561645FA6
:100AC0006972715F70696E5F76616C7565000000B8
:100AD000008000000702000002000000010000008A
:100AE00000000000030000000000000019000000EA
:100AF000000000000000000071776F726B71756577
:100B000075650049444C4500546D725100546D7236
:100B100020537663002F55736572732F6A65726573
:100B20006E69656D692F446F63756D656E74732FA3
:100B30004457335F514D33335F53444B5F312E3154
:100B40002E312F53444B2F4669726D776172652F9A
:100B500053444B5F4253502F4E6F726469632F535F
:100B6000444B5F31375F315F302F65787465726E4B
:100B7000616C2F6672656572746F732F706F72741B
:100B800061626C652F434D5349532F6E7266353247
:100B90002F706F72745F636D7369735F73797374B1
:100BA00069636B2E630000006C656E677468203C9F
:100BB0002028307833313030552900002F557365A7
:100BC00072732F6A6572656E69656D692F446F6314
:100BD000756D656E74732F4457335F514D33335FBA
:100BE00053444B5F312E312E312F53444B2F4669E6
:100BF000726D776172652F4C6962732F6477745FD1
:100C00007577625F6472697665722F64773330300E
:100C1000302F6477333030305F6465766963652EDA
:100C2000630000006D6F6465203D3D204457333004
:100C300030305F5350495F57525F424954000000C3
:100C40006D6F6465203D3D204457333030305F5335
:100C500050495F57525F424954207C7C206D6F643D
:100C600065203D3D204457333030305F5350495F5D
:100C700052445F424954207C7C206D6F6465203D66
:100C80003D204457333030305F5350495F414E442C
:100C90005F4F525F38207C7C206D6F6465203D3D46
:100CA000204457333030305F5350495F414E445FEA
:100CB0004F525F3136207C7C206D6F6465203D3D56
:100CC000204457333030305F5350495F414E445FCA
:100CD0004F525F333200000030203D3D2031000094
:100CE00044573358585800004457335858582044F4
:100CF000657669636520447269766572205665720F
:100D000073696F6E2030382E31392E30320000007A
:100D1000756C6C5F726561646163636461746100CA
:100D20006477745F786665723378787800000000C5
:100D30001203CADE0FFFFFFFE00C0500E80C050000
:100D4000900D05004C0D05000219080049350400FE
:100D5000E9AD030061390400413A0400293A040076
:100D6000F9390400113C04000000000039070400B8
:100D70000000000001DE0300A9B00300D1BF0300A2
:100D8000ADBB030059CD0300F913040001EF0300CC
:100D9000A10F040081D5030091FF0300BDFE0300F5
:100DA00001C70300A5B5030089D60300F1F70300CE
:100DB00059CD0300BDF3030095E40300F1B5030032
:100DC000F913040001EF0300D9AD03000000000493
:100DD00000060000FEDAC2B2A2968A82E1C5B1A185
:100DE00095898179524E4A615D42553E4D3A45366C
:100DF00041323D2E39352A3131262D5022294825C0
:100E00001E1E3C2121341D1D302C2C2C282828246A
:100E100024242020201C1C00FEE6D6C6BAB2A69EC2
:100E2000ED8EC9BD7E7A9D959189817D79755652E9
:100E300065614A465955513E4D493A453641323D24
:100E4000392E35352A3131262D4C29224425251EAF
:100E50003C212134341D1D302C2C28282824242406
:100E600024202020201C0000FEEEE2D6CAC2BAB226
:100E7000F9E99AD1C58AB5ADA59D95918985817D00
:100E80005E75716D5265615D594655514D3E493AE9
:100E90004536413D3239392E35583131502D2D48A6
:100EA0004440403C3C3C383834343030302C000036
:100EB000FEF2EADED6CEC6BEF9B2E5A69EC9C18E66
:100EC0008AADA57E7A76726E85817D625E5A6D5698
:100ED0005265615D4A465542514D3E493A4536415B
:100EE0003D32392E35355431312D2D48484440405E
:100EF0003C3C3C383834343030302C0000201D1C51
:100F000014120C0D0A0A0708060705060505040455
:100F100004040303030302030203020303020202A5
:100F200001020102010201010101010101010101AE
:100F3000010101010101010101010101000B0E127A
:100F40000F0F0A0C09090708060705060505040521
:100F50000404030403030303030302030302020262
:100F60000202010202020202010201020101010267
:100F7000010101010101010100010101200D050034
:100F8000D4020004A8050008500B0010A116002090
:100F900000070E091C1B1215383F363124232A2D59
:100FA00070777E796C6B6265484F464154535A5D49
:100FB000E0E7EEE9FCFBF2F5D8DFD6D1C4C3CACD39
:100FC00090979E998C8B8285A8AFA6A1B4B3BABD29
:100FD000C7C0C9CEDBDCD5D2FFF8F1F6E3E4EDEA19
:100FE000B7B0B9BEABACA5A28F88818693949D9A09
:100FF0002720292E3B3C35321F18111603040D0AF9
:101000005750595E4B4C45426F68616673747D7AE8
:10101000898E878095929B9CB1B6BFB8ADAAA3A4D8
:10102000F9FEF7F0E5E2EBECC1C6CFC8DDDAD3D4C8
:10103000696E676075727B7C51565F584D4A4344B8
:10104000191E171005020B0C21262F283D3A3334A8
:101050004E49404752555C5B7671787F6A6D646398
:101060003E39303722252C2B0601080F1A1D141388
:10107000AEA9A0A7B2B5BCBB9691989F8A8D848378
:10108000DED9D0D7C2C5CCCBE6E1E8EFFAFDF4F368
:101090000405160E636C6F636B004750494F54454F
:1010A000005254430057445400434C4F434B004EAE
:1010B00052465F53554343455353004E52465F4596
:1010C00052524F525F5356435F48414E444C455233
:1010D0005F4D495353494E47004E52465F45525269
:1010E0004F525F534F46544445564943455F4E4F18
:1010F000545F454E41424C4544004E52465F455276
:10110000524F525F494E5445524E414C004E52464A
:101110005F4552524F525F4E4F5F4D454D004E520C
:10112000465F4552524F525F4E4F545F464F554EA9
:1011300044004E52465F4552524F525F4E4F545FED
:10114000535550504F52544544004E52465F4552FD
:10115000524F525F494E56414C49445F50415241B3
:101160004D004E52465F4552524F525F494E5641D6
:101170004C49445F5354415445004E52465F4552DA
:10118000524F525F494E56414C49445F4C454E4781
:101190005448004E52465F4552524F525F494E5698
:1011A000414C49445F464C414753004E52465F45CF
:1011B00052524F525F494E56414C49445F4441544C
:1011C00041004E52465F4552524F525F4441544196
:1011D0005F53495A45004E52465F4552524F525F47
:1011E00054494D454F5554004E52465F4552524F5B
:1011F000525F4E554C4C004E52465F4552524F5234
:101200005F464F5242494444454E004E52465F4568
:1012100052524F525F494E56414C49445F414444FB
:1012200052004E52465F4552524F525F42555359FB
:10123000004E52465F4552524F525F434F4E4E5FF3
:10124000434F554E54004E52465F4552524F525FE7
:101250005245534F5552434553004E52465F4552F7
:10126000524F525F4D4F44554C455F4E4F545F496E
:101270004E495449414C495A4544004E52465F45F7
:1012800052524F525F4D555445585F494E49545F35
:101290004641494C4544004E52465F4552524F52DA
:1012A0005F4D555445585F4C4F434B5F4641494C49
:1012B0004544004E52465F4552524F525F4D555481
:1012C00045585F554E4C4F434B5F4641494C454452
:1012D000004E52465F4552524F525F4D555445584D
:1012E0005F434F4E445F494E49545F4641494C4528
:1012F00044004E52465F4552524F525F4D4F445547
:101300004C455F414C52454144595F494E4954490F
:10131000414C495A4544004E52465F4552524F5245
:101320005F53544F524147455F46554C4C004E5217
:10133000465F4552524F525F4150495F4E4F545F96
:10134000494D504C454D454E544544004E52465F24
:101350004552524F525F464541545552455F4E4F9C
:10136000545F454E41424C4544004E52465F455203
:10137000524F525F494F5F50454E44494E47004ED1
:1013800052465F4552524F525F4452565F5457493E
:101390005F4552525F4F56455252554E004E52468F
:1013A0005F4552524F525F4452565F5457495F4512
:1013B00052525F414E41434B004E52465F4552529E
:1013C0004F525F4452565F5457495F4552525F44F3
:1013D0004E41434B004E52465F4552524F525F4280
:1013E0004C455F495053505F52585F504B545F54C7
:1013F00052554E4341544544004E52465F45525269
:101400004F525F424C455F495053505F4348414EF5
:101410004E454C5F414C52454144595F45584953F4
:101420005453004E52465F4552524F525F424C4514
:101430005F495053505F4C494E4B5F444953434FB3
:101440004E4E4543544544004E52465F4552524F1E
:10145000525F424C455F495053505F504545525F83
:1014600052454A454354454400556E6B6E6F776E46
:10147000206572726F7220636F6465000000000067
:10148000AF10050001000000BB10050002000000C5
:10149000D910050003000000FA1005000400000048
:1014A0000D110500050000001E11050006000000DA
:1014B00032110500070000004A1105000800000075
:1014C00062110500090000007A1105000A00000001
:1014D000931105000B000000AB1105000C0000008B
:1014E000C21105000D000000D61105000E0000001D
:1014F000E81105000F000000F711050010000000C2
:101500000B1205001100000022120500120000005D
:101510003112050013000000461205008000000093
:101520005A120500810000007B12050082000000B5
:101530009712050083000000B3120500840000002C
:10154000D112050085000000F2120500860000009F
:1015500017130500900000002E13050091000000F5
:101560004C130500920000006A1305000082000081
:101570007F130500018200009D1305000282000018
:10158000B913050000840000D51305000184000094
:10159000F9130500028400002314050003840000F1
:1015A000481405000000FFFFDEC0ADDEFE011EF1A5
:1015B000DEC0ADDEFF011EF1705F66730025732093
:1015C000636865636B206661696C656420696E2081
:1015D0002573282920776974682076616C756520E9
:1015E000307825782E00705F66732D3E705F6170D5
:1015F0006900705F64657374006C656E006164649B
:10160000725F69735F616C69676E656433322873FA
:1016100072632900616464725F69735F77697468DB
:10162000696E5F626F756E647328705F66732C20DD
:101630007372632C206C656E2900705F7372630097
:1016400021286C656E202520705F66732D3E705FCB
:10165000666C6173685F696E666F2D3E70726F674E
:1016600072616D5F756E69742900616464725F698F
:10167000735F616C69676E65643332286465737487
:101680002900616464725F69735F616C69676E658C
:10169000643332282875696E7433325F7429705F41
:1016A0007372632900616464725F69735F77697440
:1016B00068696E5F626F756E647328705F66732C05
:1016C00020646573742C206C656E290061646472FB
:1016D0005F69735F706167655F616C69676E6564A0
:1016E00028705F66732C20706167655F6164647247
:1016F0002900616464725F69735F77697468696EF9
:101700005F626F756E647328705F66732C20706102
:1017100067655F616464722C20286C656E202A20E6
:10172000705F66732D3E705F666C6173685F696E93
:10173000666F2D3E65726173655F756E69742929E8
:10174000006E72665F6673746F72616765006E72B9
:10175000665F6673746F726167655F6572617365FA
:10176000006E72665F6673746F726167655F777231
:10177000697465006E72665F6673746F7261676527
:101780005F696E6974000000001000000400000032
:1017900001000000796B0400596B0400496B0400E0
:1017A0008D6D04003D6D04001D6B0400216B040071
:1017B000256B04002F55736572732F6A6572656E11
:1017C00069656D692F446F63756D656E74732F4421
:1017D00057335F514D33335F53444B5F312E312EBE
:1017E000312F53444B2F4669726D776172652F53C9
:1017F000444B5F4253502F4E6F726469632F5344C2
:101800004B5F31375F315F302F636F6D706F6E6587
:101810006E74732F736F66746465766963652F6386
:101820006F6D6D6F6E2F6E72665F7364682E6300EE
:101830006E72665F7364680001000007C4230500D0
:10184000CC23050008000000B4230500C4230500D4
:10185000080000009C230500B423050008000000D8
:101860002F55736572732F6A6572656E69656D6950
:101870002F446F63756D656E74732F4457335F51DA
:101880004D33335F53444B5F312E312E312F534450
:101890004B2F4669726D776172652F53444B5F42DF
:1018A00053502F4E6F726469632F53444B5F31372F
:1018B0005F315F302F636F6D706F6E656E74732F65
:1018C000736F66746465766963652F636F6D6D6FA2
:1018D0006E2F6E72665F7364685F626C652E630064
:1018E0006E72665F7364685F626C65004423050016
:1018F0008C23050008000000456E74657220736F2C
:1019000066746465766963655F7461736B2E00430A
:1019100072656174696E67206120536F66744465F7
:1019200076696365207461736B2E00424C450053E9
:101930006F6674446576696365207461736B206EAD
:101940006F7420637265617465642E002F55736532
:1019500072732F6A6572656E69656D692F446F6376
:10196000756D656E74732F4457335F514D33335F1C
:1019700053444B5F312E312E312F53444B2F466948
:10198000726D776172652F53444B5F4253502F4EF7
:101990006F726469632F53444B5F31375F315F303F
:1019A0002F636F6D706F6E656E74732F736F6674D7
:1019B0006465766963652F636F6D6D6F6E2F6E72F0
:1019C000665F7364685F6672656572746F732E63B9
:1019D000006E72665F7364685F6672656572746FCD
:1019E00073002F55736572732F6A6572656E696532
:1019F0006D692F446F63756D656E74732F44573333
:101A00005F514D33335F53444B5F312E312E312FB5
:101A100053444B2F4669726D776172652F53444B67
:101A20005F4253502F4E6F726469632F63757374F6
:101A30006F6D2F6E72665F7364685F736F632E6382
:101A4000006E72665F7364685F736F63000000000E
:101A50008C2305009C230500080000004261636B95
:101A6000656E647320666C75736865640061707080
:101A70000000000030460120FF0100003048012036
:101A80007274745F6C6F675F6261636B656E640034
:101A90000338FDD87047000041770400B177040097
:101AA0003D7704001B5B313B33316D0025734C6F78
:101AB00067732064726F707065642028256429251F
:101AC000730D0A001B5B306D005B253032643A25D4
:101AD0003032643A253032642E253033642C253080
:101AE00033645D20003C25733E2025733A2000209E
:101AF0002530327800202020007C002563001B5B0D
:101B0000313B33306D001B5B313B33326D001B5B6F
:101B1000313B33336D001B5B313B33346D001B5B5A
:101B2000313B33356D001B5B313B33366D001B5B46
:101B3000313B33376D006572726F72007761726E80
:101B4000696E6700696E666F0064656275670000A4
:101B5000C41A0500FE1A0500A41A0500061B05009C
:101B60000E1B0500161B05001E1B0500261B05008D
:101B70002E1B050000000000361B05003C1B050065
:101B8000441B0500491B05003031323334353637EC
:101B900038394142434445465465726D696E616C03
:101BA000005254540053454747455200000001007D
:101BB0000800800050000000378B0400038B0400F5
:101BC000B58A04000000000000000000478A0400FD
:101BD0001F8C04000800000150000000378B040037
:101BE000038B0400B58A0400000000000000000020
:101BF000478A04001F8C04000400800024010000B8
:101C0000378B0400038B0400B58A04000000000039
:101C100000000000478A0400ED8B040000008000F3
:101C2000378D0400AB8C0400BD8C04004145532D5E
:101C30003235362D43434D004145532D3139322D38
:101C400043434D004145532D3132382D43434D0020
:101C50004145532D3235362D585453004145532DAF
:101C60003132382D585453004145532D3235362DDD
:101C7000435452004145532D3139322D43545200C3
:101C80004145532D3132382D435452004145532D97
:101C90003235362D4F4642004145532D3139322DD4
:101CA0004F4642004145532D3132382D4F464200B8
:101CB0004145532D3235362D4346423132380041AD
:101CC00045532D3139322D4346423132380041459A
:101CD000532D3132382D434642313238004145537D
:101CE0002D3235362D434243004145532D31393293
:101CF0002D434243004145532D3132382D43424359
:101D0000004145532D3235362D4543420041455360
:101D10002D3139322D454342004145532D31323862
:101D20002D45434200000000050200008000000035
:101D3000F51C05001000000000000000100000006D
:101D4000581F05002B08000080000000441C0500FF
:101D50000C0000000100000010000000841F0500BE
:101D60000803000080000000CE1C050010000000E9
:101D70000000000010000000581F05000B050000C7
:101D800080000000801C0500100000000000000022
:101D900010000000581F0500020100008000000034
:101DA000191D0500000000000000000010000000E8
:101DB000581F05004304000080000000A41C05001B
:101DC000100000000000000010000000581F050077
:101DD00046090000000100005C1C05001000000026
:101DE000000000001000000058200500060200005E
:101DF000C0000000E91C0500100000000000000009
:101E000010000000581F05002C080000C000000052
:101E1000381C05000C00000001000000100000004C
:101E2000841F050009030000C0000000BF1C05005E
:101E3000100000000000000010000000581F050006
:101E40000C050000C0000000741C0500100000001C
:101E50000000000010000000581F050003010000F2
:101E6000C00000000D1D0500000000000000000083
:101E700010000000581F050044040000C0000000CE
:101E8000981C050010000000000000001000000079
:101E9000581F05000702000000010000DD1C0500BE
:101EA000100000000000000010000000581F050096
:101EB0002D080000000100002C1C05000C00000093
:101EC0000100000010000000841F05000A0300004C
:101ED00000010000B01C0500100000000000000020
:101EE00010000000581F05000D0500000001000053
:101EF000681C050010000000000000001000000039
:101F0000581F05000401000000010000011D05002C
:101F1000000000000000000010000000581F050035
:101F200045040000000100008C1C050010000000AA
:101F30000000000010000000581F050047090000C5
:101F400000020000501C050010000000000000000E
:101F50001000000058200500020000000BA804003B
:101F600007A8040003A80400FFA70400FBA70400BF
:101F700000000000F7A70400F3A70400DBA704009B
:101F8000C9A70400020000000000000000000000DB
:101F90000000000000000000000000000000000041
:101FA0007DA704007DA7040067A7040055A70400CF
:101FB00002000000981D0500030000005C1E0500E3
:101FC00004000000041F050005000000281D050096
:101FD00006000000EC1D050007000000941E05002F
:101FE00008000000601D050009000000241E050017
:101FF0000A000000CC1E050043000000B41D0500CF
:1020000044000000781E050045000000201F050068
:102010000B0000007C1D05000C000000401E0500A8
:102020000D000000E81E050046000000D01D050060
:10203000470000003C1F05002B000000441D050068
:102040002C000000081E05002D000000B01E050039
:10205000000000000000000002000000000000007E
:102060000000000000000000000000000000000070
:10207000A9A70400A3A704009FA7040087A7040042
:102080000FA80400534F46544445564943453A204F
:10209000415353455254494F4E204641494C4544C3
:1020A00000534F46544445564943453A20494E56FD
:1020B000414C4944204D454D4F52592041434345E1
:1020C000535300415353455254494F4E20464149C2
:1020D0004C45442061742025733A257500455252C1
:1020E0004F52202575205B25735D20617420257378
:1020F0003A25750D0A50432061743A203078253016
:10210000387800456E64206F66206572726F7220A9
:102110007265706F727400554E4B4E4F574E20468D
:1021200041554C5420617420307825303858007265
:102130006E67000106524E47004E6F206D6F72654C
:1021400020617661696C61626C6520696E7374618F
:102150006E6365732E20436865636B204E5246584C
:102160005F5350494D5F454E41424C45445F434F9C
:10217000554E542F4E5246585F535049535F454E6B
:1021800041424C45445F434F554E542E004E6F74B0
:10219000207265636F676E697A656420696E737417
:1021A000616E63652E004661696C656420746F2002
:1021B000636F6E66696775726520666F72206D6108
:1021C000737465722051535049004661696C6564AF
:1021D00020746F20636F6E66696775726520515356
:1021E00050490000020302015350494D0000000015
:1021F00071B4040081B4040091B40400505253003F
:10220000516F72766F204E656172627920496E74EB
:102210006572616374696F6E0044574D33303031BD
:1022200043444B004672656552544F530000000012
:0422300000000000AA
:10223400A9100500000000009A100500000000002D
:10224400FC2105000000000035210500000000000D
:10225400A110050000000000E821050000000000B6
:10226400A5100500000000006D1A0500000004041C
:102274009410050000000000E4DE040000000404E3
:102284004117050000000404301805000000030392
:10229400E018050000000000D11905000000040446
:1022A400411A050000000303C7CF04000000030324
:1022B4007FE10400000003036CE304000000030357
:1022C40010D604000000030398E304000000030395
:1022D400E4E6040000000303CAE40400000003036E
:1022E40041DB040000000303BBD904000000030326
:0822F4002F210500000000008D
:1022FC00981A050000000000801A050034460020E2
:10230C00BD870400B9870400858904007F89040017
:10231C00FC710120B8710120400000000100000098
:04232C0000000000AD
:1023300094310120FC350120103601209C31012010
:042340003800000061
:10234400DDFE0100000000001B060200684F0020B3
:102354005507020064500020C1E3010000000000A2
:102364001DFD0100000000001B0A02007C5000203B
:1023740001E1010064400020ADDD0100884000203F
:0823840045D701000000000034
:10238C00B94A040000000000F16C040000000000D9
:10239C00BD4B040000000000FD6C040000000000B8
:0823AC00DDAC0400000000009C
:1023B400E16F040000000000F97104000000000057
:0823C400356B0400000000006D
:0823CC00749EFC7F010000007B
:1023D4001DC40100004002402401040000400240EA
:1023E40024010400010000000300000000000000BC
:1023F40000000000060000000100000000000000D2
:102404000800000000000000000000001D000000A3
:10241400000000000000000000093D00030000006F
:1024240002010000FFFFFFFF002000000010000079
:10243400D08F020000000000000000000000000037
:1024440000000000000000008040002000000000A8
:1024540060500020010004000000000000000000A3
:10246400000000000000000000000000A440002064
:10247400000000007850002001000400FFFF00006D
:1024840001010000570400000200030100000000E5
:102494000000000064000000E04700006009000044
:1024A400090B00020304000001000000000000000A
:1024B4000500000000000000000000000101000011
:1024C40000000000000000001801FFFFFFFFFFFFF5
:1024D400FFFFFFFFFFFFFFFFFFFF18181818181872
:1024E400181801002A00000000000000000000008D
:1024F400A0EA0400000000000100000034EF040022
:10250400000000000000000013A102000FA102005F
:1025140000000000000000000000000059A20200BA
:10252400C9A1020054410020544100205C41002014
:102534005C41002064410020644100200000000050
:102544000000000088EF040001000000FBF3040019
:102554000000080008020000FC41002072C70400CB
:1025640040000400000000000000000006F4040025
:102574004400010000000000000000001EF40400FC
:1025840045000100000000000000000036F40400D3
:1025940046000100000000000000000019C704000C
:1025A40047000100000000000000000046F40400A1
:1025B40048000100000000000000000050F4040086
:1025C40049000100000000000000000090C7040062
:1025D40000000400000000000000000060F404009B
:1025E400040004000000000000000000CCF304001C
:1025F400000002000000000000000000D9F3040005
:10260400020002000000000000000000EEF30400DD
:1026140004000100000000000000000064F3040056
:102624000000010000000000000000006AF3040044
:1026340001000200000000000000000086F1040018
:1026440004000600020300001C42002086F104007E
:1026540000004C00020800007C41002053C7040025
:1026640098000100000000000000000064C704009E
:1026740099000100000000000000000075F3040050
:102684009A000100000000000000000081F3040033
:102694009B000100000000000000000086F304001D
:1026A4009C00010000000000000000002FF3040063
:1026B40000000300000000000000000038F30400E4
:1026C40003000100000000000000000045F30400C6
:1026D40004000100000000000000000051F30400A9
:1026E4000500010000000000000000003DC70400D8
:1026F400060001000000000000000000A7F3040031
:10270400000001000000000000000000BAF3040013
:102714000100010000000000000000008AF3040032
:1027240000007C00000000000000000090F30400A2
:1027340000000300000000000000000099F3040002
:1027440004000200000000000000000000C00700B8
:1027540000B00700000000000080FFFFFFFFFFFF44
:1027640000800000000000000080FFFFFFFFFFFF6B
:1027740000800000000000000000000000000000D5
:10278400FFFF00000000000009000000000000003E
:102794002000000000000000000000000000000015
:1027A4008002050058ED0400000000000000000055
:1027B400D1230300CD23030000000000000000002B
:1027C400000000008923030000000000E4E7040087
:1027D4000000000000000000D1230300CD2303000B
:1027E4000000000000000000000000008923030036
:1027F400000000002844002000000000EC04050054
:102804000C050500CC0405000000000000000000D9
:1028140000000000000000000000000000000000B4
:1028240000000000000000000000000000000000A4
:102834000000000000000000000000000000000094
:102844000000000000000000000000000000000084
:102854000000000000000000430000000000000031
:102864000000000000000000000000000000000064
:102874000000000000000000430000000000000011
:102884000000000000000000000000000000000044
:1028940000000000000000004300000000000000F1
:1028A4000000000000000000000000000000000024
:1028B40000000000000000004300000000000000D1
:1028C4000000000000000000000000000000000004
:1028D40000000000000000004300000000000000B1
:1028E40000000000000000000000000000000000E4
:1028F4000000000000000000430000000000000091
:1029040000000000000000000000000000000000C3
:102914000000000000000000430000000000000070
:1029240000000000000000000000000000000000A3
:102934000000000000000000C9860300598603005F
:10294400000000003903050014DD04005E080500E2
:102954005E0805005E0805005E0805005E080500C7
:102964005E0805005E0805005E0805005E080500B7
:10297400FFFFFFFFFFFFFFFFFFFFFFFFFFFF000061
:1029840001004153434949000000000000000000D9
:102994000000000000000000000000000000000033
:1029A40000004153434949000000000000000000BA
:1029B4000000000000000000000000000000000013
:1029C40000000000300D05000300000000000000BE
:1029D40000000000060000000100000000000000EC
:1029E4000800000000000000000000001D000000BE
:1029F400000000000000000000093D00030000008A
:102A04000201000000000000FF0000000090D0035D
:102A1400D156030009C604008977030025C20100CA
:042A240001C20100EA
:102A28000000000000000000316004000000000009
:042A3800000000009A
:102A40000000000000000000000000000000000086
:102A50000000000000000000000000000000000076
:102A60000000000000000000000000000000000066
:102A70000000000000000000000000000000000056
:102A80000000000000000000000000000000000046
:102A90000000000000000000000000000000000036
:102AA0000000000000000000000000000000000026
:102AB0000000000000000000000000000000000016
:102AC0000000000000000000000000000000000006
:102AD00000000000000000000000000000000000F6
:102AE00000000000000000000000000000000000E6
:102AF00000000000000000000000000000000000D6
:102B000000000000000000000000000000000000C5
:102B100000000000000000000000000000000000B5
:102B200000000000000000000000000000000000A5
:102B30000000000000000000000000000000000095
:102B40000000000000000000000000000000000085
:102B50000000000000000000000000000000000075
:102B60000000000000000000000000000000000065
:102B70000000000000000000000000000000000055
:102B80000000000000000000000000000000000045
:102B90000000000000000000000000000000000035
:102BA0000000000000000000000000000000000025
:102BB0000000000000000000000000000000000015
:102BC0000000000000000000000000000000000005
:102BD00000000000000000000000000000000000F5
:102BE00000000000000000000000000000000000E5
:102BF00000000000000000000000000000000000D5
:102C000000000000000000000000000000000000C4
:102C100000000000000000000000000000000000B4
:102C200000000000000000000000000000000000A4
:102C30000000000000000000000000000000000094
:102C40000000000000000000000000000000000084
:102C50000000000000000000000000000000000074
:082C600000000000000000006C
:04000003400082D562
:00000001FF
